# Utah Teapot Model
# Version: Custom
# Triangle Mesh Resolution: 8 (8452 faces)
o Utah Teapot

v -1.851563 2.249121 0
v -1.85142 2.239472 -0.09843751
v -1.851044 2.214034 -0.16875
v -1.850512 2.178069 -0.2109375
v -1.849902 2.136841 -0.225
v -1.849293 2.095613 -0.2109375
v -1.848761 2.059648 -0.16875
v -1.848385 2.03421 -0.09843751
v -1.848242 2.02456 0
v -2.15625 2.242969 0
v -2.152423 2.233452 -0.0984375
v -2.142334 2.208362 -0.16875
v -2.12807 2.17289 -0.2109375
v -2.111719 2.132227 -0.225
v -2.095367 2.091563 -0.2109375
v -2.081104 2.056091 -0.16875
v -2.071014 2.031001 -0.0984375
v -2.067188 2.021484 0
v -2.414063 2.22627 0
v -2.407256 2.217111 -0.0984375
v -2.389313 2.192967 -0.16875
v -2.363944 2.158833 -0.2109375
v -2.334863 2.119703 -0.225
v -2.305782 2.080572 -0.2109375
v -2.280414 2.046437 -0.16875
v -2.26247 2.022293 -0.0984375
v -2.255664 2.013135 0
v -2.625 2.19375 0
v -2.615869 2.18529 -0.0984375
v -2.591797 2.162988 -0.16875
v -2.557764 2.131458 -0.2109375
v -2.51875 2.095313 -0.225
v -2.479736 2.059167 -0.2109375
v -2.445703 2.027637 -0.16875
v -2.421631 2.005334 -0.0984375
v -2.4125 1.996875 0
v -2.789063 2.140137 0
v -2.778211 2.132829 -0.0984375
v -2.749603 2.113564 -0.16875
v -2.709157 2.086326 -0.2109375
v -2.662793 2.055102 -0.225
v -2.616428 2.023879 -0.2109375
v -2.575983 1.996642 -0.16875
v -2.547375 1.977376 -0.0984375
v -2.536523 1.970068 0
v -2.90625 2.060156 0
v -2.894232 2.054567 -0.0984375
v -2.862549 2.039832 -0.16875
v -2.817755 2.018999 -0.2109375
v -2.766407 1.995117 -0.225
v -2.715057 1.971236 -0.2109375
v -2.670264 1.950403 -0.16875
v -2.63858 1.935668 -0.0984375
v -2.626563 1.930078 0
v -2.976563 1.948535 0
v -2.963881 1.945344 -0.0984375
v -2.93045 1.936931 -0.16875
v -2.883186 1.925037 -0.2109375
v -2.829004 1.911402 -0.225
v -2.774822 1.897766 -0.2109375
v -2.727557 1.885872 -0.16875
v -2.694126 1.877459 -0.0984375
v -2.681445 1.874268 0
v -3 1.8 0
v -2.987109 1.8 -0.0984375
v -2.953125 1.8 -0.16875
v -2.905078 1.8 -0.2109375
v -2.85 1.8 -0.225
v -2.794922 1.8 -0.2109375
v -2.746875 1.8 -0.16875
v -2.712891 1.8 -0.0984375
v -2.7 1.8 0
v -1.602417 2.249744 0
v -1.596915 2.240102 -0.0984375
v -1.60433 2.214629 -0.16875
v -1.617181 2.190756 -0.1967005
v -1.623872 2.178595 -0.2109375
v -1.651872 2.137276 -0.225
v -1.68381 2.095954 -0.2109375
v -1.711668 2.062265 -0.1715092
v -1.713445 2.059908 -0.16875
v -1.736519 2.034413 -0.09843751
v -1.752657 2.02473 0
v -1.57958 2.252387 0
v -1.565497 2.262371 0
v -1.555444 2.283046 0
v -1.574257 2.242404 -0.09993815
v -1.560295 2.251802 -0.1031897
v -1.550233 2.27141 -0.1092761
v -1.581707 2.215133 -0.1725103
v -1.567785 2.222161 -0.1798634
v -1.557834 2.237994 -0.1932249
v -1.594377 2.188583 -0.2015839
v -1.580282 2.192293 -0.2114398
v -1.570727 2.203271 -0.2295727
v -1.600554 2.175044 -0.2161754
v -1.586333 2.177171 -0.2274367
v -1.57703 2.185677 -0.2480295
v -1.627001 2.128628 -0.2288493
v -1.612306 2.123505 -0.2421585
v -1.604935 2.121018 -0.2675695
v -1.656347 2.08446 -0.2108663
v -1.640924 2.071477 -0.2230353
v -1.636659 2.056348 -0.2482596
v -1.681496 2.051322 -0.1686826
v -1.665349 2.032677 -0.1773152
v -1.664248 2.007422 -0.197088
v -1.68307 2.049035 -0.165852
v -1.666927 2.029984 -0.1742489
v -1.666069 2.004037 -0.1935356
v -1.703964 2.025313 -0.09591947
v -1.687283 2.003082 -0.09974289
v -1.688811 1.970737 -0.1095003
v -1.719287 2.01639 0
v -1.702332 1.993359 0
v -1.704588 1.959176 0
v -1.85142 2.239472 0.09843751
v -1.851044 2.214034 0.16875
v -1.850512 2.178069 0.2109375
v -1.849902 2.136841 0.225
v -1.849293 2.095613 0.2109375
v -1.848761 2.059648 0.16875
v -1.848385 2.03421 0.09843751
v -2.152423 2.233452 0.0984375
v -2.142334 2.208362 0.16875
v -2.12807 2.17289 0.2109375
v -2.111719 2.132227 0.225
v -2.095367 2.091563 0.2109375
v -2.081104 2.056091 0.16875
v -2.071014 2.031001 0.0984375
v -2.407256 2.217111 0.0984375
v -2.389313 2.192967 0.16875
v -2.363944 2.158833 0.2109375
v -2.334863 2.119703 0.225
v -2.305782 2.080572 0.2109375
v -2.280414 2.046437 0.16875
v -2.26247 2.022293 0.0984375
v -2.615869 2.18529 0.0984375
v -2.591797 2.162988 0.16875
v -2.557764 2.131458 0.2109375
v -2.51875 2.095313 0.225
v -2.479736 2.059167 0.2109375
v -2.445703 2.027637 0.16875
v -2.421631 2.005334 0.0984375
v -2.778211 2.132829 0.0984375
v -2.749603 2.113564 0.16875
v -2.709157 2.086326 0.2109375
v -2.662793 2.055102 0.225
v -2.616428 2.023879 0.2109375
v -2.575983 1.996642 0.16875
v -2.547375 1.977376 0.0984375
v -2.894232 2.054567 0.0984375
v -2.862549 2.039832 0.16875
v -2.817755 2.018999 0.2109375
v -2.766407 1.995117 0.225
v -2.715057 1.971236 0.2109375
v -2.670264 1.950403 0.16875
v -2.63858 1.935668 0.0984375
v -2.963881 1.945344 0.0984375
v -2.93045 1.936931 0.16875
v -2.883186 1.925037 0.2109375
v -2.829004 1.911402 0.225
v -2.774822 1.897766 0.2109375
v -2.727557 1.885872 0.16875
v -2.694126 1.877459 0.0984375
v -2.987109 1.8 0.0984375
v -2.953125 1.8 0.16875
v -2.905078 1.8 0.2109375
v -2.85 1.8 0.225
v -2.794922 1.8 0.2109375
v -2.746875 1.8 0.16875
v -2.712891 1.8 0.0984375
v -1.596915 2.240102 0.0984375
v -1.60433 2.214629 0.16875
v -1.617181 2.190756 0.1967005
v -1.623872 2.178595 0.2109375
v -1.651872 2.137276 0.225
v -1.68381 2.095954 0.2109375
v -1.711668 2.062265 0.1715092
v -1.713445 2.059908 0.16875
v -1.736519 2.034413 0.09843751
v -1.574257 2.242404 0.09993815
v -1.560295 2.251802 0.1031897
v -1.550233 2.27141 0.1092761
v -1.581707 2.215133 0.1725103
v -1.567785 2.222161 0.1798634
v -1.557834 2.237994 0.1932249
v -1.594377 2.188583 0.2015839
v -1.580282 2.192293 0.2114398
v -1.570727 2.203271 0.2295727
v -1.600554 2.175044 0.2161754
v -1.586333 2.177171 0.2274367
v -1.57703 2.185677 0.2480295
v -1.627001 2.128628 0.2288493
v -1.612306 2.123505 0.2421585
v -1.604935 2.121018 0.2675695
v -1.656347 2.08446 0.2108663
v -1.640924 2.071477 0.2230353
v -1.636659 2.056348 0.2482596
v -1.681496 2.051322 0.1686826
v -1.665349 2.032677 0.1773152
v -1.664248 2.007422 0.197088
v -1.68307 2.049035 0.165852
v -1.666927 2.029984 0.1742489
v -1.666069 2.004037 0.1935356
v -1.703964 2.025313 0.09591947
v -1.687283 2.003082 0.09974289
v -1.688811 1.970737 0.1095003
v -2.983496 1.633081 0
v -2.970903 1.636213 -0.09843751
v -2.937705 1.644468 -0.16875
v -2.890768 1.65614 -0.2109375
v -2.836963 1.669519 -0.225
v -2.783158 1.682899 -0.2109375
v -2.736221 1.69457 -0.16875
v -2.703022 1.702826 -0.09843751
v -2.69043 1.705957 0
v -2.933594 1.470117 0
v -2.921878 1.47553 -0.0984375
v -2.890991 1.489801 -0.16875
v -2.847324 1.509977 -0.2109375
v -2.797266 1.533106 -0.225
v -2.747208 1.556234 -0.2109375
v -2.70354 1.57641 -0.16875
v -2.672653 1.590681 -0.0984375
v -2.660938 1.596094 0
v -2.849707 1.311548 0
v -2.839422 1.318601 -0.0984375
v -2.812308 1.337194 -0.16875
v -2.773973 1.363482 -0.2109375
v -2.73003 1.393616 -0.225
v -2.686085 1.42375 -0.2109375
v -2.647751 1.450037 -0.16875
v -2.620636 1.468631 -0.0984375
v -2.610352 1.475684 0
v -2.73125 1.157812 0
v -2.722925 1.16607 -0.0984375
v -2.700977 1.187842 -0.16875
v -2.669946 1.218622 -0.2109375
v -2.634375 1.253906 -0.225
v -2.598804 1.289191 -0.2109375
v -2.567773 1.319971 -0.16875
v -2.545825 1.341742 -0.0984375
v -2.5375 1.35 0
v -2.577637 1.009351 0
v -2.571775 1.018587 -0.0984375
v -2.55632 1.042939 -0.16875
v -2.534471 1.077367 -0.2109375
v -2.509424 1.116834 -0.225
v -2.484377 1.1563 -0.2109375
v -2.462528 1.190728 -0.16875
v -2.447073 1.21508 -0.0984375
v -2.441211 1.224316 0
v -2.388281 0.8666015 0
v -2.385361 0.8767982 -0.0984375
v -2.377661 0.9036804 -0.16875
v -2.366776 0.9416862 -0.2109375
v -2.354297 0.9852539 -0.225
v -2.341818 1.028821 -0.2109375
v -2.330933 1.066827 -0.16875
v -2.323233 1.093709 -0.0984375
v -2.320313 1.103906 0
v -2.162598 0.7300048 0
v -2.163072 0.7413503 -0.0984375
v -2.164322 0.7712608 -0.16875
v -2.166089 0.8135481 -0.2109375
v -2.168115 0.8620239 -0.225
v -2.170141 0.9104996 -0.2109375
v -2.171909 0.952787 -0.16875
v -2.173159 0.9826976 -0.0984375
v -2.173633 0.994043 0
v -2.073389 0.9397488 0
v -2.062758 0.9232293 -0.0984375
v -2.052362 0.8892555 -0.16875
v -2.048103 0.8717086 -0.1847933
v -2.032642 0.8386627 -0.2109375
v -2.006043 0.7787836 -0.225
v -1.992939 0.7440702 -0.2164549
v -1.974971 0.7168461 -0.2109375
v -1.944098 0.6611156 -0.16875
v -1.932155 0.6267199 -0.0984375
v -1.932236 0.6266201 -0.09716401
v -1.934911 0.6172837 0
v -2.037527 0.9288946 0
v -2.008105 0.9433797 0
v -1.994884 0.9784158 0
v -2.027197 0.9140007 -0.09366713
v -1.998379 0.9280156 -0.09754775
v -1.985345 0.9608409 -0.1088582
v -2.017864 0.8851422 -0.1621907
v -1.991672 0.8969647 -0.1707993
v -1.97965 0.92203 -0.1926691
v -2.014688 0.8698545 -0.1790384
v -1.99026 0.8798202 -0.189197
v -1.979015 0.9000001 -0.2137859
v -2.001074 0.840637 -0.2080376
v -1.979947 0.8483998 -0.2208532
v -1.970376 0.8613952 -0.2484328
v -1.980245 0.7826682 -0.2291186
v -1.965276 0.7849221 -0.2429179
v -1.95817 0.7859938 -0.2685634
v -1.971515 0.7462932 -0.2233569
v -1.959565 0.7455884 -0.2353651
v -1.953325 0.7416505 -0.2566271
v -1.956262 0.7174438 -0.2191402
v -1.946297 0.7149915 -0.2303179
v -1.940532 0.7086304 -0.2490211
v -1.931023 0.6575625 -0.1759513
v -1.924173 0.6524361 -0.1830543
v -1.919 0.6429861 -0.1941694
v -1.921742 0.620683 -0.1022275
v -1.916161 0.6143698 -0.1055137
v -1.911144 0.603801 -0.1105183
v -1.921792 0.620523 -0.1009092
v -1.916201 0.6141567 -0.1041598
v -1.911165 0.6035157 -0.1091067
v -1.92496 0.6104345 0
v -1.919534 0.6037269 0
v -1.914463 0.5926805 0
v -2.970903 1.636213 0.09843751
v -2.937705 1.644468 0.16875
v -2.890768 1.65614 0.2109375
v -2.836963 1.669519 0.225
v -2.783158 1.682899 0.2109375
v -2.736221 1.69457 0.16875
v -2.703022 1.702826 0.09843751
v -2.921878 1.47553 0.0984375
v -2.890991 1.489801 0.16875
v -2.847324 1.509977 0.2109375
v -2.797266 1.533106 0.225
v -2.747208 1.556234 0.2109375
v -2.70354 1.57641 0.16875
v -2.672653 1.590681 0.0984375
v -2.839422 1.318601 0.0984375
v -2.812308 1.337194 0.16875
v -2.773973 1.363482 0.2109375
v -2.73003 1.393616 0.225
v -2.686085 1.42375 0.2109375
v -2.647751 1.450037 0.16875
v -2.620636 1.468631 0.0984375
v -2.722925 1.16607 0.0984375
v -2.700977 1.187842 0.16875
v -2.669946 1.218622 0.2109375
v -2.634375 1.253906 0.225
v -2.598804 1.289191 0.2109375
v -2.567773 1.319971 0.16875
v -2.545825 1.341742 0.0984375
v -2.571775 1.018587 0.0984375
v -2.55632 1.042939 0.16875
v -2.534471 1.077367 0.2109375
v -2.509424 1.116834 0.225
v -2.484377 1.1563 0.2109375
v -2.462528 1.190728 0.16875
v -2.447073 1.21508 0.0984375
v -2.385361 0.8767982 0.0984375
v -2.377661 0.9036804 0.16875
v -2.366776 0.9416862 0.2109375
v -2.354297 0.9852539 0.225
v -2.341818 1.028821 0.2109375
v -2.330933 1.066827 0.16875
v -2.323233 1.093709 0.0984375
v -2.163072 0.7413503 0.0984375
v -2.164322 0.7712608 0.16875
v -2.166089 0.8135481 0.2109375
v -2.168115 0.8620239 0.225
v -2.170141 0.9104996 0.2109375
v -2.171909 0.952787 0.16875
v -2.173159 0.9826976 0.0984375
v -2.062758 0.9232293 0.0984375
v -2.052362 0.8892555 0.16875
v -2.048103 0.8717086 0.1847933
v -2.032642 0.8386627 0.2109375
v -2.006043 0.7787836 0.225
v -1.992939 0.7440702 0.2164549
v -1.974971 0.7168461 0.2109375
v -1.944098 0.6611156 0.16875
v -1.932155 0.6267199 0.0984375
v -1.932236 0.6266201 0.09716401
v -2.027197 0.9140007 0.09366713
v -1.998379 0.9280156 0.09754775
v -1.985345 0.9608409 0.1088582
v -2.017864 0.8851422 0.1621907
v -1.991672 0.8969647 0.1707993
v -1.97965 0.92203 0.1926691
v -2.014688 0.8698545 0.1790384
v -1.99026 0.8798202 0.189197
v -1.979015 0.9000001 0.2137859
v -2.001074 0.840637 0.2080376
v -1.979947 0.8483998 0.2208532
v -1.970376 0.8613952 0.2484328
v -1.980245 0.7826682 0.2291186
v -1.965276 0.7849221 0.2429179
v -1.95817 0.7859938 0.2685634
v -1.971515 0.7462932 0.2233569
v -1.959565 0.7455884 0.2353651
v -1.953325 0.7416505 0.2566271
v -1.956262 0.7174438 0.2191402
v -1.946297 0.7149915 0.2303179
v -1.940532 0.7086304 0.2490211
v -1.931023 0.6575625 0.1759513
v -1.924173 0.6524361 0.1830543
v -1.919 0.6429861 0.1941694
v -1.921742 0.620683 0.1022275
v -1.916161 0.6143698 0.1055137
v -1.911144 0.603801 0.1105183
v -1.921792 0.620523 0.1009092
v -1.916201 0.6141567 0.1041598
v -1.911165 0.6035157 0.1091067
v 2.8 2.4 0
v 2.817187 2.4 -0.04921875
v 2.8625 2.4 -0.084375
v 2.926563 2.4 -0.1054688
v 3 2.4 -0.1125
v 3.073437 2.4 -0.1054688
v 3.1375 2.4 -0.084375
v 3.182812 2.4 -0.04921875
v 3.2 2.4 0
v 2.828516 2.424609 0
v 2.848143 2.425105 -0.05062867
v 2.899889 2.426412 -0.08679199
v 2.973046 2.428259 -0.10849
v 3.056909 2.430377 -0.1157227
v 3.140773 2.432495 -0.10849
v 3.21393 2.434342 -0.08679199
v 3.265675 2.435649 -0.05062867
v 3.285303 2.436145 0
v 2.840625 2.442187 0
v 2.86263 2.442981 -0.0543457
v 2.920642 2.445071 -0.09316406
v 3.00266 2.448028 -0.1164551
v 3.09668 2.451416 -0.1242188
v 3.1907 2.454804 -0.1164551
v 3.272717 2.457761 -0.09316406
v 3.330729 2.459851 -0.0543457
v 3.352735 2.460645 0
v 2.838672 2.452734 0
v 2.862827 2.453655 -0.05960083
v 2.926509 2.456082 -0.1021729
v 3.016542 2.459513 -0.1277161
v 3.119751 2.463446 -0.1362305
v 3.22296 2.467379 -0.1277161
v 3.312993 2.47081 -0.1021729
v 3.376675 2.473237 -0.05960083
v 3.40083 2.474158 0
v 2.825 2.45625 0
v 2.850915 2.457156 -0.065625
v 2.919239 2.459546 -0.1125
v 3.015832 2.462924 -0.140625
v 3.126563 2.466797 -0.15
v 3.237293 2.47067 -0.140625
v 3.333887 2.474048 -0.1125
v 3.40221 2.476438 -0.065625
v 3.428125 2.477344 0
v 2.801953 2.452734 0
v 2.829075 2.453513 -0.07164917
v 2.900578 2.455567 -0.1228271
v 3.001669 2.45847 -0.1535339
v 3.117554 2.461798 -0.1637695
v 3.233438 2.465126 -0.1535339
v 3.334529 2.468029 -0.1228271
v 3.406033 2.470083 -0.07164917
v 3.433155 2.470862 0
v 2.771875 2.442187 0
v 2.799486 2.442754 -0.0769043
v 2.872278 2.444247 -0.1318359
v 2.975191 2.446359 -0.1647949
v 3.093164 2.448779 -0.1757813
v 3.211138 2.4512 -0.1647949
v 3.31405 2.453311 -0.1318359
v 3.386842 2.454804 -0.0769043
v 3.414453 2.455371 0
v 2.737109 2.424609 0
v 2.764328 2.424906 -0.08062134
v 2.836086 2.425691 -0.138208
v 2.937536 2.426799 -0.17276
v 3.053833 2.42807 -0.1842773
v 3.17013 2.429341 -0.17276
v 3.271581 2.430449 -0.138208
v 3.343338 2.431233 -0.08062134
v 3.370557 2.431531 0
v 2.7 2.4 0
v 2.725781 2.4 -0.08203125
v 2.79375 2.4 -0.140625
v 2.889844 2.4 -0.1757813
v 3 2.4 -0.1875
v 3.110156 2.4 -0.1757813
v 3.20625 2.4 -0.140625
v 3.274219 2.4 -0.08203125
v 3.3 2.4 0
v 2.817187 2.4 0.04921875
v 2.8625 2.4 0.084375
v 2.926563 2.4 0.1054688
v 3 2.4 0.1125
v 3.073437 2.4 0.1054688
v 3.1375 2.4 0.084375
v 3.182812 2.4 0.04921875
v 2.848143 2.425105 0.05062867
v 2.899889 2.426412 0.08679199
v 2.973046 2.428259 0.10849
v 3.056909 2.430377 0.1157227
v 3.140773 2.432495 0.10849
v 3.21393 2.434342 0.08679199
v 3.265675 2.435649 0.05062867
v 2.86263 2.442981 0.0543457
v 2.920642 2.445071 0.09316406
v 3.00266 2.448028 0.1164551
v 3.09668 2.451416 0.1242188
v 3.1907 2.454804 0.1164551
v 3.272717 2.457761 0.09316406
v 3.330729 2.459851 0.0543457
v 2.862827 2.453655 0.05960083
v 2.926509 2.456082 0.1021729
v 3.016542 2.459513 0.1277161
v 3.119751 2.463446 0.1362305
v 3.22296 2.467379 0.1277161
v 3.312993 2.47081 0.1021729
v 3.376675 2.473237 0.05960083
v 2.850915 2.457156 0.065625
v 2.919239 2.459546 0.1125
v 3.015832 2.462924 0.140625
v 3.126563 2.466797 0.15
v 3.237293 2.47067 0.140625
v 3.333887 2.474048 0.1125
v 3.40221 2.476438 0.065625
v 2.829075 2.453513 0.07164917
v 2.900578 2.455567 0.1228271
v 3.001669 2.45847 0.1535339
v 3.117554 2.461798 0.1637695
v 3.233438 2.465126 0.1535339
v 3.334529 2.468029 0.1228271
v 3.406033 2.470083 0.07164917
v 2.799486 2.442754 0.0769043
v 2.872278 2.444247 0.1318359
v 2.975191 2.446359 0.1647949
v 3.093164 2.448779 0.1757813
v 3.211138 2.4512 0.1647949
v 3.31405 2.453311 0.1318359
v 3.386842 2.454804 0.0769043
v 2.764328 2.424906 0.08062134
v 2.836086 2.425691 0.138208
v 2.937536 2.426799 0.17276
v 3.053833 2.42807 0.1842773
v 3.17013 2.429341 0.17276
v 3.271581 2.430449 0.138208
v 3.343338 2.431233 0.08062134
v 2.725781 2.4 0.08203125
v 2.79375 2.4 0.140625
v 2.889844 2.4 0.1757813
v 3 2.4 0.1875
v 3.110156 2.4 0.1757813
v 3.20625 2.4 0.140625
v 3.274219 2.4 0.08203125
v 2.579102 2.271973 0
v 2.598488 2.26992 -0.08781189
v 2.649597 2.264511 -0.1505347
v 2.721855 2.256863 -0.1881683
v 2.804687 2.248096 -0.2007129
v 2.88752 2.239328 -0.1881683
v 2.959778 2.23168 -0.1505347
v 3.010887 2.226271 -0.08781189
v 3.030273 2.224219 0
v 2.501562 2.121094 0
v 2.517273 2.115555 -0.1030518
v 2.558691 2.100952 -0.1766602
v 2.617248 2.080307 -0.2208252
v 2.684375 2.056641 -0.2355469
v 2.751501 2.032974 -0.2208252
v 2.810058 2.012329 -0.1766602
v 2.851477 1.997726 -0.1030518
v 2.867187 1.992188 0
v 2.445117 1.959668 0
v 2.458965 1.949584 -0.1245978
v 2.495471 1.923001 -0.2135962
v 2.547084 1.885417 -0.2669953
v 2.60625 1.842334 -0.2847949
v 2.665416 1.79925 -0.2669953
v 2.717029 1.761667 -0.2135962
v 2.753536 1.735084 -0.1245978
v 2.767383 1.725 0
v 2.3875 1.8 0
v 2.400391 1.784692 -0.1492969
v 2.434375 1.744336 -0.2559375
v 2.482422 1.68728 -0.3199219
v 2.5375 1.621875 -0.34125
v 2.592578 1.55647 -0.3199219
v 2.640625 1.499414 -0.2559375
v 2.674609 1.459058 -0.1492969
v 2.6875 1.44375 0
v 2.306445 1.654394 0
v 2.318379 1.63356 -0.173996
v 2.349841 1.578635 -0.2982788
v 2.394322 1.500981 -0.3728485
v 2.445313 1.411963 -0.3977051
v 2.496303 1.322945 -0.3728485
v 2.540784 1.245291 -0.2982788
v 2.572246 1.190365 -0.173996
v 2.58418 1.169531 0
v 2.179688 1.535156 0
v 2.189758 1.508871 -0.195542
v 2.216309 1.439575 -0.3352149
v 2.253845 1.341605 -0.4190186
v 2.296875 1.229297 -0.4469531
v 2.339905 1.116989 -0.4190186
v 2.377441 1.019019 -0.3352149
v 2.403992 0.9497223 -0.195542
v 2.414063 0.9234375 0
v 1.984961 1.45459 0
v 1.991356 1.423307 -0.2107819
v 2.008215 1.340835 -0.3613403
v 2.032051 1.224237 -0.4516754
v 2.059375 1.090576 -0.4817871
v 2.086699 0.9569148 -0.4516754
v 2.110535 0.8403167 -0.3613403
v 2.127394 0.7578449 -0.2107819
v 2.133789 0.7265625 0
v 1.951725 1.451139 0
v 1.939831 1.417338 -0.2118042
v 1.942038 1.402732 -0.2379368
v 1.94694 1.331941 -0.3633104
v 1.947067 1.331224 -0.3638557
v 1.949098 1.236836 -0.4342131
v 1.946978 1.208795 -0.4548491
v 1.959607 1.072917 -0.4845805
v 1.959506 1.068879 -0.4854589
v 1.974048 0.9289837 -0.455284
v 1.978398 0.9135638 -0.4432082
v 1.982659 0.8198097 -0.3746638
v 1.981306 0.8052467 -0.3644597
v 1.980757 0.7620939 -0.2913761
v 1.965889 0.7115936 -0.2129663
v 1.973132 0.6796892 0
v 1.922153 1.448376 0
v 1.901807 1.460145 0
v 1.889598 1.487166 0
v 1.911152 1.415805 -0.2108938
v 1.891844 1.426457 -0.215763
v 1.879897 1.450261 -0.2267913
v 1.913619 1.401331 -0.2371133
v 1.894521 1.411358 -0.242735
v 1.882648 1.433935 -0.2553685
v 1.919471 1.331568 -0.3636768
v 1.901734 1.338941 -0.3730457
v 1.890334 1.355249 -0.3924485
v 1.919608 1.330852 -0.3642331
v 1.901881 1.338199 -0.3736171
v 1.890489 1.354457 -0.393048
v 1.922976 1.236589 -0.4362668
v 1.906759 1.240694 -0.4475232
v 1.896224 1.250391 -0.4698682
v 1.921125 1.208622 -0.4574594
v 1.905354 1.211892 -0.4692923
v 1.89505 1.219839 -0.4923292
v 1.935506 1.071966 -0.4891168
v 1.92152 1.071448 -0.5014314
v 1.912596 1.072119 -0.5246913
v 1.935439 1.067916 -0.4900506
v 1.921496 1.067305 -0.5023825
v 1.912601 1.06779 -0.5256433
v 1.95235 0.9266608 -0.4612166
v 1.94021 0.9227644 -0.4722652
v 1.932848 0.9168553 -0.4928668
v 1.957095 0.9109587 -0.449201
v 1.945143 0.9066761 -0.459811
v 1.937999 0.9 -0.4797222
v 1.964096 0.816723 -0.3809606
v 1.953495 0.8115183 -0.3892751
v 1.946959 0.8019215 -0.4047887
v 1.963028 0.8020275 -0.3707547
v 1.952547 0.7967006 -0.3787689
v 1.945988 0.7867299 -0.3936847
v 1.964161 0.7581075 -0.2968002
v 1.954133 0.7526585 -0.3026392
v 1.947706 0.7416505 -0.3138703
v 1.950648 0.7067508 -0.2169494
v 1.941139 0.7010664 -0.2207841
v 1.934583 0.6891355 -0.2281915
v 1.959077 0.6740341 0
v 1.949908 0.6684386 0
v 1.943373 0.6560686 0
v 2.598488 2.26992 0.08781189
v 2.649597 2.264511 0.1505347
v 2.721855 2.256863 0.1881683
v 2.804687 2.248096 0.2007129
v 2.88752 2.239328 0.1881683
v 2.959778 2.23168 0.1505347
v 3.010887 2.226271 0.08781189
v 2.517273 2.115555 0.1030518
v 2.558691 2.100952 0.1766602
v 2.617248 2.080307 0.2208252
v 2.684375 2.056641 0.2355469
v 2.751501 2.032974 0.2208252
v 2.810058 2.012329 0.1766602
v 2.851477 1.997726 0.1030518
v 2.458965 1.949584 0.1245978
v 2.495471 1.923001 0.2135962
v 2.547084 1.885417 0.2669953
v 2.60625 1.842334 0.2847949
v 2.665416 1.79925 0.2669953
v 2.717029 1.761667 0.2135962
v 2.753536 1.735084 0.1245978
v 2.400391 1.784692 0.1492969
v 2.434375 1.744336 0.2559375
v 2.482422 1.68728 0.3199219
v 2.5375 1.621875 0.34125
v 2.592578 1.55647 0.3199219
v 2.640625 1.499414 0.2559375
v 2.674609 1.459058 0.1492969
v 2.318379 1.63356 0.173996
v 2.349841 1.578635 0.2982788
v 2.394322 1.500981 0.3728485
v 2.445313 1.411963 0.3977051
v 2.496303 1.322945 0.3728485
v 2.540784 1.245291 0.2982788
v 2.572246 1.190365 0.173996
v 2.189758 1.508871 0.195542
v 2.216309 1.439575 0.3352149
v 2.253845 1.341605 0.4190186
v 2.296875 1.229297 0.4469531
v 2.339905 1.116989 0.4190186
v 2.377441 1.019019 0.3352149
v 2.403992 0.9497223 0.195542
v 1.991356 1.423307 0.2107819
v 2.008215 1.340835 0.3613403
v 2.032051 1.224237 0.4516754
v 2.059375 1.090576 0.4817871
v 2.086699 0.9569148 0.4516754
v 2.110535 0.8403167 0.3613403
v 2.127394 0.7578449 0.2107819
v 1.939831 1.417338 0.2118042
v 1.942038 1.402732 0.2379368
v 1.94694 1.331941 0.3633104
v 1.947067 1.331224 0.3638557
v 1.949098 1.236836 0.4342131
v 1.946978 1.208795 0.4548491
v 1.959607 1.072917 0.4845805
v 1.959506 1.068879 0.4854589
v 1.974048 0.9289837 0.455284
v 1.978398 0.9135638 0.4432082
v 1.982659 0.8198097 0.3746638
v 1.981306 0.8052467 0.3644597
v 1.980757 0.7620939 0.2913761
v 1.965889 0.7115936 0.2129663
v 1.911152 1.415805 0.2108938
v 1.891844 1.426457 0.215763
v 1.879897 1.450261 0.2267913
v 1.913619 1.401331 0.2371133
v 1.894521 1.411358 0.242735
v 1.882648 1.433935 0.2553685
v 1.919471 1.331568 0.3636768
v 1.901734 1.338941 0.3730457
v 1.890334 1.355249 0.3924485
v 1.919608 1.330852 0.3642331
v 1.901881 1.338199 0.3736171
v 1.890489 1.354457 0.393048
v 1.922976 1.236589 0.4362668
v 1.906759 1.240694 0.4475232
v 1.896224 1.250391 0.4698682
v 1.921125 1.208622 0.4574594
v 1.905354 1.211892 0.4692923
v 1.89505 1.219839 0.4923292
v 1.935506 1.071966 0.4891168
v 1.92152 1.071448 0.5014314
v 1.912596 1.072119 0.5246913
v 1.935439 1.067916 0.4900506
v 1.921496 1.067305 0.5023825
v 1.912601 1.06779 0.5256433
v 1.95235 0.9266608 0.4612166
v 1.94021 0.9227644 0.4722652
v 1.932848 0.9168553 0.4928668
v 1.957095 0.9109587 0.449201
v 1.945143 0.9066761 0.459811
v 1.937999 0.9 0.4797222
v 1.964096 0.816723 0.3809606
v 1.953495 0.8115183 0.3892751
v 1.946959 0.8019215 0.4047887
v 1.963028 0.8020275 0.3707547
v 1.952547 0.7967006 0.3787689
v 1.945988 0.7867299 0.3936847
v 1.964161 0.7581075 0.2968002
v 1.954133 0.7526585 0.3026392
v 1.947706 0.7416505 0.3138703
v 1.950648 0.7067508 0.2169494
v 1.941139 0.7010664 0.2207841
v 1.934583 0.6891355 0.2281915
v 0 3.15 0
v -0.2300781 3.136816 0
v -0.2255001 3.136816 -0.04704328
v -0.2123278 3.136816 -0.09054791
v -0.1914039 3.136816 -0.1296713
v -0.1635708 3.136816 -0.1635708
v -0.1296713 3.136816 -0.1914039
v -0.09054791 3.136816 -0.2123278
v -0.04704328 3.136816 -0.2255001
v 0 3.136816 -0.2300781
v -0.340625 3.100781 0
v -0.3338471 3.100781 -0.06964459
v -0.3143452 3.100781 -0.1340513
v -0.283367 3.100781 -0.1919724
v -0.2421602 3.100781 -0.2421602
v -0.1919723 3.100781 -0.283367
v -0.1340513 3.100781 -0.3143452
v -0.06964458 3.100781 -0.3338471
v 0 3.100781 -0.340625
v -0.3621094 3.047168 0
v -0.3549032 3.047168 -0.07403213
v -0.3341695 3.047168 -0.1424987
v -0.3012352 3.047168 -0.2040728
v -0.2574272 3.047168 -0.2574272
v -0.2040728 3.047168 -0.3012352
v -0.1424987 3.047168 -0.3341695
v -0.07403211 3.047168 -0.3549033
v 0 3.047168 -0.3621094
v -0.325 2.98125 0
v -0.3185308 2.98125 -0.06643409
v -0.299918 2.98125 -0.1278789
v -0.270354 2.98125 -0.1831421
v -0.2310313 2.98125 -0.2310313
v -0.1831421 2.98125 -0.270354
v -0.1278789 2.98125 -0.299918
v -0.06643408 2.98125 -0.3185308
v 0 2.98125 -0.325
v -0.2597656 2.908301 0
v -0.254592 2.908301 -0.05307865
v -0.2397079 2.908301 -0.1021805
v -0.2160692 2.908301 -0.1463499
v -0.1846313 2.908301 -0.1846313
v -0.1463499 2.908301 -0.2160692
v -0.1021805 2.908301 -0.2397079
v -0.05307864 2.908301 -0.254592
v 0 2.908301 -0.2597656
v -0.196875 2.833594 0
v -0.192949 2.833594 -0.04019403
v -0.1816567 2.833594 -0.07739209
v -0.1637265 2.833594 -0.1108658
v -0.1398867 2.833594 -0.1398867
v -0.1108658 2.833594 -0.1637265
v -0.07739209 2.833594 -0.1816567
v -0.04019403 2.833594 -0.1929491
v 0 2.833594 -0.196875
v -0.1667969 2.762402 0
v -0.1634643 2.762402 -0.03400842
v -0.1538817 2.762402 -0.06550238
v -0.1386715 2.762402 -0.09385929
v -0.1184565 2.762402 -0.1184565
v -0.09385929 2.762402 -0.1386715
v -0.06550238 2.762402 -0.1538817
v -0.03400842 2.762402 -0.1634643
v 0 2.762402 -0.1667969
v -0.2 2.7 0
v -0.196 2.7 -0.04075
v -0.1845 2.7 -0.0785
v -0.16625 2.7 -0.1125
v -0.142 2.7 -0.142
v -0.1125 2.7 -0.16625
v -0.0785 2.7 -0.1845
v -0.04075 2.7 -0.196
v 0 2.7 -0.2
v 0.04704328 3.136816 -0.2255001
v 0.09054791 3.136816 -0.2123278
v 0.1296713 3.136816 -0.1914039
v 0.1635708 3.136816 -0.1635708
v 0.1914039 3.136816 -0.1296713
v 0.2123278 3.136816 -0.09054791
v 0.2255001 3.136816 -0.04704328
v 0.2300781 3.136816 0
v 0.06964459 3.100781 -0.3338471
v 0.1340513 3.100781 -0.3143452
v 0.1919724 3.100781 -0.283367
v 0.2421602 3.100781 -0.2421602
v 0.283367 3.100781 -0.1919723
v 0.3143452 3.100781 -0.1340513
v 0.3338471 3.100781 -0.06964458
v 0.340625 3.100781 0
v 0.07403213 3.047168 -0.3549032
v 0.1424987 3.047168 -0.3341695
v 0.2040728 3.047168 -0.3012352
v 0.2574272 3.047168 -0.2574272
v 0.3012352 3.047168 -0.2040728
v 0.3341695 3.047168 -0.1424987
v 0.3549033 3.047168 -0.07403211
v 0.3621094 3.047168 0
v 0.06643409 2.98125 -0.3185308
v 0.1278789 2.98125 -0.299918
v 0.1831421 2.98125 -0.270354
v 0.2310313 2.98125 -0.2310313
v 0.270354 2.98125 -0.1831421
v 0.299918 2.98125 -0.1278789
v 0.3185308 2.98125 -0.06643408
v 0.325 2.98125 0
v 0.05307865 2.908301 -0.254592
v 0.1021805 2.908301 -0.2397079
v 0.1463499 2.908301 -0.2160692
v 0.1846313 2.908301 -0.1846313
v 0.2160692 2.908301 -0.1463499
v 0.2397079 2.908301 -0.1021805
v 0.254592 2.908301 -0.05307864
v 0.2597656 2.908301 0
v 0.04019403 2.833594 -0.192949
v 0.07739209 2.833594 -0.1816567
v 0.1108658 2.833594 -0.1637265
v 0.1398867 2.833594 -0.1398867
v 0.1637265 2.833594 -0.1108658
v 0.1816567 2.833594 -0.07739209
v 0.1929491 2.833594 -0.04019403
v 0.196875 2.833594 0
v 0.03400842 2.762402 -0.1634643
v 0.06550238 2.762402 -0.1538817
v 0.09385929 2.762402 -0.1386715
v 0.1184565 2.762402 -0.1184565
v 0.1386715 2.762402 -0.09385929
v 0.1538817 2.762402 -0.06550238
v 0.1634643 2.762402 -0.03400842
v 0.1667969 2.762402 0
v 0.04075 2.7 -0.196
v 0.0785 2.7 -0.1845
v 0.1125 2.7 -0.16625
v 0.142 2.7 -0.142
v 0.16625 2.7 -0.1125
v 0.1845 2.7 -0.0785
v 0.196 2.7 -0.04075
v 0.2 2.7 0
v 0 3.136816 0.2300781
v 0.04704328 3.136816 0.2255001
v 0.09054791 3.136816 0.2123278
v 0.1296713 3.136816 0.1914039
v 0.1635708 3.136816 0.1635708
v 0.1914039 3.136816 0.1296713
v 0.2123278 3.136816 0.09054791
v 0.2255001 3.136816 0.04704328
v 0 3.100781 0.340625
v 0.06964459 3.100781 0.3338471
v 0.1340513 3.100781 0.3143452
v 0.1919724 3.100781 0.283367
v 0.2421602 3.100781 0.2421602
v 0.283367 3.100781 0.1919723
v 0.3143452 3.100781 0.1340513
v 0.3338471 3.100781 0.06964458
v 0 3.047168 0.3621094
v 0.07403213 3.047168 0.3549032
v 0.1424987 3.047168 0.3341695
v 0.2040728 3.047168 0.3012352
v 0.2574272 3.047168 0.2574272
v 0.3012352 3.047168 0.2040728
v 0.3341695 3.047168 0.1424987
v 0.3549033 3.047168 0.07403211
v 0 2.98125 0.325
v 0.06643409 2.98125 0.3185308
v 0.1278789 2.98125 0.299918
v 0.1831421 2.98125 0.270354
v 0.2310313 2.98125 0.2310313
v 0.270354 2.98125 0.1831421
v 0.299918 2.98125 0.1278789
v 0.3185308 2.98125 0.06643408
v 0 2.908301 0.2597656
v 0.05307865 2.908301 0.254592
v 0.1021805 2.908301 0.2397079
v 0.1463499 2.908301 0.2160692
v 0.1846313 2.908301 0.1846313
v 0.2160692 2.908301 0.1463499
v 0.2397079 2.908301 0.1021805
v 0.254592 2.908301 0.05307864
v 0 2.833594 0.196875
v 0.04019403 2.833594 0.192949
v 0.07739209 2.833594 0.1816567
v 0.1108658 2.833594 0.1637265
v 0.1398867 2.833594 0.1398867
v 0.1637265 2.833594 0.1108658
v 0.1816567 2.833594 0.07739209
v 0.1929491 2.833594 0.04019403
v 0 2.762402 0.1667969
v 0.03400842 2.762402 0.1634643
v 0.06550238 2.762402 0.1538817
v 0.09385929 2.762402 0.1386715
v 0.1184565 2.762402 0.1184565
v 0.1386715 2.762402 0.09385929
v 0.1538817 2.762402 0.06550238
v 0.1634643 2.762402 0.03400842
v 0 2.7 0.2
v 0.04075 2.7 0.196
v 0.0785 2.7 0.1845
v 0.1125 2.7 0.16625
v 0.142 2.7 0.142
v 0.16625 2.7 0.1125
v 0.1845 2.7 0.0785
v 0.196 2.7 0.04075
v -0.2255001 3.136816 0.04704328
v -0.2123278 3.136816 0.09054791
v -0.1914039 3.136816 0.1296713
v -0.1635708 3.136816 0.1635708
v -0.1296713 3.136816 0.1914039
v -0.09054791 3.136816 0.2123278
v -0.04704328 3.136816 0.2255001
v -0.3338471 3.100781 0.06964459
v -0.3143452 3.100781 0.1340513
v -0.283367 3.100781 0.1919724
v -0.2421602 3.100781 0.2421602
v -0.1919723 3.100781 0.283367
v -0.1340513 3.100781 0.3143452
v -0.06964458 3.100781 0.3338471
v -0.3549032 3.047168 0.07403213
v -0.3341695 3.047168 0.1424987
v -0.3012352 3.047168 0.2040728
v -0.2574272 3.047168 0.2574272
v -0.2040728 3.047168 0.3012352
v -0.1424987 3.047168 0.3341695
v -0.07403211 3.047168 0.3549033
v -0.3185308 2.98125 0.06643409
v -0.299918 2.98125 0.1278789
v -0.270354 2.98125 0.1831421
v -0.2310313 2.98125 0.2310313
v -0.1831421 2.98125 0.270354
v -0.1278789 2.98125 0.299918
v -0.06643408 2.98125 0.3185308
v -0.254592 2.908301 0.05307865
v -0.2397079 2.908301 0.1021805
v -0.2160692 2.908301 0.1463499
v -0.1846313 2.908301 0.1846313
v -0.1463499 2.908301 0.2160692
v -0.1021805 2.908301 0.2397079
v -0.05307864 2.908301 0.254592
v -0.192949 2.833594 0.04019403
v -0.1816567 2.833594 0.07739209
v -0.1637265 2.833594 0.1108658
v -0.1398867 2.833594 0.1398867
v -0.1108658 2.833594 0.1637265
v -0.07739209 2.833594 0.1816567
v -0.04019403 2.833594 0.1929491
v -0.1634643 2.762402 0.03400842
v -0.1538817 2.762402 0.06550238
v -0.1386715 2.762402 0.09385929
v -0.1184565 2.762402 0.1184565
v -0.09385929 2.762402 0.1386715
v -0.06550238 2.762402 0.1538817
v -0.03400842 2.762402 0.1634643
v -0.196 2.7 0.04075
v -0.1845 2.7 0.0785
v -0.16625 2.7 0.1125
v -0.142 2.7 0.142
v -0.1125 2.7 0.16625
v -0.0785 2.7 0.1845
v -0.04075 2.7 0.196
v -0.3046875 2.650195 0
v -0.2985937 2.650195 -0.06208008
v -0.2810742 2.650195 -0.1195898
v -0.2532715 2.650195 -0.1713867
v -0.2163281 2.650195 -0.2163281
v -0.1713867 2.650195 -0.2532715
v -0.1195898 2.650195 -0.2810742
v -0.06208008 2.650195 -0.2985938
v 0 2.650195 -0.3046875
v -0.45625 2.610938 0
v -0.447125 2.610938 -0.09296094
v -0.4208906 2.610938 -0.1790781
v -0.3792579 2.610938 -0.2566406
v -0.3239375 2.610938 -0.3239375
v -0.2566406 2.610938 -0.3792579
v -0.1790781 2.610938 -0.4208906
v -0.09296093 2.610938 -0.447125
v 0 2.610938 -0.45625
v -0.6359375 2.578711 0
v -0.6232188 2.578711 -0.1295723
v -0.5866524 2.578711 -0.2496055
v -0.528623 2.578711 -0.3577148
v -0.4515156 2.578711 -0.4515156
v -0.3577148 2.578711 -0.528623
v -0.2496055 2.578711 -0.5866524
v -0.1295723 2.578711 -0.6232188
v 0 2.578711 -0.6359375
v -0.825 2.55 0
v -0.8084999 2.55 -0.1680937
v -0.7610625 2.55 -0.3238125
v -0.6857813 2.55 -0.4640625
v -0.58575 2.55 -0.58575
v -0.4640625 2.55 -0.6857813
v -0.3238125 2.55 -0.7610625
v -0.1680937 2.55 -0.8084999
v 0 2.55 -0.825
v -1.004688 2.521289 0
v -0.9845937 2.521289 -0.2047051
v -0.9268243 2.521289 -0.3943398
v -0.8351465 2.521289 -0.5651367
v -0.7133281 2.521289 -0.7133281
v -0.5651367 2.521289 -0.8351465
v -0.3943398 2.521289 -0.9268243
v -0.2047051 2.521289 -0.9845937
v 0 2.521289 -1.004688
v -1.15625 2.489062 0
v -1.133125 2.489062 -0.2355859
v -1.066641 2.489062 -0.4538281
v -0.9611329 2.489062 -0.6503906
v -0.8209375 2.489062 -0.8209375
v -0.6503906 2.489062 -0.9611329
v -0.4538281 2.489062 -1.066641
v -0.2355859 2.489062 -1.133125
v 0 2.489062 -1.15625
v -1.260937 2.449805 0
v -1.235719 2.449805 -0.256916
v -1.163215 2.449805 -0.4949179
v -1.048154 2.449805 -0.7092773
v -0.8952657 2.449805 -0.8952657
v -0.7092773 2.449805 -1.048154
v -0.4949179 2.449805 -1.163215
v -0.256916 2.449805 -1.235719
v 0 2.449805 -1.260937
v -1.3 2.4 0
v -1.274 2.4 -0.264875
v -1.19925 2.4 -0.51025
v -1.080625 2.4 -0.73125
v -0.923 2.4 -0.923
v -0.73125 2.4 -1.080625
v -0.51025 2.4 -1.19925
v -0.264875 2.4 -1.274
v 0 2.4 -1.3
v 0.06208008 2.650195 -0.2985937
v 0.1195898 2.650195 -0.2810742
v 0.1713867 2.650195 -0.2532715
v 0.2163281 2.650195 -0.2163281
v 0.2532715 2.650195 -0.1713867
v 0.2810742 2.650195 -0.1195898
v 0.2985938 2.650195 -0.06208008
v 0.3046875 2.650195 0
v 0.09296094 2.610938 -0.447125
v 0.1790781 2.610938 -0.4208906
v 0.2566406 2.610938 -0.3792579
v 0.3239375 2.610938 -0.3239375
v 0.3792579 2.610938 -0.2566406
v 0.4208906 2.610938 -0.1790781
v 0.447125 2.610938 -0.09296093
v 0.45625 2.610938 0
v 0.1295723 2.578711 -0.6232188
v 0.2496055 2.578711 -0.5866524
v 0.3577148 2.578711 -0.528623
v 0.4515156 2.578711 -0.4515156
v 0.528623 2.578711 -0.3577148
v 0.5866524 2.578711 -0.2496055
v 0.6232188 2.578711 -0.1295723
v 0.6359375 2.578711 0
v 0.1680937 2.55 -0.8084999
v 0.3238125 2.55 -0.7610625
v 0.4640625 2.55 -0.6857813
v 0.58575 2.55 -0.58575
v 0.6857813 2.55 -0.4640625
v 0.7610625 2.55 -0.3238125
v 0.8084999 2.55 -0.1680937
v 0.825 2.55 0
v 0.2047051 2.521289 -0.9845937
v 0.3943398 2.521289 -0.9268243
v 0.5651367 2.521289 -0.8351465
v 0.7133281 2.521289 -0.7133281
v 0.8351465 2.521289 -0.5651367
v 0.9268243 2.521289 -0.3943398
v 0.9845937 2.521289 -0.2047051
v 1.004688 2.521289 0
v 0.2355859 2.489062 -1.133125
v 0.4538281 2.489062 -1.066641
v 0.6503906 2.489062 -0.9611329
v 0.8209375 2.489062 -0.8209375
v 0.9611329 2.489062 -0.6503906
v 1.066641 2.489062 -0.4538281
v 1.133125 2.489062 -0.2355859
v 1.15625 2.489062 0
v 0.256916 2.449805 -1.235719
v 0.4949179 2.449805 -1.163215
v 0.7092773 2.449805 -1.048154
v 0.8952657 2.449805 -0.8952657
v 1.048154 2.449805 -0.7092773
v 1.163215 2.449805 -0.4949179
v 1.235719 2.449805 -0.256916
v 1.260937 2.449805 0
v 0.264875 2.4 -1.274
v 0.51025 2.4 -1.19925
v 0.73125 2.4 -1.080625
v 0.923 2.4 -0.923
v 1.080625 2.4 -0.73125
v 1.19925 2.4 -0.51025
v 1.274 2.4 -0.264875
v 1.3 2.4 0
v 0 2.650195 0.3046875
v 0.06208008 2.650195 0.2985937
v 0.1195898 2.650195 0.2810742
v 0.1713867 2.650195 0.2532715
v 0.2163281 2.650195 0.2163281
v 0.2532715 2.650195 0.1713867
v 0.2810742 2.650195 0.1195898
v 0.2985938 2.650195 0.06208008
v 0 2.610938 0.45625
v 0.09296094 2.610938 0.447125
v 0.1790781 2.610938 0.4208906
v 0.2566406 2.610938 0.3792579
v 0.3239375 2.610938 0.3239375
v 0.3792579 2.610938 0.2566406
v 0.4208906 2.610938 0.1790781
v 0.447125 2.610938 0.09296093
v 0 2.578711 0.6359375
v 0.1295723 2.578711 0.6232188
v 0.2496055 2.578711 0.5866524
v 0.3577148 2.578711 0.528623
v 0.4515156 2.578711 0.4515156
v 0.528623 2.578711 0.3577148
v 0.5866524 2.578711 0.2496055
v 0.6232188 2.578711 0.1295723
v 0 2.55 0.825
v 0.1680937 2.55 0.8084999
v 0.3238125 2.55 0.7610625
v 0.4640625 2.55 0.6857813
v 0.58575 2.55 0.58575
v 0.6857813 2.55 0.4640625
v 0.7610625 2.55 0.3238125
v 0.8084999 2.55 0.1680937
v 0 2.521289 1.004688
v 0.2047051 2.521289 0.9845937
v 0.3943398 2.521289 0.9268243
v 0.5651367 2.521289 0.8351465
v 0.7133281 2.521289 0.7133281
v 0.8351465 2.521289 0.5651367
v 0.9268243 2.521289 0.3943398
v 0.9845937 2.521289 0.2047051
v 0 2.489062 1.15625
v 0.2355859 2.489062 1.133125
v 0.4538281 2.489062 1.066641
v 0.6503906 2.489062 0.9611329
v 0.8209375 2.489062 0.8209375
v 0.9611329 2.489062 0.6503906
v 1.066641 2.489062 0.4538281
v 1.133125 2.489062 0.2355859
v 0 2.449805 1.260937
v 0.256916 2.449805 1.235719
v 0.4949179 2.449805 1.163215
v 0.7092773 2.449805 1.048154
v 0.8952657 2.449805 0.8952657
v 1.048154 2.449805 0.7092773
v 1.163215 2.449805 0.4949179
v 1.235719 2.449805 0.256916
v 0 2.4 1.3
v 0.264875 2.4 1.274
v 0.51025 2.4 1.19925
v 0.73125 2.4 1.080625
v 0.923 2.4 0.923
v 1.080625 2.4 0.73125
v 1.19925 2.4 0.51025
v 1.274 2.4 0.264875
v -0.2985937 2.650195 0.06208008
v -0.2810742 2.650195 0.1195898
v -0.2532715 2.650195 0.1713867
v -0.2163281 2.650195 0.2163281
v -0.1713867 2.650195 0.2532715
v -0.1195898 2.650195 0.2810742
v -0.06208008 2.650195 0.2985938
v -0.447125 2.610938 0.09296094
v -0.4208906 2.610938 0.1790781
v -0.3792579 2.610938 0.2566406
v -0.3239375 2.610938 0.3239375
v -0.2566406 2.610938 0.3792579
v -0.1790781 2.610938 0.4208906
v -0.09296093 2.610938 0.447125
v -0.6232188 2.578711 0.1295723
v -0.5866524 2.578711 0.2496055
v -0.528623 2.578711 0.3577148
v -0.4515156 2.578711 0.4515156
v -0.3577148 2.578711 0.528623
v -0.2496055 2.578711 0.5866524
v -0.1295723 2.578711 0.6232188
v -0.8084999 2.55 0.1680937
v -0.7610625 2.55 0.3238125
v -0.6857813 2.55 0.4640625
v -0.58575 2.55 0.58575
v -0.4640625 2.55 0.6857813
v -0.3238125 2.55 0.7610625
v -0.1680937 2.55 0.8084999
v -0.9845937 2.521289 0.2047051
v -0.9268243 2.521289 0.3943398
v -0.8351465 2.521289 0.5651367
v -0.7133281 2.521289 0.7133281
v -0.5651367 2.521289 0.8351465
v -0.3943398 2.521289 0.9268243
v -0.2047051 2.521289 0.9845937
v -1.133125 2.489062 0.2355859
v -1.066641 2.489062 0.4538281
v -0.9611329 2.489062 0.6503906
v -0.8209375 2.489062 0.8209375
v -0.6503906 2.489062 0.9611329
v -0.4538281 2.489062 1.066641
v -0.2355859 2.489062 1.133125
v -1.235719 2.449805 0.256916
v -1.163215 2.449805 0.4949179
v -1.048154 2.449805 0.7092773
v -0.8952657 2.449805 0.8952657
v -0.7092773 2.449805 1.048154
v -0.4949179 2.449805 1.163215
v -0.256916 2.449805 1.235719
v -1.274 2.4 0.264875
v -1.19925 2.4 0.51025
v -1.080625 2.4 0.73125
v -0.923 2.4 0.923
v -0.73125 2.4 1.080625
v -0.51025 2.4 1.19925
v -0.264875 2.4 1.274
v -1.4 2.4 0
v -1.372 2.4 -0.28525
v -1.2915 2.4 -0.5495
v -1.16375 2.4 -0.7875
v -0.994 2.4 -0.994
v -0.7875 2.4 -1.16375
v -0.5495 2.4 -1.2915
v -0.28525 2.4 -1.372
v 0 2.4 -1.4
v -1.383789 2.443066 0
v -1.356113 2.443066 -0.281947
v -1.276545 2.443066 -0.5431372
v -1.150275 2.443066 -0.7783813
v -0.9824902 2.443067 -0.9824903
v -0.7783813 2.443066 -1.150275
v -0.5431372 2.443066 -1.276545
v -0.281947 2.443066 -1.356113
v 0 2.443066 -1.383789
v -1.380469 2.473828 0
v -1.352859 2.473828 -0.2812705
v -1.273482 2.473828 -0.5418339
v -1.147515 2.473828 -0.7765137
v -0.9801328 2.473828 -0.9801328
v -0.7765137 2.473828 -1.147515
v -0.5418339 2.473828 -1.273482
v -0.2812705 2.473828 -1.352859
v 0 2.473828 -1.380469
v -1.387695 2.492285 0
v -1.359941 2.492285 -0.2827429
v -1.280149 2.492285 -0.5446704
v -1.153522 2.492285 -0.7805786
v -0.9852637 2.492285 -0.9852637
v -0.7805786 2.492285 -1.153522
v -0.5446704 2.492285 -1.280149
v -0.2827429 2.492285 -1.359941
v 0 2.492285 -1.387695
v -1.403125 2.498438 0
v -1.375063 2.498438 -0.2858867
v -1.294383 2.498438 -0.5507266
v -1.166348 2.498438 -0.7892578
v -0.9962187 2.498438 -0.9962187
v -0.7892578 2.498438 -1.166348
v -0.5507266 2.498438 -1.294383
v -0.2858867 2.498438 -1.375063
v 0 2.498438 -1.403125
v -1.424414 2.492285 0
v -1.395926 2.492285 -0.2902243
v -1.314022 2.492285 -0.5590825
v -1.184044 2.492285 -0.8012329
v -1.011334 2.492285 -1.011334
v -0.8012329 2.492285 -1.184044
v -0.5590825 2.492285 -1.314022
v -0.2902243 2.492285 -1.395926
v 0 2.492285 -1.424414
v -1.449219 2.473828 0
v -1.420234 2.473828 -0.2952783
v -1.336904 2.473828 -0.5688183
v -1.204663 2.473828 -0.8151855
v -1.028945 2.473828 -1.028945
v -0.8151855 2.473828 -1.204663
v -0.5688183 2.473828 -1.336904
v -0.2952783 2.473828 -1.420234
v 0 2.473828 -1.449219
v -1.475195 2.443067 0
v -1.445691 2.443066 -0.300571
v -1.360868 2.443067 -0.5790142
v -1.226256 2.443067 -0.8297974
v -1.047389 2.443067 -1.047389
v -0.8297974 2.443067 -1.226256
v -0.5790142 2.443067 -1.360868
v -0.300571 2.443067 -1.445691
v 0 2.443067 -1.475195
v -1.5 2.4 0
v -1.47 2.4 -0.305625
v -1.38375 2.4 -0.58875
v -1.246875 2.4 -0.84375
v -1.065 2.4 -1.065
v -0.84375 2.4 -1.246875
v -0.58875 2.4 -1.38375
v -0.305625 2.4 -1.47
v 0 2.4 -1.5
v 0.28525 2.4 -1.372
v 0.5495 2.4 -1.2915
v 0.7875 2.4 -1.16375
v 0.994 2.4 -0.994
v 1.16375 2.4 -0.7875
v 1.2915 2.4 -0.5495
v 1.372 2.4 -0.28525
v 1.4 2.4 0
v 0.281947 2.443066 -1.356113
v 0.5431372 2.443066 -1.276545
v 0.7783813 2.443066 -1.150275
v 0.9824903 2.443067 -0.9824902
v 1.150275 2.443066 -0.7783813
v 1.276545 2.443066 -0.5431372
v 1.356113 2.443066 -0.281947
v 1.383789 2.443066 0
v 0.2812705 2.473828 -1.352859
v 0.5418339 2.473828 -1.273482
v 0.7765137 2.473828 -1.147515
v 0.9801328 2.473828 -0.9801328
v 1.147515 2.473828 -0.7765137
v 1.273482 2.473828 -0.5418339
v 1.352859 2.473828 -0.2812705
v 1.380469 2.473828 0
v 0.2827429 2.492285 -1.359941
v 0.5446704 2.492285 -1.280149
v 0.7805786 2.492285 -1.153522
v 0.9852637 2.492285 -0.9852637
v 1.153522 2.492285 -0.7805786
v 1.280149 2.492285 -0.5446704
v 1.359941 2.492285 -0.2827429
v 1.387695 2.492285 0
v 0.2858867 2.498438 -1.375063
v 0.5507266 2.498438 -1.294383
v 0.7892578 2.498438 -1.166348
v 0.9962187 2.498438 -0.9962187
v 1.166348 2.498438 -0.7892578
v 1.294383 2.498438 -0.5507266
v 1.375063 2.498438 -0.2858867
v 1.403125 2.498438 0
v 0.2902243 2.492285 -1.395926
v 0.5590825 2.492285 -1.314022
v 0.8012329 2.492285 -1.184044
v 1.011334 2.492285 -1.011334
v 1.184044 2.492285 -0.8012329
v 1.314022 2.492285 -0.5590825
v 1.395926 2.492285 -0.2902243
v 1.424414 2.492285 0
v 0.2952783 2.473828 -1.420234
v 0.5688183 2.473828 -1.336904
v 0.8151855 2.473828 -1.204663
v 1.028945 2.473828 -1.028945
v 1.204663 2.473828 -0.8151855
v 1.336904 2.473828 -0.5688183
v 1.420234 2.473828 -0.2952783
v 1.449219 2.473828 0
v 0.300571 2.443066 -1.445691
v 0.5790142 2.443067 -1.360868
v 0.8297974 2.443067 -1.226256
v 1.047389 2.443067 -1.047389
v 1.226256 2.443067 -0.8297974
v 1.360868 2.443067 -0.5790142
v 1.445691 2.443067 -0.300571
v 1.475195 2.443067 0
v 0.305625 2.4 -1.47
v 0.58875 2.4 -1.38375
v 0.84375 2.4 -1.246875
v 1.065 2.4 -1.065
v 1.246875 2.4 -0.84375
v 1.38375 2.4 -0.58875
v 1.47 2.4 -0.305625
v 1.5 2.4 0
v 0 2.4 1.4
v 0.28525 2.4 1.372
v 0.5495 2.4 1.2915
v 0.7875 2.4 1.16375
v 0.994 2.4 0.994
v 1.16375 2.4 0.7875
v 1.2915 2.4 0.5495
v 1.372 2.4 0.28525
v 0 2.443066 1.383789
v 0.281947 2.443066 1.356113
v 0.5431372 2.443066 1.276545
v 0.7783813 2.443066 1.150275
v 0.9824903 2.443067 0.9824902
v 1.150275 2.443066 0.7783813
v 1.276545 2.443066 0.5431372
v 1.356113 2.443066 0.281947
v 0 2.473828 1.380469
v 0.2812705 2.473828 1.352859
v 0.5418339 2.473828 1.273482
v 0.7765137 2.473828 1.147515
v 0.9801328 2.473828 0.9801328
v 1.147515 2.473828 0.7765137
v 1.273482 2.473828 0.5418339
v 1.352859 2.473828 0.2812705
v 0 2.492285 1.387695
v 0.2827429 2.492285 1.359941
v 0.5446704 2.492285 1.280149
v 0.7805786 2.492285 1.153522
v 0.9852637 2.492285 0.9852637
v 1.153522 2.492285 0.7805786
v 1.280149 2.492285 0.5446704
v 1.359941 2.492285 0.2827429
v 0 2.498438 1.403125
v 0.2858867 2.498438 1.375063
v 0.5507266 2.498438 1.294383
v 0.7892578 2.498438 1.166348
v 0.9962187 2.498438 0.9962187
v 1.166348 2.498438 0.7892578
v 1.294383 2.498438 0.5507266
v 1.375063 2.498438 0.2858867
v 0 2.492285 1.424414
v 0.2902243 2.492285 1.395926
v 0.5590825 2.492285 1.314022
v 0.8012329 2.492285 1.184044
v 1.011334 2.492285 1.011334
v 1.184044 2.492285 0.8012329
v 1.314022 2.492285 0.5590825
v 1.395926 2.492285 0.2902243
v 0 2.473828 1.449219
v 0.2952783 2.473828 1.420234
v 0.5688183 2.473828 1.336904
v 0.8151855 2.473828 1.204663
v 1.028945 2.473828 1.028945
v 1.204663 2.473828 0.8151855
v 1.336904 2.473828 0.5688183
v 1.420234 2.473828 0.2952783
v 0 2.443067 1.475195
v 0.300571 2.443066 1.445691
v 0.5790142 2.443067 1.360868
v 0.8297974 2.443067 1.226256
v 1.047389 2.443067 1.047389
v 1.226256 2.443067 0.8297974
v 1.360868 2.443067 0.5790142
v 1.445691 2.443067 0.300571
v 0 2.4 1.5
v 0.305625 2.4 1.47
v 0.58875 2.4 1.38375
v 0.84375 2.4 1.246875
v 1.065 2.4 1.065
v 1.246875 2.4 0.84375
v 1.38375 2.4 0.58875
v 1.47 2.4 0.305625
v -1.372 2.4 0.28525
v -1.2915 2.4 0.5495
v -1.16375 2.4 0.7875
v -0.994 2.4 0.994
v -0.7875 2.4 1.16375
v -0.5495 2.4 1.2915
v -0.28525 2.4 1.372
v -1.356113 2.443066 0.281947
v -1.276545 2.443066 0.5431372
v -1.150275 2.443066 0.7783813
v -0.9824902 2.443067 0.9824903
v -0.7783813 2.443066 1.150275
v -0.5431372 2.443066 1.276545
v -0.281947 2.443066 1.356113
v -1.352859 2.473828 0.2812705
v -1.273482 2.473828 0.5418339
v -1.147515 2.473828 0.7765137
v -0.9801328 2.473828 0.9801328
v -0.7765137 2.473828 1.147515
v -0.5418339 2.473828 1.273482
v -0.2812705 2.473828 1.352859
v -1.359941 2.492285 0.2827429
v -1.280149 2.492285 0.5446704
v -1.153522 2.492285 0.7805786
v -0.9852637 2.492285 0.9852637
v -0.7805786 2.492285 1.153522
v -0.5446704 2.492285 1.280149
v -0.2827429 2.492285 1.359941
v -1.375063 2.498438 0.2858867
v -1.294383 2.498438 0.5507266
v -1.166348 2.498438 0.7892578
v -0.9962187 2.498438 0.9962187
v -0.7892578 2.498438 1.166348
v -0.5507266 2.498438 1.294383
v -0.2858867 2.498438 1.375063
v -1.395926 2.492285 0.2902243
v -1.314022 2.492285 0.5590825
v -1.184044 2.492285 0.8012329
v -1.011334 2.492285 1.011334
v -0.8012329 2.492285 1.184044
v -0.5590825 2.492285 1.314022
v -0.2902243 2.492285 1.395926
v -1.420234 2.473828 0.2952783
v -1.336904 2.473828 0.5688183
v -1.204663 2.473828 0.8151855
v -1.028945 2.473828 1.028945
v -0.8151855 2.473828 1.204663
v -0.5688183 2.473828 1.336904
v -0.2952783 2.473828 1.420234
v -1.445691 2.443066 0.300571
v -1.360868 2.443067 0.5790142
v -1.226256 2.443067 0.8297974
v -1.047389 2.443067 1.047389
v -0.8297974 2.443067 1.226256
v -0.5790142 2.443067 1.360868
v -0.300571 2.443067 1.445691
v -1.47 2.4 0.305625
v -1.38375 2.4 0.58875
v -1.246875 2.4 0.84375
v -1.065 2.4 1.065
v -0.84375 2.4 1.246875
v -0.58875 2.4 1.38375
v -0.305625 2.4 1.47
v -1.561396 2.203271 -0.324627
v -1.469784 2.203271 -0.6253552
v -1.324399 2.203271 -0.8962097
v -1.131216 2.203272 -1.131216
v -0.8962097 2.203271 -1.324399
v -0.6253552 2.203271 -1.469784
v -0.324627 2.203271 -1.561396
v 0 2.203271 -1.593262
v -1.649922 2.007422 -0.3430322
v -1.553115 2.007422 -0.6608105
v -1.399487 2.007422 -0.9470215
v -1.195352 2.007422 -1.195352
v -0.9470215 2.007422 -1.399487
v -0.6608105 2.007422 -1.553115
v -0.3430322 2.007422 -1.649922
v 0 2.007422 -1.683594
v -1.768066 1.81333 0
v -1.732705 1.81333 -0.3602435
v -1.631041 1.81333 -0.693966
v -1.469705 1.81333 -0.9945374
v -1.255327 1.81333 -1.255327
v -0.9945374 1.81333 -1.469705
v -0.693966 1.81333 -1.631041
v -0.3602435 1.81333 -1.732705
v 0 1.81333 -1.768066
v -1.84375 1.621875 0
v -1.806875 1.621875 -0.3756641
v -1.700859 1.621875 -0.7236719
v -1.532617 1.621875 -1.037109
v -1.309063 1.621875 -1.309063
v -1.037109 1.621875 -1.532617
v -0.7236719 1.621875 -1.700859
v -0.3756641 1.621875 -1.806875
v 0 1.621875 -1.84375
v -1.907715 1.433935 0
v -1.86956 1.433935 -0.3886969
v -1.759867 1.433935 -0.7487781
v -1.585788 1.433935 -1.07309
v -1.354478 1.433935 -1.354478
v -1.07309 1.433935 -1.585788
v -0.7487781 1.433935 -1.759867
v -0.3886969 1.433935 -1.86956
v 0 1.433935 -1.907715
v -1.957031 1.250391 0
v -1.917891 1.250391 -0.3987451
v -1.805361 1.250391 -0.7681348
v -1.626782 1.250391 -1.10083
v -1.389492 1.250391 -1.389492
v -1.10083 1.250391 -1.626782
v -0.7681348 1.250391 -1.805361
v -0.3987451 1.250391 -1.917891
v 0 1.250391 -1.957031
v -1.98877 1.072119 0
v -1.948994 1.072119 -0.4052117
v -1.83464 1.072119 -0.7805921
v -1.653165 1.072119 -1.118683
v -1.412026 1.072119 -1.412026
v -1.118683 1.072119 -1.653165
v -0.7805921 1.072119 -1.83464
v -0.4052117 1.072119 -1.948994
v 0 1.072119 -1.98877
v -1.96 0.9000001 -0.4075
v -1.845 0.9 -0.785
v -1.6625 0.9 -1.125
v -1.42 0.9 -1.42
v -1.125 0.9 -1.6625
v -0.785 0.9 -1.845
v -0.4075 0.9 -1.96
v 0 0.9 -2
v 0.324627 2.203271 -1.561396
v 0.6253552 2.203271 -1.469784
v 0.8962097 2.203271 -1.324399
v 1.131216 2.203272 -1.131216
v 1.324399 2.203271 -0.8962097
v 1.469784 2.203271 -0.6253552
v 1.561396 2.203271 -0.324627
v 1.593262 2.203271 0
v 0.3430322 2.007422 -1.649922
v 0.6608105 2.007422 -1.553115
v 0.9470215 2.007422 -1.399487
v 1.195352 2.007422 -1.195352
v 1.399487 2.007422 -0.9470215
v 1.553115 2.007422 -0.6608105
v 1.649922 2.007422 -0.3430322
v 1.683594 2.007422 0
v 0.3602435 1.81333 -1.732705
v 0.693966 1.81333 -1.631041
v 0.9945374 1.81333 -1.469705
v 1.255327 1.81333 -1.255327
v 1.469705 1.81333 -0.9945374
v 1.631041 1.81333 -0.693966
v 1.732705 1.81333 -0.3602435
v 1.768066 1.81333 0
v 0.3756641 1.621875 -1.806875
v 0.7236719 1.621875 -1.700859
v 1.037109 1.621875 -1.532617
v 1.309063 1.621875 -1.309063
v 1.532617 1.621875 -1.037109
v 1.700859 1.621875 -0.7236719
v 1.806875 1.621875 -0.3756641
v 1.84375 1.621875 0
v 0.3886969 1.433935 -1.86956
v 0.7487781 1.433935 -1.759867
v 1.07309 1.433935 -1.585788
v 1.354478 1.433935 -1.354478
v 1.585788 1.433935 -1.07309
v 1.759867 1.433935 -0.7487781
v 1.86956 1.433935 -0.3886969
v 0.3987451 1.250391 -1.917891
v 0.7681348 1.250391 -1.805361
v 1.10083 1.250391 -1.626782
v 1.389492 1.250391 -1.389492
v 1.626782 1.250391 -1.10083
v 1.805361 1.250391 -0.7681348
v 0.4052117 1.072119 -1.948994
v 0.7805921 1.072119 -1.83464
v 1.118683 1.072119 -1.653165
v 1.412026 1.072119 -1.412026
v 1.653165 1.072119 -1.118683
v 1.83464 1.072119 -0.7805921
v 0.4075 0.9000001 -1.96
v 0.785 0.9 -1.845
v 1.125 0.9 -1.6625
v 1.42 0.9 -1.42
v 1.6625 0.9 -1.125
v 1.845 0.9 -0.785
v 0 2.203271 1.593262
v 0.324627 2.203271 1.561396
v 0.6253552 2.203271 1.469784
v 0.8962097 2.203271 1.324399
v 1.131216 2.203272 1.131216
v 1.324399 2.203271 0.8962097
v 1.469784 2.203271 0.6253552
v 1.561396 2.203271 0.324627
v 0 2.007422 1.683594
v 0.3430322 2.007422 1.649922
v 0.6608105 2.007422 1.553115
v 0.9470215 2.007422 1.399487
v 1.195352 2.007422 1.195352
v 1.399487 2.007422 0.9470215
v 1.553115 2.007422 0.6608105
v 1.649922 2.007422 0.3430322
v 0 1.81333 1.768066
v 0.3602435 1.81333 1.732705
v 0.693966 1.81333 1.631041
v 0.9945374 1.81333 1.469705
v 1.255327 1.81333 1.255327
v 1.469705 1.81333 0.9945374
v 1.631041 1.81333 0.693966
v 1.732705 1.81333 0.3602435
v 0 1.621875 1.84375
v 0.3756641 1.621875 1.806875
v 0.7236719 1.621875 1.700859
v 1.037109 1.621875 1.532617
v 1.309063 1.621875 1.309063
v 1.532617 1.621875 1.037109
v 1.700859 1.621875 0.7236719
v 1.806875 1.621875 0.3756641
v 0 1.433935 1.907715
v 0.3886969 1.433935 1.86956
v 0.7487781 1.433935 1.759867
v 1.07309 1.433935 1.585788
v 1.354478 1.433935 1.354478
v 1.585788 1.433935 1.07309
v 1.759867 1.433935 0.7487781
v 1.86956 1.433935 0.3886969
v 0 1.250391 1.957031
v 0.3987451 1.250391 1.917891
v 0.7681348 1.250391 1.805361
v 1.10083 1.250391 1.626782
v 1.389492 1.250391 1.389492
v 1.626782 1.250391 1.10083
v 1.805361 1.250391 0.7681348
v 0 1.072119 1.98877
v 0.4052117 1.072119 1.948994
v 0.7805921 1.072119 1.83464
v 1.118683 1.072119 1.653165
v 1.412026 1.072119 1.412026
v 1.653165 1.072119 1.118683
v 1.83464 1.072119 0.7805921
v 0 0.9 2
v 0.4075 0.9000001 1.96
v 0.785 0.9 1.845
v 1.125 0.9 1.6625
v 1.42 0.9 1.42
v 1.6625 0.9 1.125
v 1.845 0.9 0.785
v -1.561396 2.203271 0.324627
v -1.469784 2.203271 0.6253552
v -1.324399 2.203271 0.8962097
v -1.131216 2.203272 1.131216
v -0.8962097 2.203271 1.324399
v -0.6253552 2.203271 1.469784
v -0.324627 2.203271 1.561396
v -1.649922 2.007422 0.3430322
v -1.553115 2.007422 0.6608105
v -1.399487 2.007422 0.9470215
v -1.195352 2.007422 1.195352
v -0.9470215 2.007422 1.399487
v -0.6608105 2.007422 1.553115
v -0.3430322 2.007422 1.649922
v -1.732705 1.81333 0.3602435
v -1.631041 1.81333 0.693966
v -1.469705 1.81333 0.9945374
v -1.255327 1.81333 1.255327
v -0.9945374 1.81333 1.469705
v -0.693966 1.81333 1.631041
v -0.3602435 1.81333 1.732705
v -1.806875 1.621875 0.3756641
v -1.700859 1.621875 0.7236719
v -1.532617 1.621875 1.037109
v -1.309063 1.621875 1.309063
v -1.037109 1.621875 1.532617
v -0.7236719 1.621875 1.700859
v -0.3756641 1.621875 1.806875
v -1.86956 1.433935 0.3886969
v -1.759867 1.433935 0.7487781
v -1.585788 1.433935 1.07309
v -1.354478 1.433935 1.354478
v -1.07309 1.433935 1.585788
v -0.7487781 1.433935 1.759867
v -0.3886969 1.433935 1.86956
v -1.917891 1.250391 0.3987451
v -1.805361 1.250391 0.7681348
v -1.626782 1.250391 1.10083
v -1.389492 1.250391 1.389492
v -1.10083 1.250391 1.626782
v -0.7681348 1.250391 1.805361
v -0.3987451 1.250391 1.917891
v -1.948994 1.072119 0.4052117
v -1.83464 1.072119 0.7805921
v -1.653165 1.072119 1.118683
v -1.412026 1.072119 1.412026
v -1.118683 1.072119 1.653165
v -0.7805921 1.072119 1.83464
v -0.4052117 1.072119 1.948994
v -1.96 0.9000001 0.4075
v -1.845 0.9 0.785
v -1.6625 0.9 1.125
v -1.42 0.9 1.42
v -1.125 0.9 1.6625
v -0.785 0.9 1.845
v -0.4075 0.9 1.96
v -1.938945 0.7416505 -0.4031225
v -1.825181 0.7416505 -0.7765674
v -1.644641 0.7416505 -1.112915
v -1.404746 0.7416505 -1.404746
v -1.112915 0.7416505 -1.644641
v -0.7765674 0.7416505 -1.825181
v -0.4031225 0.7416505 -1.938945
v 0 0.7416505 -1.978516
v -1.883437 0.6035157 -0.3915821
v -1.77293 0.6035157 -0.7543359
v -1.597559 0.6035157 -1.081055
v -1.364531 0.6035157 -1.364531
v -1.081055 0.6035157 -1.597559
v -0.7543359 0.6035157 -1.77293
v -0.3915821 0.6035157 -1.883437
v 0 0.6035157 -1.921875
v -1.841797 0.4847168 0
v -1.804961 0.4847169 -0.3752661
v -1.699058 0.4847168 -0.7229052
v -1.530994 0.4847168 -1.036011
v -1.307676 0.4847168 -1.307676
v -1.036011 0.4847168 -1.530994
v -0.7229052 0.4847168 -1.699058
v -0.3752661 0.4847168 -1.804961
v 0 0.4847168 -1.841797
v -1.75 0.384375 0
v -1.715 0.384375 -0.3565625
v -1.614375 0.384375 -0.686875
v -1.454687 0.384375 -0.984375
v -1.2425 0.384375 -1.2425
v -0.984375 0.384375 -1.454687
v -0.686875 0.384375 -1.614375
v -0.3565625 0.384375 -1.715
v 0 0.384375 -1.75
v -1.658203 0.3016113 0
v -1.625039 0.3016114 -0.3378589
v -1.529692 0.3016113 -0.6508448
v -1.378381 0.3016113 -0.9327393
v -1.177324 0.3016113 -1.177324
v -0.9327393 0.3016113 -1.378381
v -0.6508448 0.3016113 -1.529692
v -0.3378589 0.3016113 -1.625039
v 0 0.3016113 -1.658203
v -1.578125 0.2355469 0
v -1.546562 0.2355469 -0.3215429
v -1.45582 0.2355469 -0.6194141
v -1.311816 0.2355469 -0.8876953
v -1.120469 0.2355469 -1.120469
v -0.8876953 0.2355469 -1.311816
v -0.6194141 0.2355469 -1.45582
v -0.3215429 0.2355469 -1.546562
v 0 0.2355469 -1.578125
v -1.521484 0.1853027 0
v -1.491055 0.1853027 -0.3100024
v -1.403569 0.1853027 -0.5971826
v -1.264734 0.1853027 -0.855835
v -1.080254 0.1853027 -1.080254
v -0.855835 0.1853027 -1.264734
v -0.5971826 0.1853027 -1.403569
v -0.3100024 0.1853027 -1.491055
v 0 0.1853027 -1.521484
v -1.5 0.15 0
v -1.47 0.15 -0.305625
v -1.38375 0.15 -0.58875
v -1.246875 0.15 -0.84375
v -1.065 0.15 -1.065
v -0.84375 0.15 -1.246875
v -0.58875 0.15 -1.38375
v -0.305625 0.15 -1.47
v 0 0.15 -1.5
v 0.4031225 0.7416505 -1.938945
v 0.7765674 0.7416505 -1.825181
v 1.112915 0.7416505 -1.644641
v 1.404746 0.7416505 -1.404746
v 1.644641 0.7416505 -1.112915
v 1.825181 0.7416505 -0.7765674
v 1.938945 0.7416505 -0.4031225
v 0.3915821 0.6035157 -1.883437
v 0.7543359 0.6035157 -1.77293
v 1.081055 0.6035157 -1.597559
v 1.364531 0.6035157 -1.364531
v 1.597559 0.6035157 -1.081055
v 1.77293 0.6035157 -0.7543359
v 1.883437 0.6035157 -0.3915821
v 1.921875 0.6035157 0
v 0.3752661 0.4847169 -1.804961
v 0.7229052 0.4847168 -1.699058
v 1.036011 0.4847168 -1.530994
v 1.307676 0.4847168 -1.307676
v 1.530994 0.4847168 -1.036011
v 1.699058 0.4847168 -0.7229052
v 1.804961 0.4847168 -0.3752661
v 1.841797 0.4847168 0
v 0.3565625 0.384375 -1.715
v 0.686875 0.384375 -1.614375
v 0.984375 0.384375 -1.454687
v 1.2425 0.384375 -1.2425
v 1.454687 0.384375 -0.984375
v 1.614375 0.384375 -0.686875
v 1.715 0.384375 -0.3565625
v 1.75 0.384375 0
v 0.3378589 0.3016114 -1.625039
v 0.6508448 0.3016113 -1.529692
v 0.9327393 0.3016113 -1.378381
v 1.177324 0.3016113 -1.177324
v 1.378381 0.3016113 -0.9327393
v 1.529692 0.3016113 -0.6508448
v 1.625039 0.3016113 -0.3378589
v 1.658203 0.3016113 0
v 0.3215429 0.2355469 -1.546562
v 0.6194141 0.2355469 -1.45582
v 0.8876953 0.2355469 -1.311816
v 1.120469 0.2355469 -1.120469
v 1.311816 0.2355469 -0.8876953
v 1.45582 0.2355469 -0.6194141
v 1.546562 0.2355469 -0.3215429
v 1.578125 0.2355469 0
v 0.3100024 0.1853027 -1.491055
v 0.5971826 0.1853027 -1.403569
v 0.855835 0.1853027 -1.264734
v 1.080254 0.1853027 -1.080254
v 1.264734 0.1853027 -0.855835
v 1.403569 0.1853027 -0.5971826
v 1.491055 0.1853027 -0.3100024
v 1.521484 0.1853027 0
v 0.305625 0.15 -1.47
v 0.58875 0.15 -1.38375
v 0.84375 0.15 -1.246875
v 1.065 0.15 -1.065
v 1.246875 0.15 -0.84375
v 1.38375 0.15 -0.58875
v 1.47 0.15 -0.305625
v 1.5 0.15 0
v 0 0.7416505 1.978516
v 0.4031225 0.7416505 1.938945
v 0.7765674 0.7416505 1.825181
v 1.112915 0.7416505 1.644641
v 1.404746 0.7416505 1.404746
v 1.644641 0.7416505 1.112915
v 1.825181 0.7416505 0.7765674
v 1.938945 0.7416505 0.4031225
v 0 0.6035157 1.921875
v 0.3915821 0.6035157 1.883437
v 0.7543359 0.6035157 1.77293
v 1.081055 0.6035157 1.597559
v 1.364531 0.6035157 1.364531
v 1.597559 0.6035157 1.081055
v 1.77293 0.6035157 0.7543359
v 1.883437 0.6035157 0.3915821
v 0 0.4847168 1.841797
v 0.3752661 0.4847169 1.804961
v 0.7229052 0.4847168 1.699058
v 1.036011 0.4847168 1.530994
v 1.307676 0.4847168 1.307676
v 1.530994 0.4847168 1.036011
v 1.699058 0.4847168 0.7229052
v 1.804961 0.4847168 0.3752661
v 0 0.384375 1.75
v 0.3565625 0.384375 1.715
v 0.686875 0.384375 1.614375
v 0.984375 0.384375 1.454687
v 1.2425 0.384375 1.2425
v 1.454687 0.384375 0.984375
v 1.614375 0.384375 0.686875
v 1.715 0.384375 0.3565625
v 0 0.3016113 1.658203
v 0.3378589 0.3016114 1.625039
v 0.6508448 0.3016113 1.529692
v 0.9327393 0.3016113 1.378381
v 1.177324 0.3016113 1.177324
v 1.378381 0.3016113 0.9327393
v 1.529692 0.3016113 0.6508448
v 1.625039 0.3016113 0.3378589
v 0 0.2355469 1.578125
v 0.3215429 0.2355469 1.546562
v 0.6194141 0.2355469 1.45582
v 0.8876953 0.2355469 1.311816
v 1.120469 0.2355469 1.120469
v 1.311816 0.2355469 0.8876953
v 1.45582 0.2355469 0.6194141
v 1.546562 0.2355469 0.3215429
v 0 0.1853027 1.521484
v 0.3100024 0.1853027 1.491055
v 0.5971826 0.1853027 1.403569
v 0.855835 0.1853027 1.264734
v 1.080254 0.1853027 1.080254
v 1.264734 0.1853027 0.855835
v 1.403569 0.1853027 0.5971826
v 1.491055 0.1853027 0.3100024
v 0 0.15 1.5
v 0.305625 0.15 1.47
v 0.58875 0.15 1.38375
v 0.84375 0.15 1.246875
v 1.065 0.15 1.065
v 1.246875 0.15 0.84375
v 1.38375 0.15 0.58875
v 1.47 0.15 0.305625
v -1.938945 0.7416505 0.4031225
v -1.825181 0.7416505 0.7765674
v -1.644641 0.7416505 1.112915
v -1.404746 0.7416505 1.404746
v -1.112915 0.7416505 1.644641
v -0.7765674 0.7416505 1.825181
v -0.4031225 0.7416505 1.938945
v -1.883437 0.6035157 0.3915821
v -1.77293 0.6035157 0.7543359
v -1.597559 0.6035157 1.081055
v -1.364531 0.6035157 1.364531
v -1.081055 0.6035157 1.597559
v -0.7543359 0.6035157 1.77293
v -0.3915821 0.6035157 1.883437
v -1.804961 0.4847169 0.3752661
v -1.699058 0.4847168 0.7229052
v -1.530994 0.4847168 1.036011
v -1.307676 0.4847168 1.307676
v -1.036011 0.4847168 1.530994
v -0.7229052 0.4847168 1.699058
v -0.3752661 0.4847168 1.804961
v -1.715 0.384375 0.3565625
v -1.614375 0.384375 0.686875
v -1.454687 0.384375 0.984375
v -1.2425 0.384375 1.2425
v -0.984375 0.384375 1.454687
v -0.686875 0.384375 1.614375
v -0.3565625 0.384375 1.715
v -1.625039 0.3016114 0.3378589
v -1.529692 0.3016113 0.6508448
v -1.378381 0.3016113 0.9327393
v -1.177324 0.3016113 1.177324
v -0.9327393 0.3016113 1.378381
v -0.6508448 0.3016113 1.529692
v -0.3378589 0.3016113 1.625039
v -1.546562 0.2355469 0.3215429
v -1.45582 0.2355469 0.6194141
v -1.311816 0.2355469 0.8876953
v -1.120469 0.2355469 1.120469
v -0.8876953 0.2355469 1.311816
v -0.6194141 0.2355469 1.45582
v -0.3215429 0.2355469 1.546562
v -1.491055 0.1853027 0.3100024
v -1.403569 0.1853027 0.5971826
v -1.264734 0.1853027 0.855835
v -1.080254 0.1853027 1.080254
v -0.855835 0.1853027 1.264734
v -0.5971826 0.1853027 1.403569
v -0.3100024 0.1853027 1.491055
v -1.47 0.15 0.305625
v -1.38375 0.15 0.58875
v -1.246875 0.15 0.84375
v -1.065 0.15 1.065
v -0.84375 0.15 1.246875
v -0.58875 0.15 1.38375
v -0.305625 0.15 1.47
v -1.493994 0.1220215 0
v -1.464114 0.1220215 -0.3044012
v -1.37821 0.1220215 -0.5863927
v -1.241883 0.1220215 -0.8403717
v -1.060736 0.1220215 -1.060736
v -0.8403717 0.1220215 -1.241883
v -0.5863927 0.1220215 -1.37821
v -0.3044012 0.1220215 -1.464114
v 0 0.1220215 -1.493994
v -1.466016 0.09492188 0
v -1.436695 0.09492187 -0.2987007
v -1.352399 0.09492188 -0.5754111
v -1.218626 0.09492188 -0.8246338
v -1.040871 0.09492188 -1.040871
v -0.8246338 0.09492188 -1.218626
v -0.5754111 0.09492188 -1.352399
v -0.2987007 0.09492188 -1.436695
v 0 0.09492188 -1.466016
v -1.401123 0.06958008 0
v -1.373101 0.06958006 -0.2854788
v -1.292536 0.06958008 -0.5499408
v -1.164684 0.06958008 -0.7881317
v -0.9947975 0.06958009 -0.9947975
v -0.7881317 0.06958008 -1.164684
v -0.5499408 0.06958008 -1.292536
v -0.2854788 0.06958008 -1.373101
v 0 0.06958008 -1.401123
v -1.284375 0.046875 0
v -1.258687 0.046875 -0.2616914
v -1.184836 0.046875 -0.5041172
v -1.067637 0.046875 -0.7224609
v -0.9119062 0.046875 -0.9119062
v -0.7224609 0.046875 -1.067637
v -0.5041172 0.046875 -1.184836
v -0.2616914 0.046875 -1.258687
v 0 0.046875 -1.284375
v -1.10083 0.02768555 0
v -1.078813 0.02768555 -0.2242941
v -1.015516 0.02768555 -0.4320758
v -0.9150649 0.02768555 -0.6192169
v -0.7815894 0.02768555 -0.7815894
v -0.6192169 0.02768555 -0.9150649
v -0.4320758 0.02768555 -1.015516
v -0.2242941 0.02768555 -1.078813
v 0 0.02768555 -1.10083
v -0.8355469 0.01289063 0
v -0.8188359 0.01289062 -0.1702427
v -0.770792 0.01289063 -0.3279521
v -0.6945483 0.01289063 -0.4699951
v -0.5932383 0.01289063 -0.5932383
v -0.4699951 0.01289063 -0.6945483
v -0.3279521 0.01289063 -0.770792
v -0.1702427 0.01289063 -0.8188359
v 0 0.01289063 -0.8355469
v -0.473584 0.00336914 0
v -0.4641123 0.00336914 -0.09649274
v -0.4368812 0.00336914 -0.1858817
v -0.3936667 0.00336914 -0.266391
v -0.3362446 0.003369141 -0.3362446
v -0.266391 0.00336914 -0.3936667
v -0.1858817 0.00336914 -0.4368812
v -0.09649274 0.00336914 -0.4641123
v 0 0.00336914 -0.473584
v 0 0 0
v 0.3044012 0.1220215 -1.464114
v 0.5863927 0.1220215 -1.37821
v 0.8403717 0.1220215 -1.241883
v 1.060736 0.1220215 -1.060736
v 1.241883 0.1220215 -0.8403717
v 1.37821 0.1220215 -0.5863927
v 1.464114 0.1220215 -0.3044012
v 1.493994 0.1220215 0
v 0.2987007 0.09492187 -1.436695
v 0.5754111 0.09492188 -1.352399
v 0.8246338 0.09492188 -1.218626
v 1.040871 0.09492188 -1.040871
v 1.218626 0.09492188 -0.8246338
v 1.352399 0.09492188 -0.5754111
v 1.436695 0.09492188 -0.2987007
v 1.466016 0.09492188 0
v 0.2854788 0.06958006 -1.373101
v 0.5499408 0.06958008 -1.292536
v 0.7881317 0.06958008 -1.164684
v 0.9947975 0.06958009 -0.9947975
v 1.164684 0.06958008 -0.7881317
v 1.292536 0.06958008 -0.5499408
v 1.373101 0.06958008 -0.2854788
v 1.401123 0.06958008 0
v 0.2616914 0.046875 -1.258687
v 0.5041172 0.046875 -1.184836
v 0.7224609 0.046875 -1.067637
v 0.9119062 0.046875 -0.9119062
v 1.067637 0.046875 -0.7224609
v 1.184836 0.046875 -0.5041172
v 1.258687 0.046875 -0.2616914
v 1.284375 0.046875 0
v 0.2242941 0.02768555 -1.078813
v 0.4320758 0.02768555 -1.015516
v 0.6192169 0.02768555 -0.9150649
v 0.7815894 0.02768555 -0.7815894
v 0.9150649 0.02768555 -0.6192169
v 1.015516 0.02768555 -0.4320758
v 1.078813 0.02768555 -0.2242941
v 1.10083 0.02768555 0
v 0.1702427 0.01289062 -0.8188359
v 0.3279521 0.01289063 -0.770792
v 0.4699951 0.01289063 -0.6945483
v 0.5932383 0.01289063 -0.5932383
v 0.6945483 0.01289063 -0.4699951
v 0.770792 0.01289063 -0.3279521
v 0.8188359 0.01289063 -0.1702427
v 0.8355469 0.01289063 0
v 0.09649274 0.00336914 -0.4641123
v 0.1858817 0.00336914 -0.4368812
v 0.266391 0.00336914 -0.3936667
v 0.3362446 0.003369141 -0.3362446
v 0.3936667 0.00336914 -0.266391
v 0.4368812 0.00336914 -0.1858817
v 0.4641123 0.00336914 -0.09649274
v 0.473584 0.00336914 0
v 0 0.1220215 1.493994
v 0.3044012 0.1220215 1.464114
v 0.5863927 0.1220215 1.37821
v 0.8403717 0.1220215 1.241883
v 1.060736 0.1220215 1.060736
v 1.241883 0.1220215 0.8403717
v 1.37821 0.1220215 0.5863927
v 1.464114 0.1220215 0.3044012
v 0 0.09492188 1.466016
v 0.2987007 0.09492187 1.436695
v 0.5754111 0.09492188 1.352399
v 0.8246338 0.09492188 1.218626
v 1.040871 0.09492188 1.040871
v 1.218626 0.09492188 0.8246338
v 1.352399 0.09492188 0.5754111
v 1.436695 0.09492188 0.2987007
v 0 0.06958008 1.401123
v 0.2854788 0.06958006 1.373101
v 0.5499408 0.06958008 1.292536
v 0.7881317 0.06958008 1.164684
v 0.9947975 0.06958009 0.9947975
v 1.164684 0.06958008 0.7881317
v 1.292536 0.06958008 0.5499408
v 1.373101 0.06958008 0.2854788
v 0 0.046875 1.284375
v 0.2616914 0.046875 1.258687
v 0.5041172 0.046875 1.184836
v 0.7224609 0.046875 1.067637
v 0.9119062 0.046875 0.9119062
v 1.067637 0.046875 0.7224609
v 1.184836 0.046875 0.5041172
v 1.258687 0.046875 0.2616914
v 0 0.02768555 1.10083
v 0.2242941 0.02768555 1.078813
v 0.4320758 0.02768555 1.015516
v 0.6192169 0.02768555 0.9150649
v 0.7815894 0.02768555 0.7815894
v 0.9150649 0.02768555 0.6192169
v 1.015516 0.02768555 0.4320758
v 1.078813 0.02768555 0.2242941
v 0 0.01289063 0.8355469
v 0.1702427 0.01289062 0.8188359
v 0.3279521 0.01289063 0.770792
v 0.4699951 0.01289063 0.6945483
v 0.5932383 0.01289063 0.5932383
v 0.6945483 0.01289063 0.4699951
v 0.770792 0.01289063 0.3279521
v 0.8188359 0.01289063 0.1702427
v 0 0.00336914 0.473584
v 0.09649274 0.00336914 0.4641123
v 0.1858817 0.00336914 0.4368812
v 0.266391 0.00336914 0.3936667
v 0.3362446 0.003369141 0.3362446
v 0.3936667 0.00336914 0.266391
v 0.4368812 0.00336914 0.1858817
v 0.4641123 0.00336914 0.09649274
v -1.464114 0.1220215 0.3044012
v -1.37821 0.1220215 0.5863927
v -1.241883 0.1220215 0.8403717
v -1.060736 0.1220215 1.060736
v -0.8403717 0.1220215 1.241883
v -0.5863927 0.1220215 1.37821
v -0.3044012 0.1220215 1.464114
v -1.436695 0.09492187 0.2987007
v -1.352399 0.09492188 0.5754111
v -1.218626 0.09492188 0.8246338
v -1.040871 0.09492188 1.040871
v -0.8246338 0.09492188 1.218626
v -0.5754111 0.09492188 1.352399
v -0.2987007 0.09492188 1.436695
v -1.373101 0.06958006 0.2854788
v -1.292536 0.06958008 0.5499408
v -1.164684 0.06958008 0.7881317
v -0.9947975 0.06958009 0.9947975
v -0.7881317 0.06958008 1.164684
v -0.5499408 0.06958008 1.292536
v -0.2854788 0.06958008 1.373101
v -1.258687 0.046875 0.2616914
v -1.184836 0.046875 0.5041172
v -1.067637 0.046875 0.7224609
v -0.9119062 0.046875 0.9119062
v -0.7224609 0.046875 1.067637
v -0.5041172 0.046875 1.184836
v -0.2616914 0.046875 1.258687
v -1.078813 0.02768555 0.2242941
v -1.015516 0.02768555 0.4320758
v -0.9150649 0.02768555 0.6192169
v -0.7815894 0.02768555 0.7815894
v -0.6192169 0.02768555 0.9150649
v -0.4320758 0.02768555 1.015516
v -0.2242941 0.02768555 1.078813
v -0.8188359 0.01289062 0.1702427
v -0.770792 0.01289063 0.3279521
v -0.6945483 0.01289063 0.4699951
v -0.5932383 0.01289063 0.5932383
v -0.4699951 0.01289063 0.6945483
v -0.3279521 0.01289063 0.770792
v -0.1702427 0.01289063 0.8188359
v -0.4641123 0.00336914 0.09649274
v -0.4368812 0.00336914 0.1858817
v -0.3936667 0.00336914 0.266391
v -0.3362446 0.003369141 0.3362446
v -0.266391 0.00336914 0.3936667
v -0.1858817 0.00336914 0.4368812
v -0.09649274 0.00336914 0.4641123
v 2.009758 1.331226 0
v 2.014021 1.310448 -0.1264691
v 2.025261 1.25567 -0.2168042
v 2.041152 1.178224 -0.2710052
v 2.059369 1.089446 -0.2890723
v 2.077586 1.000667 -0.2710052
v 2.093477 0.9232216 -0.2168042
v 2.104717 0.8684433 -0.1264691
v 2.10898 0.8476652 0
v 2.218741 1.426197 0
v 2.225454 1.408942 -0.1173252
v 2.243151 1.363454 -0.2011289
v 2.268172 1.299143 -0.2514111
v 2.296854 1.225421 -0.2681718
v 2.325536 1.151699 -0.2514111
v 2.350557 1.087388 -0.2011289
v 2.368254 1.041899 -0.1173252
v 2.374967 1.024645 0
v 2.352729 1.560424 0
v 2.360682 1.547041 -0.1043976
v 2.381649 1.511759 -0.1789673
v 2.411292 1.461877 -0.2237091
v 2.445273 1.404696 -0.238623
v 2.479254 1.347514 -0.2237091
v 2.508897 1.297632 -0.1789673
v 2.529864 1.26235 -0.1043976
v 2.537817 1.248967 0
v 2.4375 1.721897 0
v 2.446089 1.712413 -0.08957814
v 2.468732 1.68741 -0.1535625
v 2.500746 1.652061 -0.1919531
v 2.537444 1.611539 -0.20475
v 2.574142 1.571017 -0.1919531
v 2.606155 1.535668 -0.1535625
v 2.628798 1.510665 -0.08957814
v 2.637388 1.501181 0
v 2.498834 1.898603 0
v 2.508059 1.892726 -0.07475867
v 2.532381 1.877234 -0.1281577
v 2.566766 1.85533 -0.1601972
v 2.606184 1.830222 -0.170877
v 2.645602 1.805113 -0.1601972
v 2.679987 1.783209 -0.1281577
v 2.704309 1.767717 -0.07475867
v 2.713534 1.76184 0
v 2.56251 2.07853 0
v 2.572977 2.07565 -0.06183106
v 2.600573 2.068056 -0.1059961
v 2.639587 2.05732 -0.1324951
v 2.684312 2.045013 -0.1413281
v 2.729036 2.032706 -0.1324951
v 2.768051 2.02197 -0.1059961
v 2.795647 2.014376 -0.06183106
v 2.806114 2.011496 0
v 2.654305 2.249666 0
v 2.667225 2.248851 -0.05268714
v 2.701286 2.246703 -0.09032081
v 2.749442 2.243665 -0.112901
v 2.804645 2.240182 -0.1204277
v 2.859847 2.2367 -0.112901
v 2.908003 2.233662 -0.09032081
v 2.942064 2.231513 -0.05268714
v 2.954984 2.230698 0
v 2.8 2.4 0
v 3.2 2.4 0
v 1.863843 1.31064 0
v 1.852955 1.286568 -0.1282481
v 1.852992 1.227022 -0.2199533
v 1.861428 1.144119 -0.2749207
v 1.873592 1.062618 -0.2906998
v 1.871555 1.049232 -0.2932155
v 1.859788 0.9492421 -0.2752923
v 1.852887 0.8621985 -0.2204397
v 1.853047 0.8384797 -0.1844044
v 1.838594 0.7978659 -0.1287498
v 1.84101 0.7756095 0
v 1.834682 1.309261 0
v 1.81521 1.321474 0
v 1.80407 1.34834 0
v 1.824584 1.285538 -0.1286281
v 1.805854 1.295855 -0.1345694
v 1.795204 1.318734 -0.1470003
v 1.825934 1.225764 -0.2214116
v 1.808399 1.231704 -0.2311668
v 1.798688 1.245527 -0.2516386
v 1.835805 1.142293 -0.277375
v 1.819617 1.144186 -0.288384
v 1.810929 1.149194 -0.3113431
v 1.849218 1.060183 -0.2940037
v 1.834264 1.059263 -0.3051671
v 1.826435 1.058067 -0.3278194
v 1.84738 1.046783 -0.2966724
v 1.832666 1.045515 -0.3079039
v 1.824956 1.043474 -0.3304458
v 1.837405 0.946236 -0.2798308
v 1.824564 0.9422401 -0.2908232
v 1.817712 0.9343334 -0.3111907
v 1.832461 0.8572128 -0.2254126
v 1.821603 0.8496935 -0.2349195
v 1.81539 0.8360278 -0.2510303
v 1.833411 0.8323629 -0.1887905
v 1.823112 0.8234466 -0.1966927
v 1.817057 0.8076563 -0.2098493
v 1.819644 0.7902715 -0.132055
v 1.81017 0.7792699 -0.137599
v 1.803933 0.7607179 -0.1464097
v 1.822528 0.766722 0
v 1.813534 0.7542325 0
v 1.807199 0.7337794 0
v 2.014021 1.310448 0.1264691
v 2.025261 1.25567 0.2168042
v 2.041152 1.178224 0.2710052
v 2.059369 1.089446 0.2890723
v 2.077586 1.000667 0.2710052
v 2.093477 0.9232216 0.2168042
v 2.104717 0.8684433 0.1264691
v 2.225454 1.408942 0.1173252
v 2.243151 1.363454 0.2011289
v 2.268172 1.299143 0.2514111
v 2.296854 1.225421 0.2681718
v 2.325536 1.151699 0.2514111
v 2.350557 1.087388 0.2011289
v 2.368254 1.041899 0.1173252
v 2.360682 1.547041 0.1043976
v 2.381649 1.511759 0.1789673
v 2.411292 1.461877 0.2237091
v 2.445273 1.404696 0.238623
v 2.479254 1.347514 0.2237091
v 2.508897 1.297632 0.1789673
v 2.529864 1.26235 0.1043976
v 2.446089 1.712413 0.08957814
v 2.468732 1.68741 0.1535625
v 2.500746 1.652061 0.1919531
v 2.537444 1.611539 0.20475
v 2.574142 1.571017 0.1919531
v 2.606155 1.535668 0.1535625
v 2.628798 1.510665 0.08957814
v 2.508059 1.892726 0.07475867
v 2.532381 1.877234 0.1281577
v 2.566766 1.85533 0.1601972
v 2.606184 1.830222 0.170877
v 2.645602 1.805113 0.1601972
v 2.679987 1.783209 0.1281577
v 2.704309 1.767717 0.07475867
v 2.572977 2.07565 0.06183106
v 2.600573 2.068056 0.1059961
v 2.639587 2.05732 0.1324951
v 2.684312 2.045013 0.1413281
v 2.729036 2.032706 0.1324951
v 2.768051 2.02197 0.1059961
v 2.795647 2.014376 0.06183106
v 2.667225 2.248851 0.05268714
v 2.701286 2.246703 0.09032081
v 2.749442 2.243665 0.112901
v 2.804645 2.240182 0.1204277
v 2.859847 2.2367 0.112901
v 2.908003 2.233662 0.09032081
v 2.942064 2.231513 0.05268714
v 2.817187 2.4 0.04921875
v 2.8625 2.4 0.084375
v 2.926563 2.4 0.1054688
v 3 2.4 0.1125
v 3.073437 2.4 0.1054688
v 3.1375 2.4 0.084375
v 3.182812 2.4 0.04921875
v 1.852955 1.286568 0.1282481
v 1.852992 1.227022 0.2199533
v 1.861428 1.144119 0.2749207
v 1.873592 1.062618 0.2906998
v 1.871555 1.049232 0.2932155
v 1.859788 0.9492421 0.2752923
v 1.852887 0.8621985 0.2204397
v 1.853047 0.8384797 0.1844044
v 1.838594 0.7978659 0.1287498
v 1.824584 1.285538 0.1286281
v 1.805854 1.295855 0.1345694
v 1.795204 1.318734 0.1470003
v 1.825934 1.225764 0.2214116
v 1.808399 1.231704 0.2311668
v 1.798688 1.245527 0.2516386
v 1.835805 1.142293 0.277375
v 1.819617 1.144186 0.288384
v 1.810929 1.149194 0.3113431
v 1.849218 1.060183 0.2940037
v 1.834264 1.059263 0.3051671
v 1.826435 1.058067 0.3278194
v 1.84738 1.046783 0.2966724
v 1.832666 1.045515 0.3079039
v 1.824956 1.043474 0.3304458
v 1.837405 0.946236 0.2798308
v 1.824564 0.9422401 0.2908232
v 1.817712 0.9343334 0.3111907
v 1.832461 0.8572128 0.2254126
v 1.821603 0.8496935 0.2349195
v 1.81539 0.8360278 0.2510303
v 1.833411 0.8323629 0.1887905
v 1.823112 0.8234466 0.1966927
v 1.817057 0.8076563 0.2098493
v 1.819644 0.7902715 0.132055
v 1.81017 0.7792699 0.137599
v 1.803933 0.7607179 0.1464097
v 0 0.18 0
v -0.1006836 0.1800586 0
v -0.09866992 0.1800586 -0.02051428
v -0.09288062 0.1800586 -0.03951831
v -0.08369324 0.1800586 -0.05663452
v -0.07148536 0.1800586 -0.07148536
v -0.05663452 0.1800586 -0.08369324
v -0.03951831 0.1800586 -0.09288062
v -0.02051428 0.1800586 -0.09866993
v 0 0.1800586 -0.1006836
v -0.2429687 0.1804688 0
v -0.2381094 0.1804687 -0.04950488
v -0.2241387 0.1804688 -0.09536524
v -0.2019678 0.1804688 -0.1366699
v -0.1725078 0.1804688 -0.1725078
v -0.1366699 0.1804688 -0.2019678
v -0.09536524 0.1804688 -0.2241387
v -0.04950488 0.1804687 -0.2381094
v 0 0.1804688 -0.2429687
v -0.412207 0.181582 0
v -0.4039629 0.181582 -0.08398718
v -0.380261 0.181582 -0.1617913
v -0.3426471 0.181582 -0.2318664
v -0.292667 0.181582 -0.292667
v -0.2318664 0.181582 -0.3426471
v -0.1617912 0.181582 -0.380261
v -0.08398718 0.181582 -0.4039629
v 0 0.181582 -0.412207
v -0.59375 0.18375 0
v -0.581875 0.18375 -0.1209766
v -0.5477344 0.18375 -0.2330469
v -0.4935547 0.18375 -0.3339844
v -0.4215625 0.18375 -0.4215625
v -0.3339844 0.18375 -0.4935547
v -0.2330469 0.18375 -0.5477344
v -0.1209766 0.18375 -0.581875
v 0 0.18375 -0.59375
v -0.7729492 0.1873242 0
v -0.7574902 0.1873242 -0.1574884
v -0.7130457 0.1873242 -0.3033826
v -0.6425141 0.1873242 -0.4347839
v -0.548794 0.1873242 -0.548794
v -0.4347839 0.1873242 -0.6425141
v -0.3033826 0.1873242 -0.7130457
v -0.1574884 0.1873242 -0.7574903
v 0 0.1873242 -0.7729492
v -0.9351562 0.1926562 0
v -0.9164531 0.1926562 -0.1905381
v -0.8626816 0.1926562 -0.3670488
v -0.7773486 0.1926562 -0.5260254
v -0.6639609 0.1926562 -0.663961
v -0.5260254 0.1926563 -0.7773486
v -0.3670488 0.1926562 -0.8626816
v -0.1905381 0.1926562 -0.9164531
v 0 0.1926562 -0.9351562
v -1.065723 0.2000977 0
v -1.044408 0.2000977 -0.217141
v -0.9831291 0.2000977 -0.4182962
v -0.885882 0.2000977 -0.5994691
v -0.7566631 0.2000977 -0.7566631
v -0.5994689 0.2000977 -0.885882
v -0.4182961 0.2000977 -0.9831291
v -0.217141 0.2000977 -1.044408
v 0 0.2000977 -1.065723
v -1.15 0.21 0
v -1.127 0.21 -0.2343125
v -1.060875 0.21 -0.451375
v -0.9559375 0.21 -0.646875
v -0.8164999 0.21 -0.8165
v -0.646875 0.21 -0.9559375
v -0.4513749 0.21 -1.060875
v -0.2343125 0.21 -1.127
v 0 0.21 -1.15
v 0.02051428 0.1800586 -0.09866992
v 0.03951831 0.1800586 -0.09288062
v 0.05663452 0.1800586 -0.08369324
v 0.07148536 0.1800586 -0.07148536
v 0.08369324 0.1800586 -0.05663452
v 0.09288062 0.1800586 -0.03951831
v 0.09866993 0.1800586 -0.02051428
v 0.1006836 0.1800586 0
v 0.04950488 0.1804687 -0.2381094
v 0.09536524 0.1804688 -0.2241387
v 0.1366699 0.1804688 -0.2019678
v 0.1725078 0.1804688 -0.1725078
v 0.2019678 0.1804688 -0.1366699
v 0.2241387 0.1804688 -0.09536524
v 0.2381094 0.1804687 -0.04950488
v 0.2429687 0.1804688 0
v 0.08398718 0.181582 -0.4039629
v 0.1617913 0.181582 -0.380261
v 0.2318664 0.181582 -0.3426471
v 0.292667 0.181582 -0.292667
v 0.3426471 0.181582 -0.2318664
v 0.380261 0.181582 -0.1617912
v 0.4039629 0.181582 -0.08398718
v 0.412207 0.181582 0
v 0.1209766 0.18375 -0.581875
v 0.2330469 0.18375 -0.5477344
v 0.3339844 0.18375 -0.4935547
v 0.4215625 0.18375 -0.4215625
v 0.4935547 0.18375 -0.3339844
v 0.5477344 0.18375 -0.2330469
v 0.581875 0.18375 -0.1209766
v 0.59375 0.18375 0
v 0.1574884 0.1873242 -0.7574902
v 0.3033826 0.1873242 -0.7130457
v 0.4347839 0.1873242 -0.6425141
v 0.548794 0.1873242 -0.548794
v 0.6425141 0.1873242 -0.4347839
v 0.7130457 0.1873242 -0.3033826
v 0.7574903 0.1873242 -0.1574884
v 0.7729492 0.1873242 0
v 0.1905381 0.1926562 -0.9164531
v 0.3670488 0.1926562 -0.8626816
v 0.5260254 0.1926562 -0.7773486
v 0.663961 0.1926562 -0.6639609
v 0.7773486 0.1926563 -0.5260254
v 0.8626816 0.1926562 -0.3670488
v 0.9164531 0.1926562 -0.1905381
v 0.9351562 0.1926562 0
v 0.217141 0.2000977 -1.044408
v 0.4182962 0.2000977 -0.9831291
v 0.5994691 0.2000977 -0.885882
v 0.7566631 0.2000977 -0.7566631
v 0.885882 0.2000977 -0.5994689
v 0.9831291 0.2000977 -0.4182961
v 1.044408 0.2000977 -0.217141
v 1.065723 0.2000977 0
v 0.2343125 0.21 -1.127
v 0.451375 0.21 -1.060875
v 0.646875 0.21 -0.9559375
v 0.8165 0.21 -0.8164999
v 0.9559375 0.21 -0.646875
v 1.060875 0.21 -0.4513749
v 1.127 0.21 -0.2343125
v 1.15 0.21 0
v 0 0.1800586 0.1006836
v 0.02051428 0.1800586 0.09866992
v 0.03951831 0.1800586 0.09288062
v 0.05663452 0.1800586 0.08369324
v 0.07148536 0.1800586 0.07148536
v 0.08369324 0.1800586 0.05663452
v 0.09288062 0.1800586 0.03951831
v 0.09866993 0.1800586 0.02051428
v 0 0.1804688 0.2429687
v 0.04950488 0.1804687 0.2381094
v 0.09536524 0.1804688 0.2241387
v 0.1366699 0.1804688 0.2019678
v 0.1725078 0.1804688 0.1725078
v 0.2019678 0.1804688 0.1366699
v 0.2241387 0.1804688 0.09536524
v 0.2381094 0.1804687 0.04950488
v 0 0.181582 0.412207
v 0.08398718 0.181582 0.4039629
v 0.1617913 0.181582 0.380261
v 0.2318664 0.181582 0.3426471
v 0.292667 0.181582 0.292667
v 0.3426471 0.181582 0.2318664
v 0.380261 0.181582 0.1617912
v 0.4039629 0.181582 0.08398718
v 0 0.18375 0.59375
v 0.1209766 0.18375 0.581875
v 0.2330469 0.18375 0.5477344
v 0.3339844 0.18375 0.4935547
v 0.4215625 0.18375 0.4215625
v 0.4935547 0.18375 0.3339844
v 0.5477344 0.18375 0.2330469
v 0.581875 0.18375 0.1209766
v 0 0.1873242 0.7729492
v 0.1574884 0.1873242 0.7574902
v 0.3033826 0.1873242 0.7130457
v 0.4347839 0.1873242 0.6425141
v 0.548794 0.1873242 0.548794
v 0.6425141 0.1873242 0.4347839
v 0.7130457 0.1873242 0.3033826
v 0.7574903 0.1873242 0.1574884
v 0 0.1926562 0.9351562
v 0.1905381 0.1926562 0.9164531
v 0.3670488 0.1926562 0.8626816
v 0.5260254 0.1926562 0.7773486
v 0.663961 0.1926562 0.6639609
v 0.7773486 0.1926563 0.5260254
v 0.8626816 0.1926562 0.3670488
v 0.9164531 0.1926562 0.1905381
v 0 0.2000977 1.065723
v 0.217141 0.2000977 1.044408
v 0.4182962 0.2000977 0.9831291
v 0.5994691 0.2000977 0.885882
v 0.7566631 0.2000977 0.7566631
v 0.885882 0.2000977 0.5994689
v 0.9831291 0.2000977 0.4182961
v 1.044408 0.2000977 0.217141
v 0 0.21 1.15
v 0.2343125 0.21 1.127
v 0.451375 0.21 1.060875
v 0.646875 0.21 0.9559375
v 0.8165 0.21 0.8164999
v 0.9559375 0.21 0.646875
v 1.060875 0.21 0.4513749
v 1.127 0.21 0.2343125
v -0.09866992 0.1800586 0.02051428
v -0.09288062 0.1800586 0.03951831
v -0.08369324 0.1800586 0.05663452
v -0.07148536 0.1800586 0.07148536
v -0.05663452 0.1800586 0.08369324
v -0.03951831 0.1800586 0.09288062
v -0.02051428 0.1800586 0.09866993
v -0.2381094 0.1804687 0.04950488
v -0.2241387 0.1804688 0.09536524
v -0.2019678 0.1804688 0.1366699
v -0.1725078 0.1804688 0.1725078
v -0.1366699 0.1804688 0.2019678
v -0.09536524 0.1804688 0.2241387
v -0.04950488 0.1804687 0.2381094
v -0.4039629 0.181582 0.08398718
v -0.380261 0.181582 0.1617913
v -0.3426471 0.181582 0.2318664
v -0.292667 0.181582 0.292667
v -0.2318664 0.181582 0.3426471
v -0.1617912 0.181582 0.380261
v -0.08398718 0.181582 0.4039629
v -0.581875 0.18375 0.1209766
v -0.5477344 0.18375 0.2330469
v -0.4935547 0.18375 0.3339844
v -0.4215625 0.18375 0.4215625
v -0.3339844 0.18375 0.4935547
v -0.2330469 0.18375 0.5477344
v -0.1209766 0.18375 0.581875
v -0.7574902 0.1873242 0.1574884
v -0.7130457 0.1873242 0.3033826
v -0.6425141 0.1873242 0.4347839
v -0.548794 0.1873242 0.548794
v -0.4347839 0.1873242 0.6425141
v -0.3033826 0.1873242 0.7130457
v -0.1574884 0.1873242 0.7574903
v -0.9164531 0.1926562 0.1905381
v -0.8626816 0.1926562 0.3670488
v -0.7773486 0.1926562 0.5260254
v -0.6639609 0.1926562 0.663961
v -0.5260254 0.1926563 0.7773486
v -0.3670488 0.1926562 0.8626816
v -0.1905381 0.1926562 0.9164531
v -1.044408 0.2000977 0.217141
v -0.9831291 0.2000977 0.4182962
v -0.885882 0.2000977 0.5994691
v -0.7566631 0.2000977 0.7566631
v -0.5994689 0.2000977 0.885882
v -0.4182961 0.2000977 0.9831291
v -0.217141 0.2000977 1.044408
v -1.127 0.21 0.2343125
v -1.060875 0.21 0.451375
v -0.9559375 0.21 0.646875
v -0.8164999 0.21 0.8165
v -0.646875 0.21 0.9559375
v -0.4513749 0.21 1.060875
v -0.2343125 0.21 1.127
v -1.23248 0.2364648 0
v -1.207831 0.2364648 -0.2511179
v -1.136963 0.2364648 -0.4837486
v -1.0245 0.2364648 -0.6932703
v -0.8750612 0.2364648 -0.8750612
v -0.6932703 0.2364649 -1.0245
v -0.4837485 0.2364648 -1.136963
v -0.2511179 0.2364648 -1.207831
v 0 0.2364648 -1.23248
v -1.354219 0.2829687 0
v -1.327134 0.2829687 -0.2759221
v -1.249267 0.2829687 -0.5315309
v -1.125694 0.2829687 -0.761748
v -0.9614953 0.2829687 -0.9614953
v -0.761748 0.2829688 -1.125694
v -0.5315308 0.2829687 -1.249267
v -0.2759221 0.2829688 -1.327134
v 0 0.2829687 -1.354219
v -1.49541 0.3564258 0
v -1.465502 0.3564258 -0.3046898
v -1.379516 0.3564258 -0.5869485
v -1.24306 0.3564258 -0.8411682
v -1.061741 0.3564258 -1.061741
v -0.8411682 0.3564258 -1.24306
v -0.5869485 0.3564258 -1.379516
v -0.3046898 0.3564258 -1.465502
v 0 0.3564258 -1.49541
v -1.63625 0.46375 0
v -1.603525 0.4637501 -0.3333859
v -1.50944 0.46375 -0.6422281
v -1.360133 0.46375 -0.9203906
v -1.161737 0.46375 -1.161737
v -0.9203906 0.4637501 -1.360133
v -0.6422281 0.46375 -1.50944
v -0.3333859 0.46375 -1.603525
v 0 0.46375 -1.63625
v -1.756934 0.6118554 0
v -1.721795 0.6118554 -0.3579752
v -1.620771 0.6118554 -0.6895964
v -1.460451 0.6118554 -0.9882752
v -1.247423 0.6118554 -1.247423
v -0.9882752 0.6118554 -1.460451
v -0.6895964 0.6118554 -1.620771
v -0.3579752 0.6118555 -1.721795
v 0 0.6118554 -1.756934
v -1.837656 0.8076562 0
v -1.800903 0.8076562 -0.3744225
v -1.695238 0.8076562 -0.72128
v -1.527552 0.8076562 -1.033682
v -1.304736 0.8076562 -1.304736
v -1.033682 0.8076562 -1.527552
v -0.72128 0.8076562 -1.695238
v -0.3744225 0.8076563 -1.800903
v 0 0.8076562 -1.837656
v -1.858613 1.058066 0
v -1.821441 1.058066 -0.3786925
v -1.714571 1.058066 -0.7295057
v -1.544972 1.058066 -1.04547
v -1.319615 1.058066 -1.319615
v -1.04547 1.058066 -1.544972
v -0.7295057 1.058066 -1.714571
v -0.3786924 1.058067 -1.821441
v 0 1.058066 -1.858613
v -1.8 1.37 0
v -1.764 1.37 -0.36675
v -1.6605 1.37 -0.7065
v -1.49625 1.37 -1.0125
v -1.278 1.37 -1.278
v -1.0125 1.37 -1.49625
v -0.7065 1.37 -1.6605
v -0.36675 1.37 -1.764
v 0 1.37 -1.8
v 0.2511179 0.2364648 -1.207831
v 0.4837486 0.2364648 -1.136963
v 0.6932703 0.2364648 -1.0245
v 0.8750612 0.2364648 -0.8750612
v 1.0245 0.2364649 -0.6932703
v 1.136963 0.2364648 -0.4837485
v 1.207831 0.2364648 -0.2511179
v 1.23248 0.2364648 0
v 0.2759221 0.2829687 -1.327134
v 0.5315309 0.2829687 -1.249267
v 0.761748 0.2829687 -1.125694
v 0.9614953 0.2829687 -0.9614953
v 1.125694 0.2829688 -0.761748
v 1.249267 0.2829687 -0.5315308
v 1.327134 0.2829688 -0.2759221
v 1.354219 0.2829687 0
v 0.3046898 0.3564258 -1.465502
v 0.5869485 0.3564258 -1.379516
v 0.8411682 0.3564258 -1.24306
v 1.061741 0.3564258 -1.061741
v 1.24306 0.3564258 -0.8411682
v 1.379516 0.3564258 -0.5869485
v 1.465502 0.3564258 -0.3046898
v 1.49541 0.3564258 0
v 0.3333859 0.4637501 -1.603525
v 0.6422281 0.46375 -1.50944
v 0.9203906 0.46375 -1.360133
v 1.161737 0.46375 -1.161737
v 1.360133 0.4637501 -0.9203906
v 1.50944 0.46375 -0.6422281
v 1.603525 0.46375 -0.3333859
v 1.63625 0.46375 0
v 0.3579752 0.6118554 -1.721795
v 0.6895964 0.6118554 -1.620771
v 0.9882752 0.6118554 -1.460451
v 1.247423 0.6118554 -1.247423
v 1.460451 0.6118554 -0.9882752
v 1.620771 0.6118554 -0.6895964
v 1.721795 0.6118555 -0.3579752
v 1.756934 0.6118554 0
v 0.3744225 0.8076562 -1.800903
v 0.72128 0.8076562 -1.695238
v 1.033682 0.8076562 -1.527552
v 1.304736 0.8076562 -1.304736
v 1.527552 0.8076562 -1.033682
v 1.695238 0.8076562 -0.72128
v 1.800903 0.8076563 -0.3744225
v 0.3786925 1.058066 -1.821441
v 0.7295057 1.058066 -1.714571
v 1.04547 1.058066 -1.544972
v 1.319615 1.058066 -1.319615
v 1.544972 1.058066 -1.04547
v 1.714571 1.058066 -0.7295057
v 1.821441 1.058067 -0.3786924
v 0.36675 1.37 -1.764
v 0.7065 1.37 -1.6605
v 1.0125 1.37 -1.49625
v 1.278 1.37 -1.278
v 1.49625 1.37 -1.0125
v 1.6605 1.37 -0.7065
v 1.764 1.37 -0.36675
v 1.8 1.37 0
v 0 0.2364648 1.23248
v 0.2511179 0.2364648 1.207831
v 0.4837486 0.2364648 1.136963
v 0.6932703 0.2364648 1.0245
v 0.8750612 0.2364648 0.8750612
v 1.0245 0.2364649 0.6932703
v 1.136963 0.2364648 0.4837485
v 1.207831 0.2364648 0.2511179
v 0 0.2829687 1.354219
v 0.2759221 0.2829687 1.327134
v 0.5315309 0.2829687 1.249267
v 0.761748 0.2829687 1.125694
v 0.9614953 0.2829687 0.9614953
v 1.125694 0.2829688 0.761748
v 1.249267 0.2829687 0.5315308
v 1.327134 0.2829688 0.2759221
v 0 0.3564258 1.49541
v 0.3046898 0.3564258 1.465502
v 0.5869485 0.3564258 1.379516
v 0.8411682 0.3564258 1.24306
v 1.061741 0.3564258 1.061741
v 1.24306 0.3564258 0.8411682
v 1.379516 0.3564258 0.5869485
v 1.465502 0.3564258 0.3046898
v 0 0.46375 1.63625
v 0.3333859 0.4637501 1.603525
v 0.6422281 0.46375 1.50944
v 0.9203906 0.46375 1.360133
v 1.161737 0.46375 1.161737
v 1.360133 0.4637501 0.9203906
v 1.50944 0.46375 0.6422281
v 1.603525 0.46375 0.3333859
v 0 0.6118554 1.756934
v 0.3579752 0.6118554 1.721795
v 0.6895964 0.6118554 1.620771
v 0.9882752 0.6118554 1.460451
v 1.247423 0.6118554 1.247423
v 1.460451 0.6118554 0.9882752
v 1.620771 0.6118554 0.6895964
v 1.721795 0.6118555 0.3579752
v 0 0.8076562 1.837656
v 0.3744225 0.8076562 1.800903
v 0.72128 0.8076562 1.695238
v 1.033682 0.8076562 1.527552
v 1.304736 0.8076562 1.304736
v 1.527552 0.8076562 1.033682
v 1.695238 0.8076562 0.72128
v 1.800903 0.8076563 0.3744225
v 0 1.058066 1.858613
v 0.3786925 1.058066 1.821441
v 0.7295057 1.058066 1.714571
v 1.04547 1.058066 1.544972
v 1.319615 1.058066 1.319615
v 1.544972 1.058066 1.04547
v 1.714571 1.058066 0.7295057
v 1.821441 1.058067 0.3786924
v 0 1.37 1.8
v 0.36675 1.37 1.764
v 0.7065 1.37 1.6605
v 1.0125 1.37 1.49625
v 1.278 1.37 1.278
v 1.49625 1.37 1.0125
v 1.6605 1.37 0.7065
v 1.764 1.37 0.36675
v -1.207831 0.2364648 0.2511179
v -1.136963 0.2364648 0.4837486
v -1.0245 0.2364648 0.6932703
v -0.8750612 0.2364648 0.8750612
v -0.6932703 0.2364649 1.0245
v -0.4837485 0.2364648 1.136963
v -0.2511179 0.2364648 1.207831
v -1.327134 0.2829687 0.2759221
v -1.249267 0.2829687 0.5315309
v -1.125694 0.2829687 0.761748
v -0.9614953 0.2829687 0.9614953
v -0.761748 0.2829688 1.125694
v -0.5315308 0.2829687 1.249267
v -0.2759221 0.2829688 1.327134
v -1.465502 0.3564258 0.3046898
v -1.379516 0.3564258 0.5869485
v -1.24306 0.3564258 0.8411682
v -1.061741 0.3564258 1.061741
v -0.8411682 0.3564258 1.24306
v -0.5869485 0.3564258 1.379516
v -0.3046898 0.3564258 1.465502
v -1.603525 0.4637501 0.3333859
v -1.50944 0.46375 0.6422281
v -1.360133 0.46375 0.9203906
v -1.161737 0.46375 1.161737
v -0.9203906 0.4637501 1.360133
v -0.6422281 0.46375 1.50944
v -0.3333859 0.46375 1.603525
v -1.721795 0.6118554 0.3579752
v -1.620771 0.6118554 0.6895964
v -1.460451 0.6118554 0.9882752
v -1.247423 0.6118554 1.247423
v -0.9882752 0.6118554 1.460451
v -0.6895964 0.6118554 1.620771
v -0.3579752 0.6118555 1.721795
v -1.800903 0.8076562 0.3744225
v -1.695238 0.8076562 0.72128
v -1.527552 0.8076562 1.033682
v -1.304736 0.8076562 1.304736
v -1.033682 0.8076562 1.527552
v -0.72128 0.8076562 1.695238
v -0.3744225 0.8076563 1.800903
v -1.821441 1.058066 0.3786925
v -1.714571 1.058066 0.7295057
v -1.544972 1.058066 1.04547
v -1.319615 1.058066 1.319615
v -1.04547 1.058066 1.544972
v -0.7295057 1.058066 1.714571
v -0.3786924 1.058067 1.821441
v -1.764 1.37 0.36675
v -1.6605 1.37 0.7065
v -1.49625 1.37 1.0125
v -1.278 1.37 1.278
v -1.0125 1.37 1.49625
v -0.7065 1.37 1.6605
v -0.36675 1.37 1.764
v -1.674981 1.738183 0
v -1.641481 1.738183 -0.3412773
v -1.545169 1.738183 -0.6574298
v -1.392327 1.738183 -0.9421766
v -1.189236 1.738183 -1.189236
v -0.9421766 1.738183 -1.392327
v -0.6574298 1.738183 -1.545169
v -0.3412773 1.738183 -1.641481
v 0 1.738183 -1.674981
v -1.562969 1.994219 0
v -1.531709 1.994218 -0.3184549
v -1.441839 1.994219 -0.6134652
v -1.299218 1.994219 -0.8791699
v -1.109708 1.994219 -1.109708
v -0.8791699 1.994219 -1.299218
v -0.6134652 1.994219 -1.441839
v -0.3184549 1.994219 -1.531709
v 0 1.994219 -1.562969
v -1.464785 2.159082 0
v -1.435489 2.159082 -0.29845
v -1.351264 2.159082 -0.5749282
v -1.217603 2.159082 -0.8239417
v -1.039997 2.159082 -1.039997
v -0.8239417 2.159082 -1.217603
v -0.5749282 2.159082 -1.351264
v -0.29845 2.159082 -1.435489
v 0 2.159082 -1.464785
v -1.38125 2.25375 0
v -1.353625 2.25375 -0.2814297
v -1.274203 2.25375 -0.5421407
v -1.148164 2.25375 -0.7769532
v -0.9806874 2.25375 -0.9806874
v -0.7769531 2.25375 -1.148164
v -0.5421407 2.25375 -1.274203
v -0.2814297 2.25375 -1.353625
v 0 2.25375 -1.38125
v -1.313184 2.299199 0
v -1.28692 2.299199 -0.2675612
v -1.211412 2.299199 -0.5154246
v -1.091584 2.299199 -0.7386658
v -0.9323604 2.299199 -0.9323604
v -0.7386657 2.299199 -1.091584
v -0.5154246 2.299199 -1.211412
v -0.2675612 2.299199 -1.28692
v 0 2.299199 -1.313184
v -1.261406 2.316406 0
v -1.236178 2.316406 -0.2570115
v -1.163647 2.316406 -0.495102
v -1.048544 2.316406 -0.7095411
v -0.8955985 2.316406 -0.8955985
v -0.7095411 2.316406 -1.048544
v -0.495102 2.316406 -1.163647
v -0.2570115 2.316406 -1.236178
v 0 2.316406 -1.261406
v -1.226738 2.326348 0
v -1.202204 2.326348 -0.2499479
v -1.131666 2.326348 -0.4814948
v -1.019726 2.326348 -0.6900403
v -0.8709843 2.326348 -0.8709843
v -0.6900403 2.326348 -1.019726
v -0.4814948 2.326348 -1.131666
v -0.2499479 2.326348 -1.202204
v 0 2.326348 -1.226738
v -1.21 2.35 0
v -1.1858 2.35 -0.2465375
v -1.116225 2.35 -0.474925
v -1.005813 2.35 -0.680625
v -0.8591 2.35 -0.8591
v -0.6806251 2.35 -1.005813
v -0.474925 2.35 -1.116225
v -0.2465375 2.35 -1.1858
v 0 2.35 -1.21
v 0.3412773 1.738183 -1.641481
v 0.6574298 1.738183 -1.545169
v 0.9421766 1.738183 -1.392327
v 1.189236 1.738183 -1.189236
v 1.392327 1.738183 -0.9421766
v 1.545169 1.738183 -0.6574298
v 1.641481 1.738183 -0.3412773
v 1.674981 1.738183 0
v 0.3184549 1.994218 -1.531709
v 0.6134652 1.994219 -1.441839
v 0.8791699 1.994219 -1.299218
v 1.109708 1.994219 -1.109708
v 1.299218 1.994219 -0.8791699
v 1.441839 1.994219 -0.6134652
v 1.531709 1.994219 -0.3184549
v 1.562969 1.994219 0
v 0.29845 2.159082 -1.435489
v 0.5749282 2.159082 -1.351264
v 0.8239417 2.159082 -1.217603
v 1.039997 2.159082 -1.039997
v 1.217603 2.159082 -0.8239417
v 1.351264 2.159082 -0.5749282
v 1.435489 2.159082 -0.29845
v 1.464785 2.159082 0
v 0.2814297 2.25375 -1.353625
v 0.5421407 2.25375 -1.274203
v 0.7769532 2.25375 -1.148164
v 0.9806874 2.25375 -0.9806874
v 1.148164 2.25375 -0.7769531
v 1.274203 2.25375 -0.5421407
v 1.353625 2.25375 -0.2814297
v 1.38125 2.25375 0
v 0.2675612 2.299199 -1.28692
v 0.5154246 2.299199 -1.211412
v 0.7386658 2.299199 -1.091584
v 0.9323604 2.299199 -0.9323604
v 1.091584 2.299199 -0.7386657
v 1.211412 2.299199 -0.5154246
v 1.28692 2.299199 -0.2675612
v 1.313184 2.299199 0
v 0.2570115 2.316406 -1.236178
v 0.495102 2.316406 -1.163647
v 0.7095411 2.316406 -1.048544
v 0.8955985 2.316406 -0.8955985
v 1.048544 2.316406 -0.7095411
v 1.163647 2.316406 -0.495102
v 1.236178 2.316406 -0.2570115
v 1.261406 2.316406 0
v 0.2499479 2.326348 -1.202204
v 0.4814948 2.326348 -1.131666
v 0.6900403 2.326348 -1.019726
v 0.8709843 2.326348 -0.8709843
v 1.019726 2.326348 -0.6900403
v 1.131666 2.326348 -0.4814948
v 1.202204 2.326348 -0.2499479
v 1.226738 2.326348 0
v 0.2465375 2.35 -1.1858
v 0.474925 2.35 -1.116225
v 0.680625 2.35 -1.005813
v 0.8591 2.35 -0.8591
v 1.005813 2.35 -0.6806251
v 1.116225 2.35 -0.474925
v 1.1858 2.35 -0.2465375
v 1.21 2.35 0
v 0 1.738183 1.674981
v 0.3412773 1.738183 1.641481
v 0.6574298 1.738183 1.545169
v 0.9421766 1.738183 1.392327
v 1.189236 1.738183 1.189236
v 1.392327 1.738183 0.9421766
v 1.545169 1.738183 0.6574298
v 1.641481 1.738183 0.3412773
v 0 1.994219 1.562969
v 0.3184549 1.994218 1.531709
v 0.6134652 1.994219 1.441839
v 0.8791699 1.994219 1.299218
v 1.109708 1.994219 1.109708
v 1.299218 1.994219 0.8791699
v 1.441839 1.994219 0.6134652
v 1.531709 1.994219 0.3184549
v 0 2.159082 1.464785
v 0.29845 2.159082 1.435489
v 0.5749282 2.159082 1.351264
v 0.8239417 2.159082 1.217603
v 1.039997 2.159082 1.039997
v 1.217603 2.159082 0.8239417
v 1.351264 2.159082 0.5749282
v 1.435489 2.159082 0.29845
v 0 2.25375 1.38125
v 0.2814297 2.25375 1.353625
v 0.5421407 2.25375 1.274203
v 0.7769532 2.25375 1.148164
v 0.9806874 2.25375 0.9806874
v 1.148164 2.25375 0.7769531
v 1.274203 2.25375 0.5421407
v 1.353625 2.25375 0.2814297
v 0 2.299199 1.313184
v 0.2675612 2.299199 1.28692
v 0.5154246 2.299199 1.211412
v 0.7386658 2.299199 1.091584
v 0.9323604 2.299199 0.9323604
v 1.091584 2.299199 0.7386657
v 1.211412 2.299199 0.5154246
v 1.28692 2.299199 0.2675612
v 0 2.316406 1.261406
v 0.2570115 2.316406 1.236178
v 0.495102 2.316406 1.163647
v 0.7095411 2.316406 1.048544
v 0.8955985 2.316406 0.8955985
v 1.048544 2.316406 0.7095411
v 1.163647 2.316406 0.495102
v 1.236178 2.316406 0.2570115
v 0 2.326348 1.226738
v 0.2499479 2.326348 1.202204
v 0.4814948 2.326348 1.131666
v 0.6900403 2.326348 1.019726
v 0.8709843 2.326348 0.8709843
v 1.019726 2.326348 0.6900403
v 1.131666 2.326348 0.4814948
v 1.202204 2.326348 0.2499479
v 0 2.35 1.21
v 0.2465375 2.35 1.1858
v 0.474925 2.35 1.116225
v 0.680625 2.35 1.005813
v 0.8591 2.35 0.8591
v 1.005813 2.35 0.6806251
v 1.116225 2.35 0.474925
v 1.1858 2.35 0.2465375
v -1.641481 1.738183 0.3412773
v -1.545169 1.738183 0.6574298
v -1.392327 1.738183 0.9421766
v -1.189236 1.738183 1.189236
v -0.9421766 1.738183 1.392327
v -0.6574298 1.738183 1.545169
v -0.3412773 1.738183 1.641481
v -1.531709 1.994218 0.3184549
v -1.441839 1.994219 0.6134652
v -1.299218 1.994219 0.8791699
v -1.109708 1.994219 1.109708
v -0.8791699 1.994219 1.299218
v -0.6134652 1.994219 1.441839
v -0.3184549 1.994219 1.531709
v -1.435489 2.159082 0.29845
v -1.351264 2.159082 0.5749282
v -1.217603 2.159082 0.8239417
v -1.039997 2.159082 1.039997
v -0.8239417 2.159082 1.217603
v -0.5749282 2.159082 1.351264
v -0.29845 2.159082 1.435489
v -1.353625 2.25375 0.2814297
v -1.274203 2.25375 0.5421407
v -1.148164 2.25375 0.7769532
v -0.9806874 2.25375 0.9806874
v -0.7769531 2.25375 1.148164
v -0.5421407 2.25375 1.274203
v -0.2814297 2.25375 1.353625
v -1.28692 2.299199 0.2675612
v -1.211412 2.299199 0.5154246
v -1.091584 2.299199 0.7386658
v -0.9323604 2.299199 0.9323604
v -0.7386657 2.299199 1.091584
v -0.5154246 2.299199 1.211412
v -0.2675612 2.299199 1.28692
v -1.236178 2.316406 0.2570115
v -1.163647 2.316406 0.495102
v -1.048544 2.316406 0.7095411
v -0.8955985 2.316406 0.8955985
v -0.7095411 2.316406 1.048544
v -0.495102 2.316406 1.163647
v -0.2570115 2.316406 1.236178
v -1.202204 2.326348 0.2499479
v -1.131666 2.326348 0.4814948
v -1.019726 2.326348 0.6900403
v -0.8709843 2.326348 0.8709843
v -0.6900403 2.326348 1.019726
v -0.4814948 2.326348 1.131666
v -0.2499479 2.326348 1.202204
v -1.1858 2.35 0.2465375
v -1.116225 2.35 0.474925
v -1.005813 2.35 0.680625
v -0.8591 2.35 0.8591
v -0.6806251 2.35 1.005813
v -0.474925 2.35 1.116225
v -0.2465375 2.35 1.1858
v -1.211191 2.366504 0
v -1.186968 2.366504 -0.2467802
v -1.117324 2.366504 -0.4753927
v -1.006803 2.366504 -0.6812952
v -0.859946 2.366504 -0.8599459
v -0.6812953 2.366504 -1.006803
v -0.4753927 2.366504 -1.117324
v -0.2467803 2.366504 -1.186968
v 0 2.366504 -1.211191
v -1.221406 2.378906 0
v -1.196978 2.378906 -0.2488615
v -1.126747 2.378906 -0.479402
v -1.015294 2.378906 -0.687041
v -0.8671985 2.378906 -0.8671985
v -0.687041 2.378906 -1.015294
v -0.479402 2.378906 -1.126747
v -0.2488615 2.378906 -1.196978
v 0 2.378906 -1.221406
v -1.239355 2.387793 0
v -1.214568 2.387793 -0.2525187
v -1.143305 2.387793 -0.4864471
v -1.030214 2.387793 -0.6971375
v -0.8799424 2.387793 -0.8799424
v -0.6971375 2.387793 -1.030214
v -0.4864471 2.387793 -1.143305
v -0.2525187 2.387793 -1.214568
v 0 2.387793 -1.239355
v -1.26375 2.39375 0
v -1.238475 2.39375 -0.2574891
v -1.165809 2.39375 -0.4960219
v -1.050492 2.39375 -0.7108594
v -0.8972625 2.39375 -0.8972625
v -0.7108594 2.39375 -1.050492
v -0.4960219 2.39375 -1.165809
v -0.2574891 2.39375 -1.238475
v 0 2.39375 -1.26375
v -1.293301 2.397363 0
v -1.267435 2.397363 -0.26351
v -1.19307 2.397363 -0.5076206
v -1.075056 2.397363 -0.7274817
v -0.9182435 2.397363 -0.9182435
v -0.7274817 2.397363 -1.075056
v -0.5076206 2.397363 -1.19307
v -0.26351 2.397363 -1.267435
v 0 2.397363 -1.293301
v -1.326719 2.399219 0
v -1.300184 2.399219 -0.2703189
v -1.223898 2.399219 -0.5207371
v -1.102835 2.399219 -0.7462792
v -0.9419703 2.399219 -0.9419703
v -0.7462793 2.399219 -1.102835
v -0.5207371 2.399219 -1.223898
v -0.2703189 2.399219 -1.300184
v 0 2.399219 -1.326719
v -1.362715 2.399902 0
v -1.33546 2.399902 -0.2776532
v -1.257104 2.399902 -0.5348656
v -1.132757 2.399902 -0.7665271
v -0.9675275 2.399903 -0.9675276
v -0.7665271 2.399902 -1.132757
v -0.5348656 2.399902 -1.257104
v -0.2776532 2.399902 -1.33546
v 0 2.399902 -1.362715
v 0.2467802 2.366504 -1.186968
v 0.4753927 2.366504 -1.117324
v 0.6812952 2.366504 -1.006803
v 0.8599459 2.366504 -0.859946
v 1.006803 2.366504 -0.6812953
v 1.117324 2.366504 -0.4753927
v 1.186968 2.366504 -0.2467803
v 1.211191 2.366504 0
v 0.2488615 2.378906 -1.196978
v 0.479402 2.378906 -1.126747
v 0.687041 2.378906 -1.015294
v 0.8671985 2.378906 -0.8671985
v 1.015294 2.378906 -0.687041
v 1.126747 2.378906 -0.479402
v 1.196978 2.378906 -0.2488615
v 1.221406 2.378906 0
v 0.2525187 2.387793 -1.214568
v 0.4864471 2.387793 -1.143305
v 0.6971375 2.387793 -1.030214
v 0.8799424 2.387793 -0.8799424
v 1.030214 2.387793 -0.6971375
v 1.143305 2.387793 -0.4864471
v 1.214568 2.387793 -0.2525187
v 1.239355 2.387793 0
v 0.2574891 2.39375 -1.238475
v 0.4960219 2.39375 -1.165809
v 0.7108594 2.39375 -1.050492
v 0.8972625 2.39375 -0.8972625
v 1.050492 2.39375 -0.7108594
v 1.165809 2.39375 -0.4960219
v 1.238475 2.39375 -0.2574891
v 1.26375 2.39375 0
v 0.26351 2.397363 -1.267435
v 0.5076206 2.397363 -1.19307
v 0.7274817 2.397363 -1.075056
v 0.9182435 2.397363 -0.9182435
v 1.075056 2.397363 -0.7274817
v 1.19307 2.397363 -0.5076206
v 1.267435 2.397363 -0.26351
v 1.293301 2.397363 0
v 0.2703189 2.399219 -1.300184
v 0.5207371 2.399219 -1.223898
v 0.7462792 2.399219 -1.102835
v 0.9419703 2.399219 -0.9419703
v 1.102835 2.399219 -0.7462793
v 1.223898 2.399219 -0.5207371
v 1.300184 2.399219 -0.2703189
v 1.326719 2.399219 0
v 0.2776532 2.399902 -1.33546
v 0.5348656 2.399902 -1.257104
v 0.7665271 2.399902 -1.132757
v 0.9675276 2.399903 -0.9675275
v 1.132757 2.399902 -0.7665271
v 1.257104 2.399902 -0.5348656
v 1.33546 2.399902 -0.2776532
v 1.362715 2.399902 0
v 0 2.366504 1.211191
v 0.2467802 2.366504 1.186968
v 0.4753927 2.366504 1.117324
v 0.6812952 2.366504 1.006803
v 0.8599459 2.366504 0.859946
v 1.006803 2.366504 0.6812953
v 1.117324 2.366504 0.4753927
v 1.186968 2.366504 0.2467803
v 0 2.378906 1.221406
v 0.2488615 2.378906 1.196978
v 0.479402 2.378906 1.126747
v 0.687041 2.378906 1.015294
v 0.8671985 2.378906 0.8671985
v 1.015294 2.378906 0.687041
v 1.126747 2.378906 0.479402
v 1.196978 2.378906 0.2488615
v 0 2.387793 1.239355
v 0.2525187 2.387793 1.214568
v 0.4864471 2.387793 1.143305
v 0.6971375 2.387793 1.030214
v 0.8799424 2.387793 0.8799424
v 1.030214 2.387793 0.6971375
v 1.143305 2.387793 0.4864471
v 1.214568 2.387793 0.2525187
v 0 2.39375 1.26375
v 0.2574891 2.39375 1.238475
v 0.4960219 2.39375 1.165809
v 0.7108594 2.39375 1.050492
v 0.8972625 2.39375 0.8972625
v 1.050492 2.39375 0.7108594
v 1.165809 2.39375 0.4960219
v 1.238475 2.39375 0.2574891
v 0 2.397363 1.293301
v 0.26351 2.397363 1.267435
v 0.5076206 2.397363 1.19307
v 0.7274817 2.397363 1.075056
v 0.9182435 2.397363 0.9182435
v 1.075056 2.397363 0.7274817
v 1.19307 2.397363 0.5076206
v 1.267435 2.397363 0.26351
v 0 2.399219 1.326719
v 0.2703189 2.399219 1.300184
v 0.5207371 2.399219 1.223898
v 0.7462792 2.399219 1.102835
v 0.9419703 2.399219 0.9419703
v 1.102835 2.399219 0.7462793
v 1.223898 2.399219 0.5207371
v 1.300184 2.399219 0.2703189
v 0 2.399902 1.362715
v 0.2776532 2.399902 1.33546
v 0.5348656 2.399902 1.257104
v 0.7665271 2.399902 1.132757
v 0.9675276 2.399903 0.9675275
v 1.132757 2.399902 0.7665271
v 1.257104 2.399902 0.5348656
v 1.33546 2.399902 0.2776532
v -1.186968 2.366504 0.2467802
v -1.117324 2.366504 0.4753927
v -1.006803 2.366504 0.6812952
v -0.859946 2.366504 0.8599459
v -0.6812953 2.366504 1.006803
v -0.4753927 2.366504 1.117324
v -0.2467803 2.366504 1.186968
v -1.196978 2.378906 0.2488615
v -1.126747 2.378906 0.479402
v -1.015294 2.378906 0.687041
v -0.8671985 2.378906 0.8671985
v -0.687041 2.378906 1.015294
v -0.479402 2.378906 1.126747
v -0.2488615 2.378906 1.196978
v -1.214568 2.387793 0.2525187
v -1.143305 2.387793 0.4864471
v -1.030214 2.387793 0.6971375
v -0.8799424 2.387793 0.8799424
v -0.6971375 2.387793 1.030214
v -0.4864471 2.387793 1.143305
v -0.2525187 2.387793 1.214568
v -1.238475 2.39375 0.2574891
v -1.165809 2.39375 0.4960219
v -1.050492 2.39375 0.7108594
v -0.8972625 2.39375 0.8972625
v -0.7108594 2.39375 1.050492
v -0.4960219 2.39375 1.165809
v -0.2574891 2.39375 1.238475
v -1.267435 2.397363 0.26351
v -1.19307 2.397363 0.5076206
v -1.075056 2.397363 0.7274817
v -0.9182435 2.397363 0.9182435
v -0.7274817 2.397363 1.075056
v -0.5076206 2.397363 1.19307
v -0.26351 2.397363 1.267435
v -1.300184 2.399219 0.2703189
v -1.223898 2.399219 0.5207371
v -1.102835 2.399219 0.7462792
v -0.9419703 2.399219 0.9419703
v -0.7462793 2.399219 1.102835
v -0.5207371 2.399219 1.223898
v -0.2703189 2.399219 1.300184
v -1.33546 2.399902 0.2776532
v -1.257104 2.399902 0.5348656
v -1.132757 2.399902 0.7665271
v -0.9675275 2.399903 0.9675276
v -0.7665271 2.399902 1.132757
v -0.5348656 2.399902 1.257104
v -0.2776532 2.399902 1.33546
v -1.266103 2.399902 0
v -1.240782 2.399902 -0.2579686
v -1.167981 2.399902 -0.4969456
v -1.052449 2.399902 -0.7121832
v -0.8989335 2.399902 -0.8989335
v -0.7121832 2.399902 -1.052449
v -0.4969456 2.399902 -1.167981
v -0.2579686 2.399902 -1.240782
v 0 2.399902 -1.266103
v -1.238828 2.399219 0
v -1.214052 2.399219 -0.2524112
v -1.142819 2.399219 -0.4862401
v -1.029776 2.399219 -0.6968408
v -0.879568 2.399219 -0.879568
v -0.6968408 2.399219 -1.029776
v -0.4862401 2.399219 -1.142819
v -0.2524112 2.399219 -1.214052
v 0 2.399219 -1.238828
v -1.217295 2.397363 0
v -1.192949 2.397363 -0.2480239
v -1.122955 2.397363 -0.4777883
v -1.011876 2.397363 -0.6847284
v -0.8642794 2.397364 -0.8642794
v -0.6847284 2.397363 -1.011876
v -0.4777882 2.397363 -1.122955
v -0.2480239 2.397363 -1.192949
v 0 2.397363 -1.217295
v -1.200625 2.39375 0
v -1.176612 2.39375 -0.2446273
v -1.107577 2.39375 -0.4712453
v -0.9980195 2.39375 -0.6753516
v -0.8524438 2.39375 -0.8524438
v -0.6753516 2.39375 -0.9980195
v -0.4712453 2.39375 -1.107577
v -0.2446273 2.39375 -1.176612
v 0 2.39375 -1.200625
v -1.187939 2.387793 0
v -1.164181 2.387793 -0.2420427
v -1.095874 2.387793 -0.4662662
v -0.9874746 2.387793 -0.6682159
v -0.843437 2.387793 -0.843437
v -0.6682159 2.387793 -0.9874747
v -0.4662662 2.387793 -1.095874
v -0.2420427 2.387793 -1.164181
v 0 2.387793 -1.187939
v -1.178359 2.378906 0
v -1.154792 2.378906 -0.2400907
v -1.087036 2.378906 -0.462506
v -0.9795111 2.378906 -0.6628271
v -0.8366351 2.378906 -0.8366351
v -0.6628271 2.378906 -0.9795112
v -0.462506 2.378906 -1.087037
v -0.2400907 2.378906 -1.154792
v 0 2.378906 -1.178359
v -1.171006 2.366504 0
v -1.147586 2.366504 -0.2385924
v -1.080253 2.366504 -0.4596198
v -0.9733986 2.366504 -0.6586908
v -0.8314142 2.366504 -0.8314142
v -0.6586908 2.366504 -0.9733986
v -0.4596198 2.366504 -1.080253
v -0.2385924 2.366504 -1.147586
v 0 2.366504 -1.171006
v -1.165 2.35 0
v -1.1417 2.35 -0.2373687
v -1.074712 2.35 -0.4572625
v -0.9684062 2.35 -0.6553125
v -0.82715 2.35 -0.82715
v -0.6553125 2.35 -0.9684062
v -0.4572625 2.35 -1.074713
v -0.2373687 2.35 -1.1417
v 0 2.35 -1.165
v 0.2579686 2.399902 -1.240782
v 0.4969456 2.399902 -1.167981
v 0.7121832 2.399902 -1.052449
v 0.8989335 2.399902 -0.8989335
v 1.052449 2.399902 -0.7121832
v 1.167981 2.399902 -0.4969456
v 1.240782 2.399902 -0.2579686
v 1.266103 2.399902 0
v 0.2524112 2.399219 -1.214052
v 0.4862401 2.399219 -1.142819
v 0.6968408 2.399219 -1.029776
v 0.879568 2.399219 -0.879568
v 1.029776 2.399219 -0.6968408
v 1.142819 2.399219 -0.4862401
v 1.214052 2.399219 -0.2524112
v 1.238828 2.399219 0
v 0.2480239 2.397363 -1.192949
v 0.4777883 2.397363 -1.122955
v 0.6847284 2.397363 -1.011876
v 0.8642794 2.397364 -0.8642794
v 1.011876 2.397363 -0.6847284
v 1.122955 2.397363 -0.4777882
v 1.192949 2.397363 -0.2480239
v 1.217295 2.397363 0
v 0.2446273 2.39375 -1.176612
v 0.4712453 2.39375 -1.107577
v 0.6753516 2.39375 -0.9980195
v 0.8524438 2.39375 -0.8524438
v 0.9980195 2.39375 -0.6753516
v 1.107577 2.39375 -0.4712453
v 1.176612 2.39375 -0.2446273
v 1.200625 2.39375 0
v 0.2420427 2.387793 -1.164181
v 0.4662662 2.387793 -1.095874
v 0.6682159 2.387793 -0.9874746
v 0.843437 2.387793 -0.843437
v 0.9874747 2.387793 -0.6682159
v 1.095874 2.387793 -0.4662662
v 1.164181 2.387793 -0.2420427
v 1.187939 2.387793 0
v 0.2400907 2.378906 -1.154792
v 0.462506 2.378906 -1.087036
v 0.6628271 2.378906 -0.9795111
v 0.8366351 2.378906 -0.8366351
v 0.9795112 2.378906 -0.6628271
v 1.087037 2.378906 -0.462506
v 1.154792 2.378906 -0.2400907
v 1.178359 2.378906 0
v 0.2385924 2.366504 -1.147586
v 0.4596198 2.366504 -1.080253
v 0.6586908 2.366504 -0.9733986
v 0.8314142 2.366504 -0.8314142
v 0.9733986 2.366504 -0.6586908
v 1.080253 2.366504 -0.4596198
v 1.147586 2.366504 -0.2385924
v 1.171006 2.366504 0
v 0.2373687 2.35 -1.1417
v 0.4572625 2.35 -1.074712
v 0.6553125 2.35 -0.9684062
v 0.82715 2.35 -0.82715
v 0.9684062 2.35 -0.6553125
v 1.074713 2.35 -0.4572625
v 1.1417 2.35 -0.2373687
v 1.165 2.35 0
v 0 2.399902 1.266103
v 0.2579686 2.399902 1.240782
v 0.4969456 2.399902 1.167981
v 0.7121832 2.399902 1.052449
v 0.8989335 2.399902 0.8989335
v 1.052449 2.399902 0.7121832
v 1.167981 2.399902 0.4969456
v 1.240782 2.399902 0.2579686
v 0 2.399219 1.238828
v 0.2524112 2.399219 1.214052
v 0.4862401 2.399219 1.142819
v 0.6968408 2.399219 1.029776
v 0.879568 2.399219 0.879568
v 1.029776 2.399219 0.6968408
v 1.142819 2.399219 0.4862401
v 1.214052 2.399219 0.2524112
v 0 2.397363 1.217295
v 0.2480239 2.397363 1.192949
v 0.4777883 2.397363 1.122955
v 0.6847284 2.397363 1.011876
v 0.8642794 2.397364 0.8642794
v 1.011876 2.397363 0.6847284
v 1.122955 2.397363 0.4777882
v 1.192949 2.397363 0.2480239
v 0 2.39375 1.200625
v 0.2446273 2.39375 1.176612
v 0.4712453 2.39375 1.107577
v 0.6753516 2.39375 0.9980195
v 0.8524438 2.39375 0.8524438
v 0.9980195 2.39375 0.6753516
v 1.107577 2.39375 0.4712453
v 1.176612 2.39375 0.2446273
v 0 2.387793 1.187939
v 0.2420427 2.387793 1.164181
v 0.4662662 2.387793 1.095874
v 0.6682159 2.387793 0.9874746
v 0.843437 2.387793 0.843437
v 0.9874747 2.387793 0.6682159
v 1.095874 2.387793 0.4662662
v 1.164181 2.387793 0.2420427
v 0 2.378906 1.178359
v 0.2400907 2.378906 1.154792
v 0.462506 2.378906 1.087036
v 0.6628271 2.378906 0.9795111
v 0.8366351 2.378906 0.8366351
v 0.9795112 2.378906 0.6628271
v 1.087037 2.378906 0.462506
v 1.154792 2.378906 0.2400907
v 0 2.366504 1.171006
v 0.2385924 2.366504 1.147586
v 0.4596198 2.366504 1.080253
v 0.6586908 2.366504 0.9733986
v 0.8314142 2.366504 0.8314142
v 0.9733986 2.366504 0.6586908
v 1.080253 2.366504 0.4596198
v 1.147586 2.366504 0.2385924
v 0 2.35 1.165
v 0.2373687 2.35 1.1417
v 0.4572625 2.35 1.074712
v 0.6553125 2.35 0.9684062
v 0.82715 2.35 0.82715
v 0.9684062 2.35 0.6553125
v 1.074713 2.35 0.4572625
v 1.1417 2.35 0.2373687
v -1.240782 2.399902 0.2579686
v -1.167981 2.399902 0.4969456
v -1.052449 2.399902 0.7121832
v -0.8989335 2.399902 0.8989335
v -0.7121832 2.399902 1.052449
v -0.4969456 2.399902 1.167981
v -0.2579686 2.399902 1.240782
v -1.214052 2.399219 0.2524112
v -1.142819 2.399219 0.4862401
v -1.029776 2.399219 0.6968408
v -0.879568 2.399219 0.879568
v -0.6968408 2.399219 1.029776
v -0.4862401 2.399219 1.142819
v -0.2524112 2.399219 1.214052
v -1.192949 2.397363 0.2480239
v -1.122955 2.397363 0.4777883
v -1.011876 2.397363 0.6847284
v -0.8642794 2.397364 0.8642794
v -0.6847284 2.397363 1.011876
v -0.4777882 2.397363 1.122955
v -0.2480239 2.397363 1.192949
v -1.176612 2.39375 0.2446273
v -1.107577 2.39375 0.4712453
v -0.9980195 2.39375 0.6753516
v -0.8524438 2.39375 0.8524438
v -0.6753516 2.39375 0.9980195
v -0.4712453 2.39375 1.107577
v -0.2446273 2.39375 1.176612
v -1.164181 2.387793 0.2420427
v -1.095874 2.387793 0.4662662
v -0.9874746 2.387793 0.6682159
v -0.843437 2.387793 0.843437
v -0.6682159 2.387793 0.9874747
v -0.4662662 2.387793 1.095874
v -0.2420427 2.387793 1.164181
v -1.154792 2.378906 0.2400907
v -1.087036 2.378906 0.462506
v -0.9795111 2.378906 0.6628271
v -0.8366351 2.378906 0.8366351
v -0.6628271 2.378906 0.9795112
v -0.462506 2.378906 1.087037
v -0.2400907 2.378906 1.154792
v -1.147586 2.366504 0.2385924
v -1.080253 2.366504 0.4596198
v -0.9733986 2.366504 0.6586908
v -0.8314142 2.366504 0.8314142
v -0.6586908 2.366504 0.9733986
v -0.4596198 2.366504 1.080253
v -0.2385924 2.366504 1.147586
v -1.1417 2.35 0.2373687
v -1.074712 2.35 0.4572625
v -0.9684062 2.35 0.6553125
v -0.82715 2.35 0.82715
v -0.6553125 2.35 0.9684062
v -0.4572625 2.35 1.074713
v -0.2373687 2.35 1.1417
v -1.157803 2.335762 0
v -1.134647 2.335762 -0.2359023
v -1.068073 2.335762 -0.4544376
v -0.9624235 2.335762 -0.651264
v -0.82204 2.335762 -0.82204
v -0.651264 2.335762 -0.9624235
v -0.4544375 2.335762 -1.068073
v -0.2359023 2.335762 -1.134647
v 0 2.335762 -1.157803
v -1.147734 2.329844 0
v -1.12478 2.329844 -0.2338509
v -1.058785 2.329844 -0.4504857
v -0.9540542 2.329844 -0.6456006
v -0.8148913 2.329844 -0.8148914
v -0.6456005 2.329844 -0.9540542
v -0.4504857 2.329844 -1.058785
v -0.2338509 2.329844 -1.12478
v 0 2.329844 -1.147734
v -1.135205 2.331192 0
v -1.112501 2.331192 -0.231298
v -1.047227 2.331192 -0.445568
v -0.9436392 2.331192 -0.6385528
v -0.8059956 2.331192 -0.8059956
v -0.6385528 2.331192 -0.9436392
v -0.445568 2.331192 -1.047227
v -0.231298 2.331192 -1.112501
v 0 2.331192 -1.135205
v -1.120625 2.33875 0
v -1.098212 2.33875 -0.2283273
v -1.033777 2.33875 -0.4398453
v -0.9315195 2.33875 -0.6303515
v -0.7956437 2.33875 -0.7956437
v -0.6303515 2.33875 -0.9315195
v -0.4398453 2.33875 -1.033777
v -0.2283273 2.33875 -1.098213
v 0 2.33875 -1.120625
v -1.104404 2.351465 0
v -1.082316 2.351465 -0.2250224
v -1.018813 2.351465 -0.4334787
v -0.9180361 2.351465 -0.6212274
v -0.7841271 2.351465 -0.7841271
v -0.6212274 2.351465 -0.9180361
v -0.4334787 2.351465 -1.018813
v -0.2250224 2.351465 -1.082316
v 0 2.351465 -1.104404
v -1.086953 2.368281 0
v -1.065214 2.368281 -0.2214667
v -1.002714 2.368281 -0.4266291
v -0.9035298 2.368281 -0.6114111
v -0.7717367 2.368281 -0.7717367
v -0.6114111 2.368281 -0.9035298
v -0.4266291 2.368281 -1.002714
v -0.2214667 2.368281 -1.065214
v 0 2.368281 -1.086953
v -1.068682 2.388144 0
v -1.047308 2.388145 -0.2177439
v -0.9858588 2.388145 -0.4194576
v -0.8883416 2.388145 -0.6011334
v -0.758764 2.388144 -0.758764
v -0.6011334 2.388145 -0.8883415
v -0.4194576 2.388145 -0.9858588
v -0.2177439 2.388145 -1.047308
v 0 2.388144 -1.068682
v -1.05 2.41 0
v -1.029 2.41 -0.2139375
v -0.9686249 2.41 -0.412125
v -0.8728125 2.41 -0.590625
v -0.7455 2.41 -0.7455
v -0.590625 2.41 -0.8728124
v -0.412125 2.41 -0.9686249
v -0.2139375 2.41 -1.029
v 0 2.41 -1.05
v 0.2359023 2.335762 -1.134647
v 0.4544376 2.335762 -1.068073
v 0.651264 2.335762 -0.9624235
v 0.82204 2.335762 -0.82204
v 0.9624235 2.335762 -0.651264
v 1.068073 2.335762 -0.4544375
v 1.134647 2.335762 -0.2359023
v 1.157803 2.335762 0
v 0.2338509 2.329844 -1.12478
v 0.4504857 2.329844 -1.058785
v 0.6456006 2.329844 -0.9540542
v 0.8148914 2.329844 -0.8148913
v 0.9540542 2.329844 -0.6456005
v 1.058785 2.329844 -0.4504857
v 1.12478 2.329844 -0.2338509
v 1.147734 2.329844 0
v 0.231298 2.331192 -1.112501
v 0.445568 2.331192 -1.047227
v 0.6385528 2.331192 -0.9436392
v 0.8059956 2.331192 -0.8059956
v 0.9436392 2.331192 -0.6385528
v 1.047227 2.331192 -0.445568
v 1.112501 2.331192 -0.231298
v 1.135205 2.331192 0
v 0.2283273 2.33875 -1.098212
v 0.4398453 2.33875 -1.033777
v 0.6303515 2.33875 -0.9315195
v 0.7956437 2.33875 -0.7956437
v 0.9315195 2.33875 -0.6303515
v 1.033777 2.33875 -0.4398453
v 1.098213 2.33875 -0.2283273
v 1.120625 2.33875 0
v 0.2250224 2.351465 -1.082316
v 0.4334787 2.351465 -1.018813
v 0.6212274 2.351465 -0.9180361
v 0.7841271 2.351465 -0.7841271
v 0.9180361 2.351465 -0.6212274
v 1.018813 2.351465 -0.4334787
v 1.082316 2.351465 -0.2250224
v 1.104404 2.351465 0
v 0.2214667 2.368281 -1.065214
v 0.4266291 2.368281 -1.002714
v 0.6114111 2.368281 -0.9035298
v 0.7717367 2.368281 -0.7717367
v 0.9035298 2.368281 -0.6114111
v 1.002714 2.368281 -0.4266291
v 1.065214 2.368281 -0.2214667
v 1.086953 2.368281 0
v 0.2177439 2.388145 -1.047308
v 0.4194576 2.388145 -0.9858588
v 0.6011334 2.388145 -0.8883416
v 0.758764 2.388144 -0.758764
v 0.8883415 2.388145 -0.6011334
v 0.9858588 2.388145 -0.4194576
v 1.047308 2.388145 -0.2177439
v 1.068682 2.388144 0
v 0.2139375 2.41 -1.029
v 0.412125 2.41 -0.9686249
v 0.590625 2.41 -0.8728125
v 0.7455 2.41 -0.7455
v 0.8728124 2.41 -0.590625
v 0.9686249 2.41 -0.412125
v 1.029 2.41 -0.2139375
v 1.05 2.41 0
v 0 2.335762 1.157803
v 0.2359023 2.335762 1.134647
v 0.4544376 2.335762 1.068073
v 0.651264 2.335762 0.9624235
v 0.82204 2.335762 0.82204
v 0.9624235 2.335762 0.651264
v 1.068073 2.335762 0.4544375
v 1.134647 2.335762 0.2359023
v 0 2.329844 1.147734
v 0.2338509 2.329844 1.12478
v 0.4504857 2.329844 1.058785
v 0.6456006 2.329844 0.9540542
v 0.8148914 2.329844 0.8148913
v 0.9540542 2.329844 0.6456005
v 1.058785 2.329844 0.4504857
v 1.12478 2.329844 0.2338509
v 0 2.331192 1.135205
v 0.231298 2.331192 1.112501
v 0.445568 2.331192 1.047227
v 0.6385528 2.331192 0.9436392
v 0.8059956 2.331192 0.8059956
v 0.9436392 2.331192 0.6385528
v 1.047227 2.331192 0.445568
v 1.112501 2.331192 0.231298
v 0 2.33875 1.120625
v 0.2283273 2.33875 1.098212
v 0.4398453 2.33875 1.033777
v 0.6303515 2.33875 0.9315195
v 0.7956437 2.33875 0.7956437
v 0.9315195 2.33875 0.6303515
v 1.033777 2.33875 0.4398453
v 1.098213 2.33875 0.2283273
v 0 2.351465 1.104404
v 0.2250224 2.351465 1.082316
v 0.4334787 2.351465 1.018813
v 0.6212274 2.351465 0.9180361
v 0.7841271 2.351465 0.7841271
v 0.9180361 2.351465 0.6212274
v 1.018813 2.351465 0.4334787
v 1.082316 2.351465 0.2250224
v 0 2.368281 1.086953
v 0.2214667 2.368281 1.065214
v 0.4266291 2.368281 1.002714
v 0.6114111 2.368281 0.9035298
v 0.7717367 2.368281 0.7717367
v 0.9035298 2.368281 0.6114111
v 1.002714 2.368281 0.4266291
v 1.065214 2.368281 0.2214667
v 0 2.388144 1.068682
v 0.2177439 2.388145 1.047308
v 0.4194576 2.388145 0.9858588
v 0.6011334 2.388145 0.8883416
v 0.758764 2.388144 0.758764
v 0.8883415 2.388145 0.6011334
v 0.9858588 2.388145 0.4194576
v 1.047308 2.388145 0.2177439
v 0 2.41 1.05
v 0.2139375 2.41 1.029
v 0.412125 2.41 0.9686249
v 0.590625 2.41 0.8728125
v 0.7455 2.41 0.7455
v 0.8728124 2.41 0.590625
v 0.9686249 2.41 0.412125
v 1.029 2.41 0.2139375
v -1.134647 2.335762 0.2359023
v -1.068073 2.335762 0.4544376
v -0.9624235 2.335762 0.651264
v -0.82204 2.335762 0.82204
v -0.651264 2.335762 0.9624235
v -0.4544375 2.335762 1.068073
v -0.2359023 2.335762 1.134647
v -1.12478 2.329844 0.2338509
v -1.058785 2.329844 0.4504857
v -0.9540542 2.329844 0.6456006
v -0.8148913 2.329844 0.8148914
v -0.6456005 2.329844 0.9540542
v -0.4504857 2.329844 1.058785
v -0.2338509 2.329844 1.12478
v -1.112501 2.331192 0.231298
v -1.047227 2.331192 0.445568
v -0.9436392 2.331192 0.6385528
v -0.8059956 2.331192 0.8059956
v -0.6385528 2.331192 0.9436392
v -0.445568 2.331192 1.047227
v -0.231298 2.331192 1.112501
v -1.098212 2.33875 0.2283273
v -1.033777 2.33875 0.4398453
v -0.9315195 2.33875 0.6303515
v -0.7956437 2.33875 0.7956437
v -0.6303515 2.33875 0.9315195
v -0.4398453 2.33875 1.033777
v -0.2283273 2.33875 1.098213
v -1.082316 2.351465 0.2250224
v -1.018813 2.351465 0.4334787
v -0.9180361 2.351465 0.6212274
v -0.7841271 2.351465 0.7841271
v -0.6212274 2.351465 0.9180361
v -0.4334787 2.351465 1.018813
v -0.2250224 2.351465 1.082316
v -1.065214 2.368281 0.2214667
v -1.002714 2.368281 0.4266291
v -0.9035298 2.368281 0.6114111
v -0.7717367 2.368281 0.7717367
v -0.6114111 2.368281 0.9035298
v -0.4266291 2.368281 1.002714
v -0.2214667 2.368281 1.065214
v -1.047308 2.388145 0.2177439
v -0.9858588 2.388145 0.4194576
v -0.8883416 2.388145 0.6011334
v -0.758764 2.388144 0.758764
v -0.6011334 2.388145 0.8883415
v -0.4194576 2.388145 0.9858588
v -0.2177439 2.388145 1.047308
v -1.029 2.41 0.2139375
v -0.9686249 2.41 0.412125
v -0.8728125 2.41 0.590625
v -0.7455 2.41 0.7455
v -0.590625 2.41 0.8728124
v -0.412125 2.41 0.9686249
v -0.2139375 2.41 1.029
v -1.006934 2.433242 0
v -0.9867949 2.433242 -0.2051627
v -0.9288962 2.433242 -0.3952214
v -0.8370136 2.433242 -0.5664002
v -0.7149228 2.433242 -0.7149228
v -0.5664002 2.433242 -0.8370135
v -0.3952214 2.433242 -0.9288962
v -0.2051627 2.433242 -0.9867949
v 0 2.433242 -1.006934
v -0.9210937 2.457188 0
v -0.9026718 2.457188 -0.1876729
v -0.8497089 2.457188 -0.3615293
v -0.7656592 2.457188 -0.5181152
v -0.6539766 2.457188 -0.6539766
v -0.5181152 2.457188 -0.7656592
v -0.3615293 2.457188 -0.8497089
v -0.1876729 2.457188 -0.9026718
v 0 2.457188 -0.9210937
v -0.8012695 2.480664 0
v -0.7852441 2.480664 -0.1632587
v -0.7391711 2.480664 -0.3144982
v -0.6660553 2.480664 -0.4507141
v -0.5689014 2.480664 -0.5689014
v -0.4507141 2.480664 -0.6660553
v -0.3144982 2.480664 -0.7391711
v -0.1632587 2.480664 -0.7852441
v 0 2.480664 -0.8012695
v -0.65625 2.5025 0
v -0.643125 2.5025 -0.1337109
v -0.6053907 2.5025 -0.2575781
v -0.5455078 2.5025 -0.3691406
v -0.4659375 2.5025 -0.4659375
v -0.3691406 2.5025 -0.5455078
v -0.2575781 2.5025 -0.6053907
v -0.1337109 2.5025 -0.643125
v 0 2.5025 -0.65625
v -0.4948242 2.521523 0
v -0.4849277 2.521523 -0.1008204
v -0.4564753 2.521523 -0.1942185
v -0.4113226 2.521523 -0.2783386
v -0.3513252 2.521523 -0.3513252
v -0.2783386 2.521523 -0.4113226
v -0.1942185 2.521523 -0.4564753
v -0.1008204 2.521523 -0.4849277
v 0 2.521523 -0.4948242
v -0.3257813 2.536562 0
v -0.3192656 2.536562 -0.06637794
v -0.3005332 2.536562 -0.1278691
v -0.2708057 2.536562 -0.1832519
v -0.2313047 2.536562 -0.2313047
v -0.1832519 2.536562 -0.2708057
v -0.1278691 2.536562 -0.3005332
v -0.06637793 2.536562 -0.3192657
v 0 2.536562 -0.3257813
v -0.1579102 2.546445 0
v -0.154752 2.546446 -0.0321742
v -0.1456721 2.546445 -0.06197973
v -0.1312628 2.546445 -0.08882446
v -0.1121162 2.546445 -0.1121162
v -0.08882447 2.546445 -0.1312628
v -0.06197973 2.546445 -0.1456721
v -0.0321742 2.546445 -0.154752
v 0 2.546445 -0.1579102
v 0 2.55 0
v 0.2051627 2.433242 -0.9867949
v 0.3952214 2.433242 -0.9288962
v 0.5664002 2.433242 -0.8370136
v 0.7149228 2.433242 -0.7149228
v 0.8370135 2.433242 -0.5664002
v 0.9288962 2.433242 -0.3952214
v 0.9867949 2.433242 -0.2051627
v 1.006934 2.433242 0
v 0.1876729 2.457188 -0.9026718
v 0.3615293 2.457188 -0.8497089
v 0.5181152 2.457188 -0.7656592
v 0.6539766 2.457188 -0.6539766
v 0.7656592 2.457188 -0.5181152
v 0.8497089 2.457188 -0.3615293
v 0.9026718 2.457188 -0.1876729
v 0.9210937 2.457188 0
v 0.1632587 2.480664 -0.7852441
v 0.3144982 2.480664 -0.7391711
v 0.4507141 2.480664 -0.6660553
v 0.5689014 2.480664 -0.5689014
v 0.6660553 2.480664 -0.4507141
v 0.7391711 2.480664 -0.3144982
v 0.7852441 2.480664 -0.1632587
v 0.8012695 2.480664 0
v 0.1337109 2.5025 -0.643125
v 0.2575781 2.5025 -0.6053907
v 0.3691406 2.5025 -0.5455078
v 0.4659375 2.5025 -0.4659375
v 0.5455078 2.5025 -0.3691406
v 0.6053907 2.5025 -0.2575781
v 0.643125 2.5025 -0.1337109
v 0.65625 2.5025 0
v 0.1008204 2.521523 -0.4849277
v 0.1942185 2.521523 -0.4564753
v 0.2783386 2.521523 -0.4113226
v 0.3513252 2.521523 -0.3513252
v 0.4113226 2.521523 -0.2783386
v 0.4564753 2.521523 -0.1942185
v 0.4849277 2.521523 -0.1008204
v 0.4948242 2.521523 0
v 0.06637794 2.536562 -0.3192656
v 0.1278691 2.536562 -0.3005332
v 0.1832519 2.536562 -0.2708057
v 0.2313047 2.536562 -0.2313047
v 0.2708057 2.536562 -0.1832519
v 0.3005332 2.536562 -0.1278691
v 0.3192657 2.536562 -0.06637793
v 0.3257813 2.536562 0
v 0.0321742 2.546446 -0.154752
v 0.06197973 2.546445 -0.1456721
v 0.08882446 2.546445 -0.1312628
v 0.1121162 2.546445 -0.1121162
v 0.1312628 2.546445 -0.08882447
v 0.1456721 2.546445 -0.06197973
v 0.154752 2.546445 -0.0321742
v 0.1579102 2.546445 0
v 0 2.433242 1.006934
v 0.2051627 2.433242 0.9867949
v 0.3952214 2.433242 0.9288962
v 0.5664002 2.433242 0.8370136
v 0.7149228 2.433242 0.7149228
v 0.8370135 2.433242 0.5664002
v 0.9288962 2.433242 0.3952214
v 0.9867949 2.433242 0.2051627
v 0 2.457188 0.9210937
v 0.1876729 2.457188 0.9026718
v 0.3615293 2.457188 0.8497089
v 0.5181152 2.457188 0.7656592
v 0.6539766 2.457188 0.6539766
v 0.7656592 2.457188 0.5181152
v 0.8497089 2.457188 0.3615293
v 0.9026718 2.457188 0.1876729
v 0 2.480664 0.8012695
v 0.1632587 2.480664 0.7852441
v 0.3144982 2.480664 0.7391711
v 0.4507141 2.480664 0.6660553
v 0.5689014 2.480664 0.5689014
v 0.6660553 2.480664 0.4507141
v 0.7391711 2.480664 0.3144982
v 0.7852441 2.480664 0.1632587
v 0 2.5025 0.65625
v 0.1337109 2.5025 0.643125
v 0.2575781 2.5025 0.6053907
v 0.3691406 2.5025 0.5455078
v 0.4659375 2.5025 0.4659375
v 0.5455078 2.5025 0.3691406
v 0.6053907 2.5025 0.2575781
v 0.643125 2.5025 0.1337109
v 0 2.521523 0.4948242
v 0.1008204 2.521523 0.4849277
v 0.1942185 2.521523 0.4564753
v 0.2783386 2.521523 0.4113226
v 0.3513252 2.521523 0.3513252
v 0.4113226 2.521523 0.2783386
v 0.4564753 2.521523 0.1942185
v 0.4849277 2.521523 0.1008204
v 0 2.536562 0.3257813
v 0.06637794 2.536562 0.3192656
v 0.1278691 2.536562 0.3005332
v 0.1832519 2.536562 0.2708057
v 0.2313047 2.536562 0.2313047
v 0.2708057 2.536562 0.1832519
v 0.3005332 2.536562 0.1278691
v 0.3192657 2.536562 0.06637793
v 0 2.546445 0.1579102
v 0.0321742 2.546446 0.154752
v 0.06197973 2.546445 0.1456721
v 0.08882446 2.546445 0.1312628
v 0.1121162 2.546445 0.1121162
v 0.1312628 2.546445 0.08882447
v 0.1456721 2.546445 0.06197973
v 0.154752 2.546445 0.0321742
v -0.9867949 2.433242 0.2051627
v -0.9288962 2.433242 0.3952214
v -0.8370136 2.433242 0.5664002
v -0.7149228 2.433242 0.7149228
v -0.5664002 2.433242 0.8370135
v -0.3952214 2.433242 0.9288962
v -0.2051627 2.433242 0.9867949
v -0.9026718 2.457188 0.1876729
v -0.8497089 2.457188 0.3615293
v -0.7656592 2.457188 0.5181152
v -0.6539766 2.457188 0.6539766
v -0.5181152 2.457188 0.7656592
v -0.3615293 2.457188 0.8497089
v -0.1876729 2.457188 0.9026718
v -0.7852441 2.480664 0.1632587
v -0.7391711 2.480664 0.3144982
v -0.6660553 2.480664 0.4507141
v -0.5689014 2.480664 0.5689014
v -0.4507141 2.480664 0.6660553
v -0.3144982 2.480664 0.7391711
v -0.1632587 2.480664 0.7852441
v -0.643125 2.5025 0.1337109
v -0.6053907 2.5025 0.2575781
v -0.5455078 2.5025 0.3691406
v -0.4659375 2.5025 0.4659375
v -0.3691406 2.5025 0.5455078
v -0.2575781 2.5025 0.6053907
v -0.1337109 2.5025 0.643125
v -0.4849277 2.521523 0.1008204
v -0.4564753 2.521523 0.1942185
v -0.4113226 2.521523 0.2783386
v -0.3513252 2.521523 0.3513252
v -0.2783386 2.521523 0.4113226
v -0.1942185 2.521523 0.4564753
v -0.1008204 2.521523 0.4849277
v -0.3192656 2.536562 0.06637794
v -0.3005332 2.536562 0.1278691
v -0.2708057 2.536562 0.1832519
v -0.2313047 2.536562 0.2313047
v -0.1832519 2.536562 0.2708057
v -0.1278691 2.536562 0.3005332
v -0.06637793 2.536562 0.3192657
v -0.154752 2.546446 0.0321742
v -0.1456721 2.546445 0.06197973
v -0.1312628 2.546445 0.08882446
v -0.1121162 2.546445 0.1121162
v -0.08882447 2.546445 0.1312628
v -0.06197973 2.546445 0.1456721
v -0.0321742 2.546445 0.154752

vn -0.01071367 0.9999426 0
vn -0.01019155 0.9600882 -0.2795117
vn -0.008278635 0.8005021 -0.5992727
vn -0.004675744 0.4712593 -0.8819823
vn 0 0 -1
vn 0.00413638 -0.4712651 -0.8819819
vn 0.006546647 -0.8005194 -0.5992712
vn 0.007400773 -0.9601142 -0.2795103
vn 0.007518584 -0.9999717 0
vn -0.04993761 0.9987524 0
vn -0.04748018 0.9589869 -0.2794453
vn -0.0385204 0.7997881 -0.5990452
vn -0.02172234 0.4711883 -0.8817651
vn 0 0 -1
vn 0.01912253 -0.4718215 -0.8814867
vn 0.03014645 -0.8009179 -0.5980148
vn 0.03396615 -0.9598303 -0.2785173
vn 0.03446227 -0.999406 0
vn -0.1337864 0.9910102 0
vn -0.1270441 0.9508827 -0.2822799
vn -0.1026854 0.7912517 -0.602807
vn -0.05765495 0.4651982 -0.8833269
vn 0 0 -1
vn 0.05071856 -0.4683623 -0.8820797
vn 0.07993835 -0.7973832 -0.5981554
vn 0.08991554 -0.9563429 -0.2780708
vn 0.09114444 -0.9958376 0
vn -0.2873479 0.9578263 0
vn -0.2722248 0.9173781 -0.2903634
vn -0.2183381 0.7586325 -0.6138446
vn -0.1214962 0.443043 -0.8882294
vn 0 0 -1
vn 0.1077414 -0.4523862 -0.8852901
vn 0.17133 -0.7794745 -0.6025491
vn 0.1933794 -0.9403409 -0.2799344
vn 0.1961161 -0.9805806 0
vn -0.5299989 0.8479984 0
vn -0.501119 0.811033 -0.3018363
vn -0.3988762 0.6665967 -0.6297195
vn -0.2200467 0.3868125 -0.8955197
vn 0 0 -1
vn 0.1997017 -0.406633 -0.891498
vn 0.3252354 -0.7197373 -0.6133516
vn 0.3724003 -0.882882 -0.2860725
vn 0.3792233 -0.9253052 0
vn -0.8035572 0.5952276 0
vn -0.7623385 0.5715146 -0.3036625
vn -0.6116433 0.4741868 -0.6332767
vn -0.3408799 0.2786035 -0.8978758
vn 0 0 -1
vn 0.3221267 -0.3067622 -0.8956178
vn 0.5424517 -0.5630856 -0.6234426
vn 0.6383873 -0.7115333 -0.2935678
vn 0.6567807 -0.7540817 0
vn -0.9649152 0.262562 0
vn -0.9228558 0.2542876 -0.2892662
vn -0.7591879 0.2166483 -0.6137566
vn -0.4378464 0.1320167 -0.8893043
vn 0 0 -1
vn 0.4310686 -0.1523215 -0.8893695
vn 0.7364485 -0.2844785 -0.6137716
vn 0.8839948 -0.3674585 -0.2890115
vn 0.919145 -0.3939194 0
vn -1 0 0
vn -0.96 0 -0.28
vn -0.8000001 0 -0.5999999
vn -0.4705883 0 -0.8823529
vn 0 0 -1
vn 0.4705883 0 -0.8823528
vn 0.8000001 0 -0.5999999
vn 0.96 0 -0.28
vn 1 0 0
vn -0.00312114 0.9999952 0
vn -0.002719315 0.9600333 -0.2798725
vn -0.002189385 0.8001382 -0.5998116
vn -0.001668961 0.5945774 -0.8040366
vn -0.001352432 0.4707835 -0.8822477
vn 0 0 -1
vn 0.001699872 -0.4708675 -0.8822024
vn 0.003120151 -0.7832363 -0.6217163
vn 0.003196007 -0.8002579 -0.5996474
vn 0.004124364 -0.9600701 -0.279729
vn 0.004623599 -0.9999893 0
vn -0.3096445 0.9508524 0
vn -0.7947445 0.6069441 0
vn -0.9425906 0.3339504 0
vn -0.3107533 0.9154755 -0.255611
vn -0.794043 0.5907457 -0.1432307
vn -0.9400479 0.3351091 -0.06333992
vn -0.3106872 0.782129 -0.5401369
vn -0.7912893 0.5400698 -0.2866809
vn -0.9358125 0.3345888 -0.1109294
vn -0.2988813 0.6150045 -0.7296845
vn -0.7818635 0.4864315 -0.3899665
vn -0.9334903 0.3337137 -0.1312667
vn -0.3163713 0.5129839 -0.7979704
vn -0.7920802 0.4425845 -0.4203902
vn -0.9325278 0.3324894 -0.1408645
vn -0.3487606 0.1229012 -0.9291186
vn -0.8122443 0.2857746 -0.5085196
vn -0.9327139 0.3283069 -0.1491956
vn -0.4057108 -0.2897434 -0.8668607
vn -0.8538082 0.08895611 -0.512931
vn -0.9359951 0.3244346 -0.1365845
vn -0.4656479 -0.5963212 -0.6538906
vn -0.9034699 -0.08891679 -0.4193282
vn -0.9407907 0.321592 -0.107198
vn -0.4727048 -0.6123381 -0.633713
vn -0.9080392 -0.09736042 -0.4074134
vn -0.9411313 0.3212299 -0.1052772
vn -0.5216277 -0.7927181 -0.3154403
vn -0.9512357 -0.2190859 -0.2171449
vn -0.9464213 0.3173784 -0.05964758
vn -0.536087 -0.8441628 0
vn -0.9659893 -0.258582 0
vn -0.9491518 0.3148187 0
vn -0.01019155 0.9600882 0.2795117
vn -0.008278635 0.8005021 0.5992727
vn -0.004675744 0.4712593 0.8819823
vn 0 0 1
vn 0.00413638 -0.4712651 0.8819819
vn 0.006546647 -0.8005194 0.5992712
vn 0.007400773 -0.9601142 0.2795103
vn -0.04748018 0.9589869 0.2794453
vn -0.0385204 0.7997881 0.5990452
vn -0.02172234 0.4711883 0.8817651
vn 0 0 1
vn 0.01912253 -0.4718215 0.8814867
vn 0.03014645 -0.8009179 0.5980148
vn 0.03396615 -0.9598303 0.2785173
vn -0.1270441 0.9508827 0.2822799
vn -0.1026854 0.7912517 0.602807
vn -0.05765495 0.4651982 0.8833269
vn 0 0 1
vn 0.05071856 -0.4683623 0.8820797
vn 0.07993835 -0.7973832 0.5981554
vn 0.08991554 -0.9563429 0.2780708
vn -0.2722248 0.9173781 0.2903634
vn -0.2183381 0.7586325 0.6138446
vn -0.1214962 0.443043 0.8882294
vn 0 0 1
vn 0.1077414 -0.4523862 0.8852901
vn 0.17133 -0.7794745 0.6025491
vn 0.1933794 -0.9403409 0.2799344
vn -0.501119 0.811033 0.3018363
vn -0.3988762 0.6665967 0.6297195
vn -0.2200467 0.3868125 0.8955197
vn 0 0 1
vn 0.1997017 -0.406633 0.891498
vn 0.3252354 -0.7197373 0.6133516
vn 0.3724003 -0.882882 0.2860725
vn -0.7623385 0.5715146 0.3036625
vn -0.6116433 0.4741868 0.6332767
vn -0.3408799 0.2786035 0.8978758
vn 0 0 1
vn 0.3221267 -0.3067622 0.8956178
vn 0.5424517 -0.5630856 0.6234426
vn 0.6383873 -0.7115333 0.2935678
vn -0.9228558 0.2542876 0.2892662
vn -0.7591879 0.2166483 0.6137566
vn -0.4378464 0.1320167 0.8893043
vn 0 0 1
vn 0.4310686 -0.1523215 0.8893695
vn 0.7364485 -0.2844785 0.6137716
vn 0.8839948 -0.3674585 0.2890115
vn -0.96 0 0.28
vn -0.8000001 0 0.5999999
vn -0.4705883 0 0.8823529
vn 0 0 1
vn 0.4705883 0 0.8823528
vn 0.8000001 0 0.5999999
vn 0.96 0 0.28
vn -0.002719315 0.9600333 0.2798725
vn -0.002189385 0.8001382 0.5998116
vn -0.001668961 0.5945774 0.8040366
vn -0.001352432 0.4707835 0.8822477
vn 0 0 1
vn 0.001699872 -0.4708675 0.8822024
vn 0.003120151 -0.7832363 0.6217163
vn 0.003196007 -0.8002579 0.5996474
vn 0.004124364 -0.9600701 0.279729
vn -0.3107533 0.9154755 0.255611
vn -0.794043 0.5907457 0.1432307
vn -0.9400479 0.3351091 0.06333992
vn -0.3106872 0.782129 0.5401369
vn -0.7912893 0.5400698 0.2866809
vn -0.9358125 0.3345888 0.1109294
vn -0.2988813 0.6150045 0.7296845
vn -0.7818635 0.4864315 0.3899665
vn -0.9334903 0.3337137 0.1312667
vn -0.3163713 0.5129839 0.7979704
vn -0.7920802 0.4425845 0.4203902
vn -0.9325278 0.3324894 0.1408645
vn -0.3487606 0.1229012 0.9291186
vn -0.8122443 0.2857746 0.5085196
vn -0.9327139 0.3283069 0.1491956
vn -0.4057108 -0.2897434 0.8668607
vn -0.8538082 0.08895611 0.512931
vn -0.9359951 0.3244346 0.1365845
vn -0.4656479 -0.5963212 0.6538906
vn -0.9034699 -0.08891679 0.4193282
vn -0.9407907 0.321592 0.107198
vn -0.4727048 -0.6123381 0.633713
vn -0.9080392 -0.09736042 0.4074134
vn -0.9411313 0.3212299 0.1052772
vn -0.5216277 -0.7927181 0.3154403
vn -0.9512357 -0.2190859 0.2171449
vn -0.9464213 0.3173784 0.05964758
vn -0.9888687 -0.1487911 0
vn -0.94829 -0.1424416 -0.2836484
vn -0.787212 -0.1176797 -0.6053502
vn -0.4605231 -0.06831983 -0.8850147
vn 0 0 -1
vn 0.4609475 0.06685995 -0.8849052
vn 0.7882374 0.1128664 -0.6049322
vn 0.9495622 0.1345149 -0.2832621
vn 0.9902018 0.1396438 0
vn -0.9547581 -0.2973836 0
vn -0.9145436 -0.2833112 -0.288695
vn -0.7561826 -0.2307295 -0.6123331
vn -0.4403625 -0.1312212 -0.8881789
vn 0 0 -1
vn 0.4443723 0.1238214 -0.8872438
vn 0.7662326 0.2057999 -0.608715
vn 0.927423 0.2418107 -0.2853319
vn 0.9683917 0.2494342 0
vn -0.8996786 -0.4365529 0
vn -0.8625805 -0.4152025 -0.2890703
vn -0.7153285 -0.336757 -0.6122907
vn -0.4190845 -0.1906475 -0.8877059
vn 0 0 -1
vn 0.4293848 0.1777393 -0.8854588
vn 0.7418069 0.2920547 -0.6036776
vn 0.8975629 0.3396268 -0.2811308
vn 0.9371461 0.3489374 0
vn -0.8290722 -0.5591416 0
vn -0.7975159 -0.53282 -0.282969
vn -0.6686938 -0.4353242 -0.6027781
vn -0.3987553 -0.2495037 -0.8824636
vn 0 0 -1
vn 0.4161973 0.2339435 -0.8786639
vn 0.7137226 0.3794095 -0.5887686
vn 0.8580378 0.4366363 -0.2704069
vn 0.8944272 0.4472137 0
vn -0.7498378 -0.6616216 0
vn -0.7244393 -0.6331793 -0.2725282
vn -0.6166252 -0.5250883 -0.5865625
vn -0.3767173 -0.3083109 -0.873515
vn 0 0 -1
vn 0.3998909 0.2942315 -0.8680525
vn 0.6755946 0.4705444 -0.5675912
vn 0.8040239 0.5365853 -0.2561672
vn 0.8361329 0.5485269 0
vn -0.6682677 -0.7439209 0
vn -0.6476612 -0.7151731 -0.2627974
vn -0.5576904 -0.6022788 -0.5711757
vn -0.3473987 -0.3626594 -0.8647498
vn 0 0 -1
vn 0.3716154 0.3541394 -0.8581884
vn 0.618154 0.561997 -0.5495863
vn 0.7291628 0.6390684 -0.244772
vn 0.7568229 0.6536199 0
vn -0.5889213 -0.8081904 0
vn -0.5704572 -0.7789266 -0.2604842
vn -0.4906747 -0.6607567 -0.5680131
vn -0.3049192 -0.4019549 -0.8633983
vn 0 0 -1
vn 0.3216727 0.4001013 -0.8581641
vn 0.5325955 0.6425745 -0.5508539
vn 0.6272492 0.7388897 -0.2461715
vn 0.6507914 0.7592567 0
vn 0.5740838 0.8187966 0
vn 0.5585068 0.7873172 -0.2611546
vn 0.4686255 0.6720701 -0.573334
vn 0.4061578 0.5849249 -0.7020674
vn 0.2769607 0.4079316 -0.8699911
vn 0 0 -1
vn -0.1654882 -0.2568273 -0.9521835
vn -0.261821 -0.4100616 -0.87367
vn -0.4284626 -0.6879334 -0.585805
vn -0.5060599 -0.8187891 -0.2710864
vn -0.5065725 -0.8195835 -0.2677073
vn -0.5259755 -0.8504997 0
vn -0.07604244 0.9971046 0
vn -0.7440715 0.6681 0
vn -0.9990888 0.04267823 0
vn -0.08457801 0.9362406 -0.3410279
vn -0.748377 0.6136445 -0.2517387
vn -0.9980614 0.03324208 -0.05261675
vn -0.1288679 0.727881 -0.6734852
vn -0.7706144 0.4381942 -0.4627519
vn -0.9955733 0.01204514 -0.09321298
vn -0.1527469 0.602936 -0.7830304
vn -0.7807821 0.3453571 -0.5206802
vn -0.9946409 -9.528706e-8 -0.1033899
vn -0.2418009 0.3667727 -0.8983374
vn -0.8220872 0.1541633 -0.5480934
vn -0.9915037 -0.04993271 -0.1201125
vn -0.3886934 -0.05849104 -0.9195088
vn -0.8662063 -0.130356 -0.4823836
vn -0.980567 -0.1475619 -0.129282
vn -0.4483974 -0.2829541 -0.847866
vn -0.8680575 -0.2576867 -0.4243509
vn -0.9711651 -0.2043712 -0.1227627
vn -0.5171004 -0.412426 -0.750008
vn -0.8813708 -0.3231639 -0.3446022
vn -0.9615595 -0.2475748 -0.1187849
vn -0.6059363 -0.6319548 -0.4831915
vn -0.8808744 -0.4277971 -0.2026079
vn -0.9387379 -0.3322229 -0.09164692
vn -0.6476561 -0.7292542 -0.2207482
vn -0.8764538 -0.4727968 -0.09106033
vn -0.9230934 -0.3811292 -0.05137329
vn -0.6489586 -0.7290868 -0.2174514
vn -0.8770812 -0.4719329 -0.08948708
vn -0.9229897 -0.3814697 -0.05070395
vn -0.6531214 -0.7572532 0
vn -0.872484 -0.4886428 0
vn -0.9195791 -0.3929049 0
vn -0.94829 -0.1424416 0.2836484
vn -0.787212 -0.1176797 0.6053502
vn -0.4605231 -0.06831983 0.8850147
vn 0 0 1
vn 0.4609475 0.06685995 0.8849052
vn 0.7882374 0.1128664 0.6049322
vn 0.9495622 0.1345149 0.2832621
vn -0.9145436 -0.2833112 0.288695
vn -0.7561826 -0.2307295 0.6123331
vn -0.4403625 -0.1312212 0.8881789
vn 0 0 1
vn 0.4443723 0.1238214 0.8872438
vn 0.7662326 0.2057999 0.608715
vn 0.927423 0.2418107 0.2853319
vn -0.8625805 -0.4152025 0.2890703
vn -0.7153285 -0.336757 0.6122907
vn -0.4190845 -0.1906475 0.8877059
vn 0 0 1
vn 0.4293848 0.1777393 0.8854588
vn 0.7418069 0.2920547 0.6036776
vn 0.8975629 0.3396268 0.2811308
vn -0.7975159 -0.53282 0.282969
vn -0.6686938 -0.4353242 0.6027781
vn -0.3987553 -0.2495037 0.8824636
vn 0 0 1
vn 0.4161973 0.2339435 0.8786639
vn 0.7137226 0.3794095 0.5887686
vn 0.8580378 0.4366363 0.2704069
vn -0.7244393 -0.6331793 0.2725282
vn -0.6166252 -0.5250883 0.5865625
vn -0.3767173 -0.3083109 0.873515
vn 0 0 1
vn 0.3998909 0.2942315 0.8680525
vn 0.6755946 0.4705444 0.5675912
vn 0.8040239 0.5365853 0.2561672
vn -0.6476612 -0.7151731 0.2627974
vn -0.5576904 -0.6022788 0.5711757
vn -0.3473987 -0.3626594 0.8647498
vn 0 0 1
vn 0.3716154 0.3541394 0.8581884
vn 0.618154 0.561997 0.5495863
vn 0.7291628 0.6390684 0.244772
vn -0.5704572 -0.7789266 0.2604842
vn -0.4906747 -0.6607567 0.5680131
vn -0.3049192 -0.4019549 0.8633983
vn 0 0 1
vn 0.3216727 0.4001013 0.8581641
vn 0.5325955 0.6425745 0.5508539
vn 0.6272492 0.7388897 0.2461715
vn 0.5585068 0.7873172 0.2611546
vn 0.4686255 0.6720701 0.573334
vn 0.4061578 0.5849249 0.7020674
vn 0.2769607 0.4079316 0.8699911
vn 0 0 1
vn -0.1654882 -0.2568273 0.9521835
vn -0.261821 -0.4100616 0.87367
vn -0.4284626 -0.6879334 0.585805
vn -0.5060599 -0.8187891 0.2710864
vn -0.5065725 -0.8195835 0.2677073
vn -0.08457801 0.9362406 0.3410279
vn -0.748377 0.6136445 0.2517387
vn -0.9980614 0.03324208 0.05261675
vn -0.1288679 0.727881 0.6734852
vn -0.7706144 0.4381942 0.4627519
vn -0.9955733 0.01204514 0.09321298
vn -0.1527469 0.602936 0.7830304
vn -0.7807821 0.3453571 0.5206802
vn -0.9946409 -9.528706e-8 0.1033899
vn -0.2418009 0.3667727 0.8983374
vn -0.8220872 0.1541633 0.5480934
vn -0.9915037 -0.04993271 0.1201125
vn -0.3886934 -0.05849104 0.9195088
vn -0.8662063 -0.130356 0.4823836
vn -0.980567 -0.1475619 0.129282
vn -0.4483974 -0.2829541 0.847866
vn -0.8680575 -0.2576867 0.4243509
vn -0.9711651 -0.2043712 0.1227627
vn -0.5171004 -0.412426 0.750008
vn -0.8813708 -0.3231639 0.3446022
vn -0.9615595 -0.2475748 0.1187849
vn -0.6059363 -0.6319548 0.4831915
vn -0.8808744 -0.4277971 0.2026079
vn -0.9387379 -0.3322229 0.09164692
vn -0.6476561 -0.7292542 0.2207482
vn -0.8764538 -0.4727968 0.09106033
vn -0.9230934 -0.3811292 0.05137329
vn -0.6489586 -0.7290868 0.2174514
vn -0.8770812 -0.4719329 0.08948708
vn -0.9229897 -0.3814697 0.05070395
vn 0.7071059 -0.7071076 0
vn 0.6096155 -0.6352598 0.4741455
vn 0.3980664 -0.4557581 0.796133
vn 0.1902743 -0.2422551 0.9513717
vn 0 0 1
vn -0.1880493 0.2838542 0.9402469
vn -0.3642038 0.5803254 0.7284078
vn -0.4812074 0.7926913 0.3742725
vn -0.5144954 0.8574931 0
vn 0.8160238 -0.5780183 0
vn 0.6738165 -0.472503 0.5680777
vn 0.404401 -0.2525411 0.8790239
vn 0.1782978 -0.0337192 0.9833986
vn -0.006248191 0.1855615 0.9826127
vn -0.1744907 0.4218313 0.8897254
vn -0.3272086 0.6589959 0.6772436
vn -0.4327617 0.8309984 0.3495128
vn -0.4653974 0.8851019 0
vn 0.9701423 -0.2425365 0
vn 0.7404295 -0.110803 0.6629381
vn 0.3891297 0.1097721 0.9146191
vn 0.1486509 0.2947951 0.9439273
vn -0.0220078 0.457972 0.8886942
vn -0.1624434 0.6172858 0.7697858
vn -0.2836559 0.7696253 0.5720281
vn -0.3696024 0.881073 0.2951345
vn -0.3983872 0.9172173 0
vn 0.7525764 0.658505 0
vn 0.5367748 0.6681773 0.5151815
vn 0.2495452 0.7062411 0.6625334
vn 0.07262386 0.7602237 0.6455894
vn -0.04129995 0.8127971 0.5810811
vn -0.1281456 0.8626773 0.4892509
vn -0.201835 0.9104165 0.3611155
vn -0.2574221 0.9476548 0.188903
vn -0.2781482 0.9605381 0
vn 0 1 0
vn -0.01557944 0.999506 0.02729238
vn -0.03980585 0.9990896 0.01534315
vn -0.05124336 0.9983342 -0.0265124
vn -0.04643553 0.9957836 -0.07911264
vn -0.02327084 0.9912685 -0.1297895
vn 0.02455771 0.9868719 -0.1596268
vn 0.09678859 0.9873447 -0.1256277
vn 0.1414206 0.9899496 0
vn -0.3285203 0.9444969 0
vn -0.2945065 0.9303907 -0.2182635
vn -0.217688 0.8912008 -0.397961
vn -0.1304218 0.8357256 -0.5334351
vn -0.02890639 0.7548939 -0.6552095
vn 0.1200521 0.6160199 -0.7785288
vn 0.3830654 0.340343 -0.858736
vn 0.7594501 -0.1375549 -0.635857
vn 0.9134377 -0.4069786 0
vn -0.4961386 0.8682433 0
vn -0.4392748 0.8343489 -0.3330159
vn -0.3097298 0.7415105 -0.595172
vn -0.1668003 0.6145586 -0.7710352
vn -0.01196395 0.4373481 -0.8992128
vn 0.1844375 0.15707 -0.9702122
vn 0.4279828 -0.2606813 -0.8653762
vn 0.6061057 -0.6411912 -0.4706481
vn 0.6472303 -0.7622945 0
vn -0.612173 0.7907239 0
vn -0.5396705 0.7420318 -0.3976741
vn -0.3717573 0.6077949 -0.7016992
vn -0.1891657 0.4267575 -0.884361
vn -0.002757845 0.1892986 -0.9819157
vn 0.2026103 -0.1351613 -0.9698868
vn 0.4017918 -0.5069349 -0.7626143
vn 0.518592 -0.7651576 -0.3815708
vn 0.5452152 -0.8382961 0
vn -0.7071068 0.7071068 0
vn -0.6229557 0.6494383 -0.436069
vn -0.4239662 0.4877206 -0.7631391
vn -0.2088671 0.2701099 -0.9399018
vn 0 0 -1
vn 0.205159 -0.3249355 -0.9232154
vn 0.374791 -0.6359361 -0.6746236
vn 0.4646933 -0.8235592 -0.3252853
vn 0.4856427 -0.8741574 0
vn 0.6096155 -0.6352598 -0.4741455
vn 0.3980664 -0.4557581 -0.796133
vn 0.1902743 -0.2422551 -0.9513717
vn 0 0 -1
vn -0.1880493 0.2838542 -0.9402469
vn -0.3642038 0.5803254 -0.7284078
vn -0.4812074 0.7926913 -0.3742725
vn 0.6738165 -0.472503 -0.5680777
vn 0.404401 -0.2525411 -0.8790239
vn 0.1782978 -0.0337192 -0.9833986
vn -0.006248191 0.1855615 -0.9826127
vn -0.1744907 0.4218313 -0.8897254
vn -0.3272086 0.6589959 -0.6772436
vn -0.4327617 0.8309984 -0.3495128
vn 0.7404295 -0.110803 -0.6629381
vn 0.3891297 0.1097721 -0.9146191
vn 0.1486509 0.2947951 -0.9439273
vn -0.0220078 0.457972 -0.8886942
vn -0.1624434 0.6172858 -0.7697858
vn -0.2836559 0.7696253 -0.5720281
vn -0.3696024 0.881073 -0.2951345
vn 0.5367748 0.6681773 -0.5151815
vn 0.2495452 0.7062411 -0.6625334
vn 0.07262386 0.7602237 -0.6455894
vn -0.04129995 0.8127971 -0.5810811
vn -0.1281456 0.8626773 -0.4892509
vn -0.201835 0.9104165 -0.3611155
vn -0.2574221 0.9476548 -0.188903
vn -0.01557944 0.999506 -0.02729238
vn -0.03980585 0.9990896 -0.01534315
vn -0.05124336 0.9983342 0.0265124
vn -0.04643553 0.9957836 0.07911264
vn -0.02327084 0.9912685 0.1297895
vn 0.02455771 0.9868719 0.1596268
vn 0.09678859 0.9873447 0.1256277
vn -0.2945065 0.9303907 0.2182635
vn -0.217688 0.8912008 0.397961
vn -0.1304218 0.8357256 0.5334351
vn -0.02890639 0.7548939 0.6552095
vn 0.1200521 0.6160199 0.7785288
vn 0.3830654 0.340343 0.858736
vn 0.7594501 -0.1375549 0.635857
vn -0.4392748 0.8343489 0.3330159
vn -0.3097298 0.7415105 0.595172
vn -0.1668003 0.6145586 0.7710352
vn -0.01196395 0.4373481 0.8992128
vn 0.1844375 0.15707 0.9702122
vn 0.4279828 -0.2606813 0.8653762
vn 0.6061057 -0.6411912 0.4706481
vn -0.5396705 0.7420318 0.3976741
vn -0.3717573 0.6077949 0.7016992
vn -0.1891657 0.4267575 0.884361
vn -0.002757845 0.1892986 0.9819157
vn 0.2026103 -0.1351613 0.9698868
vn 0.4017918 -0.5069349 0.7626143
vn 0.518592 -0.7651576 0.3815708
vn -0.6229557 0.6494383 0.436069
vn -0.4239662 0.4877206 0.7631391
vn -0.2088671 0.2701099 0.9399018
vn 0 0 1
vn 0.205159 -0.3249355 0.9232154
vn 0.374791 -0.6359361 0.6746236
vn 0.4646933 -0.8235592 0.3252853
vn -0.8921995 0.4516414 0
vn -0.7941293 0.4384002 -0.4209087
vn -0.5423229 0.3738208 -0.7524254
vn -0.2580363 0.258406 -0.9309369
vn 0.01393879 0.09876878 -0.9950128
vn 0.2858787 -0.1085521 -0.9520975
vn 0.5512196 -0.3468299 -0.7588584
vn 0.74075 -0.5385165 -0.4016087
vn 0.7975602 -0.6032393 0
vn -0.9578263 0.2873479 0
vn -0.8873999 0.3008113 -0.3493337
vn -0.6525308 0.3035117 -0.6943228
vn -0.304368 0.2486491 -0.9195291
vn 0.06315721 0.1343527 -0.9889189
vn 0.4086946 -0.0198247 -0.9124558
vn 0.7020437 -0.1831903 -0.6881685
vn 0.8860621 -0.3045634 -0.3494783
vn 0.9384544 -0.3454033 0
vn -0.9710617 0.2388287 0
vn -0.9222167 0.2559929 -0.2898002
vn -0.7219864 0.2801249 -0.6326655
vn -0.3282349 0.2512949 -0.9105563
vn 0.14286 0.1471405 -0.9787444
vn 0.5388762 0.009819341 -0.8423278
vn 0.8050035 -0.1132266 -0.5823649
vn 0.9408114 -0.1923005 -0.2790957
vn 0.9760051 -0.217748 0
vn -0.9529258 0.3032037 0
vn -0.9096153 0.3150263 -0.2708475
vn -0.7207113 0.3261193 -0.6117364
vn -0.3044163 0.2738267 -0.912332
vn 0.2156225 0.1361827 -0.9669339
vn 0.612738 -0.01665698 -0.7901105
vn 0.8433769 -0.1324342 -0.5207462
vn 0.9493387 -0.1990533 -0.2431743
vn 0.9756098 -0.2195122 0
vn -0.8729435 0.4878214 0
vn -0.822399 0.4846418 -0.2979636
vn -0.6199588 0.4423856 -0.6480325
vn -0.2272316 0.3067166 -0.9242785
vn 0.2287326 0.09826519 -0.9685171
vn 0.5860254 -0.1000018 -0.8040982
vn 0.8064895 -0.2430075 -0.5390008
vn 0.9119324 -0.3223358 -0.2539272
vn 0.9383699 -0.3456329 0
vn -0.6545009 0.7560613 0
vn -0.6000142 0.7169055 -0.3550064
vn -0.4156121 0.5705966 -0.7082981
vn -0.1327231 0.3265326 -0.9358211
vn 0.1701451 0.04889227 -0.9842053
vn 0.4427625 -0.2122425 -0.8711569
vn 0.6541883 -0.4228936 -0.6270556
vn 0.7757792 -0.5503477 -0.3086806
vn 0.8090093 -0.5877959 0
vn -0.3070028 0.9517086 0
vn -0.2793816 0.8715191 -0.4029894
vn -0.1901437 0.6330023 -0.7504356
vn -0.06277325 0.3235945 -0.9441113
vn 0.07964151 0.01221063 -0.9967487
vn 0.2323707 -0.2918388 -0.9278114
vn 0.3846745 -0.5768524 -0.7206016
vn 0.4970112 -0.7811508 -0.3778668
vn 0.5329261 -0.8461618 0
vn -0.2725559 0.96214 0
vn -0.2334443 0.8811337 -0.4112265
vn -0.2240379 0.8496388 -0.4774107
vn -0.1586279 0.6326392 -0.7580269
vn -0.1580787 0.6310311 -0.7594807
vn -0.07849474 0.3944223 -0.9155707
vn -0.05370075 0.3187948 -0.9463013
vn 0.05459869 0.01759152 -0.9983534
vn 0.05754704 0.008823108 -0.9983038
vn 0.1799521 -0.2965337 -0.9379152
vn 0.2001164 -0.3384044 -0.9194759
vn 0.2929172 -0.5651944 -0.7712035
vn 0.3034582 -0.5953938 -0.7439216
vn 0.3552373 -0.7234023 -0.5920267
vn 0.3838211 -0.8309433 -0.4027587
vn 0.4191549 -0.9079148 0
vn 0.1741922 0.9847117 0
vn 0.7675601 0.6409769 0
vn 0.9715473 0.2368457 0
vn 0.198677 0.88731 -0.4161832
vn 0.7757524 0.5700803 -0.2705856
vn 0.9668331 0.2295006 -0.1120861
vn 0.197876 0.8547074 -0.479917
vn 0.7735108 0.5527965 -0.3099954
vn 0.9660099 0.2256776 -0.126073
vn 0.2509949 0.6299329 -0.7349735
vn 0.7949249 0.4090594 -0.4480679
vn 0.9607441 0.2003928 -0.1918687
vn 0.2511763 0.6283547 -0.7362614
vn 0.7949554 0.4081984 -0.4487985
vn 0.9607409 0.20014 -0.1921474
vn 0.3017798 0.4000129 -0.8654009
vn 0.8127252 0.2794053 -0.5112831
vn 0.9585953 0.1681972 -0.2297928
vn 0.3267417 0.3280858 -0.8863406
vn 0.8233471 0.23684 -0.5157582
vn 0.9579537 0.1556216 -0.2410531
vn 0.3955493 0.05020391 -0.9170716
vn 0.8487835 0.08304469 -0.5221783
vn 0.9620707 0.09409892 -0.2560573
vn 0.3980935 0.04212483 -0.9163771
vn 0.8498073 0.0782579 -0.5212518
vn 0.9621652 0.09174249 -0.256557
vn 0.4569522 -0.2398856 -0.8565334
vn 0.8686559 -0.08745761 -0.4876352
vn 0.9708056 0.00921951 -0.2396902
vn 0.4583729 -0.2797587 -0.8435812
vn 0.8672482 -0.1117548 -0.4851716
vn 0.9725057 3.419235e-7 -0.2328789
vn 0.470667 -0.5120949 -0.7184924
vn 0.8553779 -0.2993278 -0.4227665
vn 0.9726769 -0.1267063 -0.1945381
vn 0.4707369 -0.5433639 -0.6950989
vn 0.8516513 -0.3259929 -0.4103884
vn 0.9710243 -0.1462512 -0.1890034
vn 0.4343167 -0.6886422 -0.5806383
vn 0.8107695 -0.4555813 -0.3675572
vn 0.9673774 -0.2041724 -0.1499821
vn 0.4112998 -0.8143942 -0.4093831
vn 0.775093 -0.5712747 -0.2699558
vn 0.9558101 -0.2729619 -0.1091734
vn 0.370791 -0.9287164 0
vn 0.7238321 -0.6899762 0
vn 0.9493754 -0.3141439 0
vn -0.7941293 0.4384002 0.4209087
vn -0.5423229 0.3738208 0.7524254
vn -0.2580363 0.258406 0.9309369
vn 0.01393879 0.09876878 0.9950128
vn 0.2858787 -0.1085521 0.9520975
vn 0.5512196 -0.3468299 0.7588584
vn 0.74075 -0.5385165 0.4016087
vn -0.8873999 0.3008113 0.3493337
vn -0.6525308 0.3035117 0.6943228
vn -0.304368 0.2486491 0.9195291
vn 0.06315721 0.1343527 0.9889189
vn 0.4086946 -0.0198247 0.9124558
vn 0.7020437 -0.1831903 0.6881685
vn 0.8860621 -0.3045634 0.3494783
vn -0.9222167 0.2559929 0.2898002
vn -0.7219864 0.2801249 0.6326655
vn -0.3282349 0.2512949 0.9105563
vn 0.14286 0.1471405 0.9787444
vn 0.5388762 0.009819341 0.8423278
vn 0.8050035 -0.1132266 0.5823649
vn 0.9408114 -0.1923005 0.2790957
vn -0.9096153 0.3150263 0.2708475
vn -0.7207113 0.3261193 0.6117364
vn -0.3044163 0.2738267 0.912332
vn 0.2156225 0.1361827 0.9669339
vn 0.612738 -0.01665698 0.7901105
vn 0.8433769 -0.1324342 0.5207462
vn 0.9493387 -0.1990533 0.2431743
vn -0.822399 0.4846418 0.2979636
vn -0.6199588 0.4423856 0.6480325
vn -0.2272316 0.3067166 0.9242785
vn 0.2287326 0.09826519 0.9685171
vn 0.5860254 -0.1000018 0.8040982
vn 0.8064895 -0.2430075 0.5390008
vn 0.9119324 -0.3223358 0.2539272
vn -0.6000142 0.7169055 0.3550064
vn -0.4156121 0.5705966 0.7082981
vn -0.1327231 0.3265326 0.9358211
vn 0.1701451 0.04889227 0.9842053
vn 0.4427625 -0.2122425 0.8711569
vn 0.6541883 -0.4228936 0.6270556
vn 0.7757792 -0.5503477 0.3086806
vn -0.2793816 0.8715191 0.4029894
vn -0.1901437 0.6330023 0.7504356
vn -0.06277325 0.3235945 0.9441113
vn 0.07964151 0.01221063 0.9967487
vn 0.2323707 -0.2918388 0.9278114
vn 0.3846745 -0.5768524 0.7206016
vn 0.4970112 -0.7811508 0.3778668
vn -0.2334443 0.8811337 0.4112265
vn -0.2240379 0.8496388 0.4774107
vn -0.1586279 0.6326392 0.7580269
vn -0.1580787 0.6310311 0.7594807
vn -0.07849474 0.3944223 0.9155707
vn -0.05370075 0.3187948 0.9463013
vn 0.05459869 0.01759152 0.9983534
vn 0.05754704 0.008823108 0.9983038
vn 0.1799521 -0.2965337 0.9379152
vn 0.2001164 -0.3384044 0.9194759
vn 0.2929172 -0.5651944 0.7712035
vn 0.3034582 -0.5953938 0.7439216
vn 0.3552373 -0.7234023 0.5920267
vn 0.3838211 -0.8309433 0.4027587
vn 0.198677 0.88731 0.4161832
vn 0.7757524 0.5700803 0.2705856
vn 0.9668331 0.2295006 0.1120861
vn 0.197876 0.8547074 0.479917
vn 0.7735108 0.5527965 0.3099954
vn 0.9660099 0.2256776 0.126073
vn 0.2509949 0.6299329 0.7349735
vn 0.7949249 0.4090594 0.4480679
vn 0.9607441 0.2003928 0.1918687
vn 0.2511763 0.6283547 0.7362614
vn 0.7949554 0.4081984 0.4487985
vn 0.9607409 0.20014 0.1921474
vn 0.3017798 0.4000129 0.8654009
vn 0.8127252 0.2794053 0.5112831
vn 0.9585953 0.1681972 0.2297928
vn 0.3267417 0.3280858 0.8863406
vn 0.8233471 0.23684 0.5157582
vn 0.9579537 0.1556216 0.2410531
vn 0.3955493 0.05020391 0.9170716
vn 0.8487835 0.08304469 0.5221783
vn 0.9620707 0.09409892 0.2560573
vn 0.3980935 0.04212483 0.9163771
vn 0.8498073 0.0782579 0.5212518
vn 0.9621652 0.09174249 0.256557
vn 0.4569522 -0.2398856 0.8565334
vn 0.8686559 -0.08745761 0.4876352
vn 0.9708056 0.00921951 0.2396902
vn 0.4583729 -0.2797587 0.8435812
vn 0.8672482 -0.1117548 0.4851716
vn 0.9725057 3.419235e-7 0.2328789
vn 0.470667 -0.5120949 0.7184924
vn 0.8553779 -0.2993278 0.4227665
vn 0.9726769 -0.1267063 0.1945381
vn 0.4707369 -0.5433639 0.6950989
vn 0.8516513 -0.3259929 0.4103884
vn 0.9710243 -0.1462512 0.1890034
vn 0.4343167 -0.6886422 0.5806383
vn 0.8107695 -0.4555813 0.3675572
vn 0.9673774 -0.2041724 0.1499821
vn 0.4112998 -0.8143942 0.4093831
vn 0.775093 -0.5712747 0.2699558
vn 0.9558101 -0.2729619 0.1091734
vn 0 1 0
vn -0.2014568 0.9794974 0
vn -0.1973819 0.9795433 -0.03918358
vn -0.185523 0.9796243 -0.07692433
vn -0.1666733 0.9796878 -0.1114988
vn -0.1417162 0.9797108 -0.1417162
vn -0.1114989 0.9796877 -0.1666734
vn -0.07692433 0.9796243 -0.185523
vn -0.03918364 0.9795432 -0.1973822
vn 0 0.9794974 -0.2014568
vn -0.7071066 0.7071069 0
vn -0.6931766 0.7075093 -0.1376112
vn -0.6521515 0.7082207 -0.2704104
vn -0.5863307 0.7087768 -0.3922394
vn -0.4986729 0.7089786 -0.4986729
vn -0.3922396 0.7087767 -0.5863309
vn -0.2704104 0.7082207 -0.6521515
vn -0.1376113 0.7075088 -0.6931771
vn 0 0.7071069 -0.7071066
vn -0.9875298 -0.1574323 0
vn -0.9685904 -0.1576402 -0.1923076
vn -0.9121241 -0.1580172 -0.3782328
vn -0.820673 -0.1583191 -0.5490271
vn -0.6981761 -0.1584303 -0.6981761
vn -0.5490272 -0.1583191 -0.820673
vn -0.3782328 -0.1580172 -0.9121241
vn -0.1923076 -0.15764 -0.9685904
vn 0 -0.1574323 -0.9875298
vn -0.8574929 -0.5144958 0
vn -0.8407905 -0.514964 -0.1669834
vn -0.7913435 -0.5158022 -0.3282126
vn -0.7117041 -0.5164649 -0.4761735
vn -0.605398 -0.5167072 -0.605398
vn -0.4761736 -0.5164648 -0.7117043
vn -0.3282126 -0.5158022 -0.7913435
vn -0.1669834 -0.5149637 -0.8407906
vn 0 -0.5144958 -0.8574929
vn -0.8214957 -0.5702148 0
vn -0.8054047 -0.5706997 -0.1600785
vn -0.7578921 -0.5715691 -0.3144968
vn -0.6815362 -0.5722572 -0.4561032
vn -0.5797558 -0.5725089 -0.5797558
vn -0.4561033 -0.572257 -0.6815364
vn -0.3144968 -0.5715691 -0.7578921
vn -0.1600785 -0.5706994 -0.8054048
vn 0 -0.5702148 -0.8214957
vn -0.8858315 -0.464007 0
vn -0.8685229 -0.4645015 -0.1729342
vn -0.8173699 -0.4653954 -0.3395786
vn -0.7351348 -0.4661076 -0.4922607
vn -0.6254995 -0.4663696 -0.6254995
vn -0.4922607 -0.4661075 -0.7351348
vn -0.3395786 -0.4653954 -0.8173699
vn -0.1729342 -0.4645015 -0.868523
vn 0 -0.464007 -0.8858315
vn -0.9992419 -0.03893145 0
vn -0.9798869 -0.03912992 -0.1956798
vn -0.9224917 -0.03952033 -0.3839884
vn -0.8300112 -0.03985539 -0.5563208
vn -0.7065414 -0.03998387 -0.7065414
vn -0.5563208 -0.03985533 -0.8300112
vn -0.3839884 -0.03952033 -0.9224917
vn -0.1956798 -0.03912988 -0.9798868
vn 0 -0.03893145 -0.9992419
vn -0.7071068 0.7071067 0
vn -0.6930546 0.7074336 -0.1386109
vn -0.6518981 0.7079893 -0.2716242
vn -0.5862049 0.7084028 -0.3931022
vn -0.4989779 0.7085493 -0.4989779
vn -0.3931022 0.7084028 -0.5862049
vn -0.2716242 0.7079893 -0.6518981
vn -0.1386107 0.7074345 -0.6930537
vn 0 0.7071067 -0.7071068
vn 0.03918358 0.9795433 -0.1973819
vn 0.07692433 0.9796243 -0.185523
vn 0.1114988 0.9796878 -0.1666733
vn 0.1417162 0.9797108 -0.1417162
vn 0.1666734 0.9796877 -0.1114989
vn 0.185523 0.9796243 -0.07692433
vn 0.1973822 0.9795432 -0.03918364
vn 0.2014568 0.9794974 0
vn 0.1376112 0.7075093 -0.6931766
vn 0.2704104 0.7082207 -0.6521515
vn 0.3922394 0.7087768 -0.5863307
vn 0.4986729 0.7089786 -0.4986729
vn 0.5863309 0.7087767 -0.3922396
vn 0.6521515 0.7082207 -0.2704104
vn 0.6931771 0.7075088 -0.1376113
vn 0.7071066 0.7071069 0
vn 0.1923076 -0.1576402 -0.9685904
vn 0.3782328 -0.1580172 -0.9121241
vn 0.5490271 -0.1583191 -0.820673
vn 0.6981761 -0.1584303 -0.6981761
vn 0.820673 -0.1583191 -0.5490272
vn 0.9121241 -0.1580172 -0.3782328
vn 0.9685904 -0.15764 -0.1923076
vn 0.9875298 -0.1574323 0
vn 0.1669834 -0.514964 -0.8407905
vn 0.3282126 -0.5158022 -0.7913435
vn 0.4761735 -0.5164649 -0.7117041
vn 0.605398 -0.5167072 -0.605398
vn 0.7117043 -0.5164648 -0.4761736
vn 0.7913435 -0.5158022 -0.3282126
vn 0.8407906 -0.5149637 -0.1669834
vn 0.8574929 -0.5144958 0
vn 0.1600785 -0.5706997 -0.8054047
vn 0.3144968 -0.5715691 -0.7578921
vn 0.4561032 -0.5722572 -0.6815362
vn 0.5797558 -0.5725089 -0.5797558
vn 0.6815364 -0.572257 -0.4561033
vn 0.7578921 -0.5715691 -0.3144968
vn 0.8054048 -0.5706994 -0.1600785
vn 0.8214957 -0.5702148 0
vn 0.1729342 -0.4645015 -0.8685229
vn 0.3395786 -0.4653954 -0.8173699
vn 0.4922607 -0.4661076 -0.7351348
vn 0.6254995 -0.4663696 -0.6254995
vn 0.7351348 -0.4661075 -0.4922607
vn 0.8173699 -0.4653954 -0.3395786
vn 0.868523 -0.4645015 -0.1729342
vn 0.8858315 -0.464007 0
vn 0.1956798 -0.03912992 -0.9798869
vn 0.3839884 -0.03952033 -0.9224917
vn 0.5563208 -0.03985539 -0.8300112
vn 0.7065414 -0.03998387 -0.7065414
vn 0.8300112 -0.03985533 -0.5563208
vn 0.9224917 -0.03952033 -0.3839884
vn 0.9798868 -0.03912988 -0.1956798
vn 0.9992419 -0.03893145 0
vn 0.1386109 0.7074336 -0.6930546
vn 0.2716242 0.7079893 -0.6518981
vn 0.3931022 0.7084028 -0.5862049
vn 0.4989779 0.7085493 -0.4989779
vn 0.5862049 0.7084028 -0.3931022
vn 0.6518981 0.7079893 -0.2716242
vn 0.6930537 0.7074345 -0.1386107
vn 0.7071068 0.7071067 0
vn 0 0.9794974 0.2014568
vn 0.03918358 0.9795433 0.1973819
vn 0.07692433 0.9796243 0.185523
vn 0.1114988 0.9796878 0.1666733
vn 0.1417162 0.9797108 0.1417162
vn 0.1666734 0.9796877 0.1114989
vn 0.185523 0.9796243 0.07692433
vn 0.1973822 0.9795432 0.03918364
vn 0 0.7071069 0.7071066
vn 0.1376112 0.7075093 0.6931766
vn 0.2704104 0.7082207 0.6521515
vn 0.3922394 0.7087768 0.5863307
vn 0.4986729 0.7089786 0.4986729
vn 0.5863309 0.7087767 0.3922396
vn 0.6521515 0.7082207 0.2704104
vn 0.6931771 0.7075088 0.1376113
vn 0 -0.1574323 0.9875298
vn 0.1923076 -0.1576402 0.9685904
vn 0.3782328 -0.1580172 0.9121241
vn 0.5490271 -0.1583191 0.820673
vn 0.6981761 -0.1584303 0.6981761
vn 0.820673 -0.1583191 0.5490272
vn 0.9121241 -0.1580172 0.3782328
vn 0.9685904 -0.15764 0.1923076
vn 0 -0.5144958 0.8574929
vn 0.1669834 -0.514964 0.8407905
vn 0.3282126 -0.5158022 0.7913435
vn 0.4761735 -0.5164649 0.7117041
vn 0.605398 -0.5167072 0.605398
vn 0.7117043 -0.5164648 0.4761736
vn 0.7913435 -0.5158022 0.3282126
vn 0.8407906 -0.5149637 0.1669834
vn 0 -0.5702148 0.8214957
vn 0.1600785 -0.5706997 0.8054047
vn 0.3144968 -0.5715691 0.7578921
vn 0.4561032 -0.5722572 0.6815362
vn 0.5797558 -0.5725089 0.5797558
vn 0.6815364 -0.572257 0.4561033
vn 0.7578921 -0.5715691 0.3144968
vn 0.8054048 -0.5706994 0.1600785
vn 0 -0.464007 0.8858315
vn 0.1729342 -0.4645015 0.8685229
vn 0.3395786 -0.4653954 0.8173699
vn 0.4922607 -0.4661076 0.7351348
vn 0.6254995 -0.4663696 0.6254995
vn 0.7351348 -0.4661075 0.4922607
vn 0.8173699 -0.4653954 0.3395786
vn 0.868523 -0.4645015 0.1729342
vn 0 -0.03893145 0.9992419
vn 0.1956798 -0.03912992 0.9798869
vn 0.3839884 -0.03952033 0.9224917
vn 0.5563208 -0.03985539 0.8300112
vn 0.7065414 -0.03998387 0.7065414
vn 0.8300112 -0.03985533 0.5563208
vn 0.9224917 -0.03952033 0.3839884
vn 0.9798868 -0.03912988 0.1956798
vn 0 0.7071067 0.7071068
vn 0.1386109 0.7074336 0.6930546
vn 0.2716242 0.7079893 0.6518981
vn 0.3931022 0.7084028 0.5862049
vn 0.4989779 0.7085493 0.4989779
vn 0.5862049 0.7084028 0.3931022
vn 0.6518981 0.7079893 0.2716242
vn 0.6930537 0.7074345 0.1386107
vn -0.1973819 0.9795433 0.03918358
vn -0.185523 0.9796243 0.07692433
vn -0.1666733 0.9796878 0.1114988
vn -0.1417162 0.9797108 0.1417162
vn -0.1114989 0.9796877 0.1666734
vn -0.07692433 0.9796243 0.185523
vn -0.03918364 0.9795432 0.1973822
vn -0.6931766 0.7075093 0.1376112
vn -0.6521515 0.7082207 0.2704104
vn -0.5863307 0.7087768 0.3922394
vn -0.4986729 0.7089786 0.4986729
vn -0.3922396 0.7087767 0.5863309
vn -0.2704104 0.7082207 0.6521515
vn -0.1376113 0.7075088 0.6931771
vn -0.9685904 -0.1576402 0.1923076
vn -0.9121241 -0.1580172 0.3782328
vn -0.820673 -0.1583191 0.5490271
vn -0.6981761 -0.1584303 0.6981761
vn -0.5490272 -0.1583191 0.820673
vn -0.3782328 -0.1580172 0.9121241
vn -0.1923076 -0.15764 0.9685904
vn -0.8407905 -0.514964 0.1669834
vn -0.7913435 -0.5158022 0.3282126
vn -0.7117041 -0.5164649 0.4761735
vn -0.605398 -0.5167072 0.605398
vn -0.4761736 -0.5164648 0.7117043
vn -0.3282126 -0.5158022 0.7913435
vn -0.1669834 -0.5149637 0.8407906
vn -0.8054047 -0.5706997 0.1600785
vn -0.7578921 -0.5715691 0.3144968
vn -0.6815362 -0.5722572 0.4561032
vn -0.5797558 -0.5725089 0.5797558
vn -0.4561033 -0.572257 0.6815364
vn -0.3144968 -0.5715691 0.7578921
vn -0.1600785 -0.5706994 0.8054048
vn -0.8685229 -0.4645015 0.1729342
vn -0.8173699 -0.4653954 0.3395786
vn -0.7351348 -0.4661076 0.4922607
vn -0.6254995 -0.4663696 0.6254995
vn -0.4922607 -0.4661075 0.7351348
vn -0.3395786 -0.4653954 0.8173699
vn -0.1729342 -0.4645015 0.868523
vn -0.9798869 -0.03912992 0.1956798
vn -0.9224917 -0.03952033 0.3839884
vn -0.8300112 -0.03985539 0.5563208
vn -0.7065414 -0.03998387 0.7065414
vn -0.5563208 -0.03985533 0.8300112
vn -0.3839884 -0.03952033 0.9224917
vn -0.1956798 -0.03912988 0.9798868
vn -0.6930546 0.7074336 0.1386109
vn -0.6518981 0.7079893 0.2716242
vn -0.5862049 0.7084028 0.3931022
vn -0.4989779 0.7085493 0.4989779
vn -0.3931022 0.7084028 0.5862049
vn -0.2716242 0.7079893 0.6518981
vn -0.1386107 0.7074345 0.6930537
vn -0.4076506 0.913138 0
vn -0.3994244 0.9132789 -0.07988489
vn -0.3755099 0.9135162 -0.1564625
vn -0.3375368 0.9136932 -0.2263482
vn -0.287272 0.9137557 -0.287272
vn -0.226348 0.9136934 -0.3375365
vn -0.1564625 0.9135162 -0.3755099
vn -0.07988505 0.9132786 -0.3994252
vn 0 0.913138 -0.4076506
vn -0.2676437 0.963518 0
vn -0.2622199 0.9635821 -0.05244398
vn -0.2464836 0.9636899 -0.1027015
vn -0.2215338 0.9637703 -0.1485579
vn -0.1885364 0.9637988 -0.1885364
vn -0.1485578 0.9637704 -0.2215335
vn -0.1027015 0.9636899 -0.2464836
vn -0.05244408 0.963582 -0.2622204
vn 0 0.963518 -0.2676437
vn -0.2078586 0.9781589 0
vn -0.2036412 0.9781981 -0.04072824
vn -0.1914116 0.9782642 -0.07975484
vn -0.1720307 0.9783134 -0.1153617
vn -0.146405 0.9783308 -0.146405
vn -0.1153617 0.9783134 -0.1720305
vn -0.07975484 0.9782642 -0.1914116
vn -0.04072829 0.9781981 -0.2036414
vn 0 0.9781589 -0.2078586
vn -0.1961161 0.9805807 0
vn -0.1921363 0.9806156 -0.03842725
vn -0.1805961 0.9806746 -0.07524836
vn -0.1623093 0.9807186 -0.1088427
vn -0.1381314 0.9807341 -0.1381314
vn -0.1088426 0.9807186 -0.1623092
vn -0.07524836 0.9806746 -0.1805961
vn -0.03842725 0.9806156 -0.1921363
vn 0 0.9805807 -0.1961161
vn -0.2297927 0.9732396 0
vn -0.2251327 0.9732872 -0.04502653
vn -0.2116152 0.9733676 -0.08817299
vn -0.1901906 0.9734275 -0.1275396
vn -0.1618605 0.9734487 -0.1618605
vn -0.1275396 0.9734275 -0.1901906
vn -0.08817299 0.9733676 -0.2116152
vn -0.04502648 0.9732873 -0.2251324
vn 0 0.9732396 -0.2297927
vn -0.3363365 0.9417419 0
vn -0.3295344 0.9418404 -0.06590688
vn -0.3097775 0.9420073 -0.1290739
vn -0.2784343 0.9421316 -0.1867148
vn -0.2369655 0.9421755 -0.2369655
vn -0.1867148 0.9421316 -0.2784343
vn -0.1290739 0.9420073 -0.3097775
vn -0.06590679 0.9418406 -0.3295339
vn 0 0.9417419 -0.3363365
vn -0.6156441 0.7880243 0
vn -0.6033419 0.7883005 -0.1206684
vn -0.5674056 0.7887693 -0.236419
vn -0.5101542 0.7891185 -0.3421035
vn -0.4342217 0.789242 -0.4342217
vn -0.3421034 0.7891185 -0.5101541
vn -0.236419 0.7887693 -0.5674056
vn -0.1206682 0.7883012 -0.603341
vn 0 0.7880243 -0.6156441
vn -1 0 0
vn -0.9805806 0 -0.1961161
vn -0.9230769 0 -0.3846154
vn -0.830544 0 -0.556953
vn -0.7071068 0 -0.7071068
vn -0.556953 0 -0.830544
vn -0.3846154 0 -0.9230769
vn -0.1961161 0 -0.9805807
vn 0 0 -1
vn 0.07988489 0.9132789 -0.3994244
vn 0.1564625 0.9135162 -0.3755099
vn 0.2263482 0.9136932 -0.3375368
vn 0.287272 0.9137557 -0.287272
vn 0.3375365 0.9136934 -0.226348
vn 0.3755099 0.9135162 -0.1564625
vn 0.3994252 0.9132786 -0.07988505
vn 0.4076506 0.913138 0
vn 0.05244398 0.9635821 -0.2622199
vn 0.1027015 0.9636899 -0.2464836
vn 0.1485579 0.9637703 -0.2215338
vn 0.1885364 0.9637988 -0.1885364
vn 0.2215335 0.9637704 -0.1485578
vn 0.2464836 0.9636899 -0.1027015
vn 0.2622204 0.963582 -0.05244408
vn 0.2676437 0.963518 0
vn 0.04072824 0.9781981 -0.2036412
vn 0.07975484 0.9782642 -0.1914116
vn 0.1153617 0.9783134 -0.1720307
vn 0.146405 0.9783308 -0.146405
vn 0.1720305 0.9783134 -0.1153617
vn 0.1914116 0.9782642 -0.07975484
vn 0.2036414 0.9781981 -0.04072829
vn 0.2078586 0.9781589 0
vn 0.03842725 0.9806156 -0.1921363
vn 0.07524836 0.9806746 -0.1805961
vn 0.1088427 0.9807186 -0.1623093
vn 0.1381314 0.9807341 -0.1381314
vn 0.1623092 0.9807186 -0.1088426
vn 0.1805961 0.9806746 -0.07524836
vn 0.1921363 0.9806156 -0.03842725
vn 0.1961161 0.9805807 0
vn 0.04502653 0.9732872 -0.2251327
vn 0.08817299 0.9733676 -0.2116152
vn 0.1275396 0.9734275 -0.1901906
vn 0.1618605 0.9734487 -0.1618605
vn 0.1901906 0.9734275 -0.1275396
vn 0.2116152 0.9733676 -0.08817299
vn 0.2251324 0.9732873 -0.04502648
vn 0.2297927 0.9732396 0
vn 0.06590688 0.9418404 -0.3295344
vn 0.1290739 0.9420073 -0.3097775
vn 0.1867148 0.9421316 -0.2784343
vn 0.2369655 0.9421755 -0.2369655
vn 0.2784343 0.9421316 -0.1867148
vn 0.3097775 0.9420073 -0.1290739
vn 0.3295339 0.9418406 -0.06590679
vn 0.3363365 0.9417419 0
vn 0.1206684 0.7883005 -0.6033419
vn 0.236419 0.7887693 -0.5674056
vn 0.3421035 0.7891185 -0.5101542
vn 0.4342217 0.789242 -0.4342217
vn 0.5101541 0.7891185 -0.3421034
vn 0.5674056 0.7887693 -0.236419
vn 0.603341 0.7883012 -0.1206682
vn 0.6156441 0.7880243 0
vn 0.1961161 0 -0.9805806
vn 0.3846154 0 -0.9230769
vn 0.556953 0 -0.830544
vn 0.7071068 0 -0.7071068
vn 0.830544 0 -0.556953
vn 0.9230769 0 -0.3846154
vn 0.9805807 0 -0.1961161
vn 1 0 0
vn 0 0.913138 0.4076506
vn 0.07988489 0.9132789 0.3994244
vn 0.1564625 0.9135162 0.3755099
vn 0.2263482 0.9136932 0.3375368
vn 0.287272 0.9137557 0.287272
vn 0.3375365 0.9136934 0.226348
vn 0.3755099 0.9135162 0.1564625
vn 0.3994252 0.9132786 0.07988505
vn 0 0.963518 0.2676437
vn 0.05244398 0.9635821 0.2622199
vn 0.1027015 0.9636899 0.2464836
vn 0.1485579 0.9637703 0.2215338
vn 0.1885364 0.9637988 0.1885364
vn 0.2215335 0.9637704 0.1485578
vn 0.2464836 0.9636899 0.1027015
vn 0.2622204 0.963582 0.05244408
vn 0 0.9781589 0.2078586
vn 0.04072824 0.9781981 0.2036412
vn 0.07975484 0.9782642 0.1914116
vn 0.1153617 0.9783134 0.1720307
vn 0.146405 0.9783308 0.146405
vn 0.1720305 0.9783134 0.1153617
vn 0.1914116 0.9782642 0.07975484
vn 0.2036414 0.9781981 0.04072829
vn 0 0.9805807 0.1961161
vn 0.03842725 0.9806156 0.1921363
vn 0.07524836 0.9806746 0.1805961
vn 0.1088427 0.9807186 0.1623093
vn 0.1381314 0.9807341 0.1381314
vn 0.1623092 0.9807186 0.1088426
vn 0.1805961 0.9806746 0.07524836
vn 0.1921363 0.9806156 0.03842725
vn 0 0.9732396 0.2297927
vn 0.04502653 0.9732872 0.2251327
vn 0.08817299 0.9733676 0.2116152
vn 0.1275396 0.9734275 0.1901906
vn 0.1618605 0.9734487 0.1618605
vn 0.1901906 0.9734275 0.1275396
vn 0.2116152 0.9733676 0.08817299
vn 0.2251324 0.9732873 0.04502648
vn 0 0.9417419 0.3363365
vn 0.06590688 0.9418404 0.3295344
vn 0.1290739 0.9420073 0.3097775
vn 0.1867148 0.9421316 0.2784343
vn 0.2369655 0.9421755 0.2369655
vn 0.2784343 0.9421316 0.1867148
vn 0.3097775 0.9420073 0.1290739
vn 0.3295339 0.9418406 0.06590679
vn 0 0.7880243 0.6156441
vn 0.1206684 0.7883005 0.6033419
vn 0.236419 0.7887693 0.5674056
vn 0.3421035 0.7891185 0.5101542
vn 0.4342217 0.789242 0.4342217
vn 0.5101541 0.7891185 0.3421034
vn 0.5674056 0.7887693 0.236419
vn 0.603341 0.7883012 0.1206682
vn 0 0 1
vn 0.1961161 0 0.9805806
vn 0.3846154 0 0.9230769
vn 0.556953 0 0.830544
vn 0.7071068 0 0.7071068
vn 0.830544 0 0.556953
vn 0.9230769 0 0.3846154
vn 0.9805807 0 0.1961161
vn -0.3994244 0.9132789 0.07988489
vn -0.3755099 0.9135162 0.1564625
vn -0.3375368 0.9136932 0.2263482
vn -0.287272 0.9137557 0.287272
vn -0.226348 0.9136934 0.3375365
vn -0.1564625 0.9135162 0.3755099
vn -0.07988505 0.9132786 0.3994252
vn -0.2622199 0.9635821 0.05244398
vn -0.2464836 0.9636899 0.1027015
vn -0.2215338 0.9637703 0.1485579
vn -0.1885364 0.9637988 0.1885364
vn -0.1485578 0.9637704 0.2215335
vn -0.1027015 0.9636899 0.2464836
vn -0.05244408 0.963582 0.2622204
vn -0.2036412 0.9781981 0.04072824
vn -0.1914116 0.9782642 0.07975484
vn -0.1720307 0.9783134 0.1153617
vn -0.146405 0.9783308 0.146405
vn -0.1153617 0.9783134 0.1720305
vn -0.07975484 0.9782642 0.1914116
vn -0.04072829 0.9781981 0.2036414
vn -0.1921363 0.9806156 0.03842725
vn -0.1805961 0.9806746 0.07524836
vn -0.1623093 0.9807186 0.1088427
vn -0.1381314 0.9807341 0.1381314
vn -0.1088426 0.9807186 0.1623092
vn -0.07524836 0.9806746 0.1805961
vn -0.03842725 0.9806156 0.1921363
vn -0.2251327 0.9732872 0.04502653
vn -0.2116152 0.9733676 0.08817299
vn -0.1901906 0.9734275 0.1275396
vn -0.1618605 0.9734487 0.1618605
vn -0.1275396 0.9734275 0.1901906
vn -0.08817299 0.9733676 0.2116152
vn -0.04502648 0.9732873 0.2251324
vn -0.3295344 0.9418404 0.06590688
vn -0.3097775 0.9420073 0.1290739
vn -0.2784343 0.9421316 0.1867148
vn -0.2369655 0.9421755 0.2369655
vn -0.1867148 0.9421316 0.2784343
vn -0.1290739 0.9420073 0.3097775
vn -0.06590679 0.9418406 0.3295339
vn -0.6033419 0.7883005 0.1206684
vn -0.5674056 0.7887693 0.236419
vn -0.5101542 0.7891185 0.3421035
vn -0.4342217 0.789242 0.4342217
vn -0.3421034 0.7891185 0.5101541
vn -0.236419 0.7887693 0.5674056
vn -0.1206682 0.7883012 0.603341
vn -0.9805806 0 0.1961161
vn -0.9230769 0 0.3846154
vn -0.830544 0 0.556953
vn -0.7071068 0 0.7071068
vn -0.556953 0 0.830544
vn -0.3846154 0 0.9230769
vn -0.1961161 0 0.9805807
vn 0.9417419 -0.3363365 0
vn 0.9233571 -0.3366126 0.1846714
vn 0.8690541 -0.3370821 0.3621059
vn 0.7818326 -0.3374319 0.5242878
vn 0.6656033 -0.3375565 0.6656033
vn 0.5242876 -0.3374322 0.7818324
vn 0.362106 -0.3370816 0.8690543
vn 0.1846714 -0.3366131 0.923357
vn 0 -0.3363365 0.9417419
vn 0.9823386 -0.1871121 0
vn 0.963231 -0.1872792 0.1926462
vn 0.9066945 -0.1875635 0.3777893
vn 0.8157703 -0.1877753 0.5470459
vn 0.6945186 -0.187851 0.6945186
vn 0.5470459 -0.1877756 0.8157703
vn 0.3777894 -0.1875633 0.9066947
vn 0.1926462 -0.1872794 0.963231
vn 0 -0.1871121 0.9823386
vn 0.9974588 0.07124718 0
vn 0.9780841 0.07131307 0.1956168
vn 0.9207194 0.07142446 0.383633
vn 0.8284178 0.07150806 0.5555273
vn 0.7052951 0.07153729 0.7052951
vn 0.5555273 0.07150777 0.8284178
vn 0.3836331 0.07142431 0.9207194
vn 0.1956168 0.07131317 0.9780841
vn 0 0.07124718 0.9974588
vn 0.8137333 0.5812384 0
vn 0.7976812 0.5815949 0.1595363
vn 0.750504 0.5821995 0.31271
vn 0.675002 0.5826507 0.4526483
vn 0.5746006 0.5828105 0.5746006
vn 0.4526484 0.5826505 0.675002
vn 0.3127101 0.582199 0.7505043
vn 0.1595362 0.5815954 0.7976809
vn 0 0.5812384 0.8137333
vn 0 1 0
vn 0 1 0
vn 0 1 0
vn 0 1 0
vn 0 1 0
vn 0 1 0
vn 0 1 0
vn 0 1 0
vn 0 1 0
vn -0.5734622 0.819232 0
vn -0.5619764 0.8194814 -0.1123953
vn -0.5284627 0.8199039 -0.2201928
vn -0.4751128 0.8202187 -0.318605
vn -0.4043873 0.8203303 -0.4043873
vn -0.318605 0.8202188 -0.4751127
vn -0.2201929 0.8199037 -0.5284629
vn -0.1123952 0.8194818 -0.561976
vn 0 0.819232 -0.5734622
vn -0.7863182 0.6178218 0
vn -0.7707759 0.6181753 -0.1541552
vn -0.7251398 0.6187752 -0.3021415
vn -0.6521557 0.619223 -0.437328
vn -0.5551424 0.6193817 -0.5551424
vn -0.437328 0.619223 -0.6521556
vn -0.3021415 0.6187752 -0.7251398
vn -0.1541551 0.6181759 -0.7707754
vn 0 0.6178218 -0.7863182
vn -0.8858315 0.4640071 0
vn -0.868456 0.4643442 -0.1736912
vn -0.8172503 0.4649164 -0.3405209
vn -0.7351393 0.4653441 -0.4929758
vn -0.6258249 0.4654958 -0.6258249
vn -0.4929758 0.4653441 -0.7351393
vn -0.3405209 0.4649166 -0.8172503
vn -0.1736912 0.4643447 -0.8684557
vn 0 0.4640071 -0.8858315
vn -0.9417419 0.3363365 0
vn -0.9233571 0.3366126 -0.1846715
vn -0.8690543 0.3370815 -0.3621059
vn -0.7818324 0.3374325 -0.5242876
vn -0.6656032 0.3375569 -0.6656032
vn -0.5242876 0.3374325 -0.7818323
vn -0.3621058 0.337082 -0.8690541
vn -0.1846714 0.336613 -0.923357
vn 0 0.3363365 -0.9417419
vn -0.1846714 -0.3366126 0.9233571
vn -0.3621059 -0.3370821 0.8690541
vn -0.5242878 -0.3374319 0.7818326
vn -0.6656033 -0.3375565 0.6656033
vn -0.7818324 -0.3374322 0.5242876
vn -0.8690543 -0.3370816 0.362106
vn -0.923357 -0.3366131 0.1846714
vn -0.9417419 -0.3363365 0
vn -0.1926462 -0.1872792 0.963231
vn -0.3777893 -0.1875635 0.9066945
vn -0.5470459 -0.1877753 0.8157703
vn -0.6945186 -0.187851 0.6945186
vn -0.8157703 -0.1877756 0.5470459
vn -0.9066947 -0.1875633 0.3777894
vn -0.963231 -0.1872794 0.1926462
vn -0.9823386 -0.1871121 0
vn -0.1956168 0.07131307 0.9780841
vn -0.383633 0.07142446 0.9207194
vn -0.5555273 0.07150806 0.8284178
vn -0.7052951 0.07153729 0.7052951
vn -0.8284178 0.07150777 0.5555273
vn -0.9207194 0.07142431 0.3836331
vn -0.9780841 0.07131317 0.1956168
vn -0.9974588 0.07124718 0
vn -0.1595363 0.5815949 0.7976812
vn -0.31271 0.5821995 0.750504
vn -0.4526483 0.5826507 0.675002
vn -0.5746006 0.5828105 0.5746006
vn -0.675002 0.5826505 0.4526484
vn -0.7505043 0.582199 0.3127101
vn -0.7976809 0.5815954 0.1595362
vn -0.8137333 0.5812384 0
vn 0 1 0
vn 0 1 0
vn 0 1 0
vn 0 1 0
vn 0 1 0
vn 0 1 0
vn 0 1 0
vn 0 1 0
vn 0.1123953 0.8194814 -0.5619764
vn 0.2201928 0.8199039 -0.5284627
vn 0.318605 0.8202187 -0.4751128
vn 0.4043873 0.8203303 -0.4043873
vn 0.4751127 0.8202188 -0.318605
vn 0.5284629 0.8199037 -0.2201929
vn 0.561976 0.8194818 -0.1123952
vn 0.5734622 0.819232 0
vn 0.1541552 0.6181753 -0.7707759
vn 0.3021415 0.6187752 -0.7251398
vn 0.437328 0.619223 -0.6521557
vn 0.5551424 0.6193817 -0.5551424
vn 0.6521556 0.619223 -0.437328
vn 0.7251398 0.6187752 -0.3021415
vn 0.7707754 0.6181759 -0.1541551
vn 0.7863182 0.6178218 0
vn 0.1736912 0.4643442 -0.868456
vn 0.3405209 0.4649164 -0.8172503
vn 0.4929758 0.4653441 -0.7351393
vn 0.6258249 0.4654958 -0.6258249
vn 0.7351393 0.4653441 -0.4929758
vn 0.8172503 0.4649166 -0.3405209
vn 0.8684557 0.4643447 -0.1736912
vn 0.8858315 0.4640071 0
vn 0.1846715 0.3366126 -0.9233571
vn 0.3621059 0.3370815 -0.8690543
vn 0.5242876 0.3374325 -0.7818324
vn 0.6656032 0.3375569 -0.6656032
vn 0.7818323 0.3374325 -0.5242876
vn 0.8690541 0.337082 -0.3621058
vn 0.923357 0.336613 -0.1846714
vn 0.9417419 0.3363365 0
vn 0 -0.3363365 -0.9417419
vn -0.1846714 -0.3366126 -0.9233571
vn -0.3621059 -0.3370821 -0.8690541
vn -0.5242878 -0.3374319 -0.7818326
vn -0.6656033 -0.3375565 -0.6656033
vn -0.7818324 -0.3374322 -0.5242876
vn -0.8690543 -0.3370816 -0.362106
vn -0.923357 -0.3366131 -0.1846714
vn 0 -0.1871121 -0.9823386
vn -0.1926462 -0.1872792 -0.963231
vn -0.3777893 -0.1875635 -0.9066945
vn -0.5470459 -0.1877753 -0.8157703
vn -0.6945186 -0.187851 -0.6945186
vn -0.8157703 -0.1877756 -0.5470459
vn -0.9066947 -0.1875633 -0.3777894
vn -0.963231 -0.1872794 -0.1926462
vn 0 0.07124718 -0.9974588
vn -0.1956168 0.07131307 -0.9780841
vn -0.383633 0.07142446 -0.9207194
vn -0.5555273 0.07150806 -0.8284178
vn -0.7052951 0.07153729 -0.7052951
vn -0.8284178 0.07150777 -0.5555273
vn -0.9207194 0.07142431 -0.3836331
vn -0.9780841 0.07131317 -0.1956168
vn 0 0.5812384 -0.8137333
vn -0.1595363 0.5815949 -0.7976812
vn -0.31271 0.5821995 -0.750504
vn -0.4526483 0.5826507 -0.675002
vn -0.5746006 0.5828105 -0.5746006
vn -0.675002 0.5826505 -0.4526484
vn -0.7505043 0.582199 -0.3127101
vn -0.7976809 0.5815954 -0.1595362
vn 0 1 0
vn 0 1 0
vn 0 1 0
vn 0 1 0
vn 0 1 0
vn 0 1 0
vn 0 1 0
vn 0 1 0
vn 0 0.819232 0.5734622
vn 0.1123953 0.8194814 0.5619764
vn 0.2201928 0.8199039 0.5284627
vn 0.318605 0.8202187 0.4751128
vn 0.4043873 0.8203303 0.4043873
vn 0.4751127 0.8202188 0.318605
vn 0.5284629 0.8199037 0.2201929
vn 0.561976 0.8194818 0.1123952
vn 0 0.6178218 0.7863182
vn 0.1541552 0.6181753 0.7707759
vn 0.3021415 0.6187752 0.7251398
vn 0.437328 0.619223 0.6521557
vn 0.5551424 0.6193817 0.5551424
vn 0.6521556 0.619223 0.437328
vn 0.7251398 0.6187752 0.3021415
vn 0.7707754 0.6181759 0.1541551
vn 0 0.4640071 0.8858315
vn 0.1736912 0.4643442 0.868456
vn 0.3405209 0.4649164 0.8172503
vn 0.4929758 0.4653441 0.7351393
vn 0.6258249 0.4654958 0.6258249
vn 0.7351393 0.4653441 0.4929758
vn 0.8172503 0.4649166 0.3405209
vn 0.8684557 0.4643447 0.1736912
vn 0 0.3363365 0.9417419
vn 0.1846715 0.3366126 0.9233571
vn 0.3621059 0.3370815 0.8690543
vn 0.5242876 0.3374325 0.7818324
vn 0.6656032 0.3375569 0.6656032
vn 0.7818323 0.3374325 0.5242876
vn 0.8690541 0.337082 0.3621058
vn 0.923357 0.336613 0.1846714
vn 0.9233571 -0.3366126 -0.1846714
vn 0.8690541 -0.3370821 -0.3621059
vn 0.7818326 -0.3374319 -0.5242878
vn 0.6656033 -0.3375565 -0.6656033
vn 0.5242876 -0.3374322 -0.7818324
vn 0.362106 -0.3370816 -0.8690543
vn 0.1846714 -0.3366131 -0.923357
vn 0.963231 -0.1872792 -0.1926462
vn 0.9066945 -0.1875635 -0.3777893
vn 0.8157703 -0.1877753 -0.5470459
vn 0.6945186 -0.187851 -0.6945186
vn 0.5470459 -0.1877756 -0.8157703
vn 0.3777894 -0.1875633 -0.9066947
vn 0.1926462 -0.1872794 -0.963231
vn 0.9780841 0.07131307 -0.1956168
vn 0.9207194 0.07142446 -0.383633
vn 0.8284178 0.07150806 -0.5555273
vn 0.7052951 0.07153729 -0.7052951
vn 0.5555273 0.07150777 -0.8284178
vn 0.3836331 0.07142431 -0.9207194
vn 0.1956168 0.07131317 -0.9780841
vn 0.7976812 0.5815949 -0.1595363
vn 0.750504 0.5821995 -0.31271
vn 0.675002 0.5826507 -0.4526483
vn 0.5746006 0.5828105 -0.5746006
vn 0.4526484 0.5826505 -0.675002
vn 0.3127101 0.582199 -0.7505043
vn 0.1595362 0.5815954 -0.7976809
vn 0 1 0
vn 0 1 0
vn 0 1 0
vn 0 1 0
vn 0 1 0
vn 0 1 0
vn 0 1 0
vn -0.5619764 0.8194814 0.1123953
vn -0.5284627 0.8199039 0.2201928
vn -0.4751128 0.8202187 0.318605
vn -0.4043873 0.8203303 0.4043873
vn -0.318605 0.8202188 0.4751127
vn -0.2201929 0.8199037 0.5284629
vn -0.1123952 0.8194818 0.561976
vn -0.7707759 0.6181753 0.1541552
vn -0.7251398 0.6187752 0.3021415
vn -0.6521557 0.619223 0.437328
vn -0.5551424 0.6193817 0.5551424
vn -0.437328 0.619223 0.6521556
vn -0.3021415 0.6187752 0.7251398
vn -0.1541551 0.6181759 0.7707754
vn -0.868456 0.4643442 0.1736912
vn -0.8172503 0.4649164 0.3405209
vn -0.7351393 0.4653441 0.4929758
vn -0.6258249 0.4654958 0.6258249
vn -0.4929758 0.4653441 0.7351393
vn -0.3405209 0.4649166 0.8172503
vn -0.1736912 0.4643447 0.8684557
vn -0.9233571 0.3366126 0.1846715
vn -0.8690543 0.3370815 0.3621059
vn -0.7818324 0.3374325 0.5242876
vn -0.6656032 0.3375569 0.6656032
vn -0.5242876 0.3374325 0.7818323
vn -0.3621058 0.337082 0.8690541
vn -0.1846714 0.336613 0.923357
vn -0.924755 0.3325976 -0.184951
vn -0.8703737 0.3330621 -0.3626557
vn -0.7830221 0.3334093 -0.5250854
vn -0.666617 0.3335321 -0.666617
vn -0.5250854 0.3334093 -0.783022
vn -0.3626557 0.3330621 -0.8703737
vn -0.1849511 0.3325975 -0.9247552
vn 0 0.3323234 -0.9431655
vn -0.9289091 0.3203325 -0.1857818
vn -0.8742946 0.3207839 -0.3642893
vn -0.7865568 0.3211213 -0.5274557
vn -0.6696284 0.3212406 -0.6696284
vn -0.5274557 0.3211213 -0.7865568
vn -0.3642893 0.3207839 -0.8742946
vn -0.1857819 0.3203324 -0.9289091
vn 0 0.3200659 -0.9473952
vn -0.9542863 0.2988938 0
vn -0.9356772 0.2991464 -0.1871354
vn -0.8806828 0.299574 -0.3669511
vn -0.7923162 0.2998938 -0.5313179
vn -0.6745353 0.3000068 -0.6745353
vn -0.5313179 0.2998938 -0.7923162
vn -0.3669511 0.299574 -0.8806828
vn -0.1871354 0.2991463 -0.9356772
vn 0 0.2988938 -0.9542863
vn -0.9635179 0.2676438 0
vn -0.9447443 0.2678744 -0.1889489
vn -0.8892417 0.2682649 -0.3705173
vn -0.800033 0.2685568 -0.5364927
vn -0.6811101 0.2686601 -0.6811101
vn -0.5364928 0.2685568 -0.800033
vn -0.3705173 0.2682649 -0.8892417
vn -0.1889489 0.2678744 -0.9447442
vn 0 0.2676438 -0.9635179
vn -0.9744495 0.2246071 0
vn -0.9554815 0.224805 -0.1910963
vn -0.8993782 0.2251402 -0.3747409
vn -0.8091728 0.2253909 -0.5426217
vn -0.6888973 0.2254795 -0.6888973
vn -0.5426217 0.2253909 -0.8091727
vn -0.3747409 0.2251402 -0.8993782
vn -0.1910963 0.2248051 -0.9554816
vn 0 0.2246071 -0.9744495
vn -0.9858717 0.1675025 0
vn -0.9667014 0.1676535 -0.1933403
vn -0.9099715 0.1679095 -0.3791548
vn -0.8187252 0.1681008 -0.5490275
vn -0.6970363 0.1681685 -0.6970363
vn -0.5490274 0.1681008 -0.8187252
vn -0.3791548 0.1679095 -0.9099715
vn -0.1933403 0.1676536 -0.9667015
vn 0 0.1675025 -0.9858717
vn -0.9956124 0.09357259 0
vn -0.9762704 0.09365867 -0.1952541
vn -0.9190068 0.09380449 -0.3829195
vn -0.8268733 0.09391354 -0.5544915
vn -0.703979 0.0939521 -0.703979
vn -0.5544915 0.09391356 -0.8268733
vn -0.3829195 0.09380449 -0.9190068
vn -0.1952541 0.09365869 -0.9762704
vn 0 0.09357259 -0.9956124
vn -0.9805807 0 -0.1961161
vn -0.923077 0 -0.3846154
vn -0.830544 0 -0.556953
vn -0.7071068 0 -0.7071068
vn -0.556953 0 -0.830544
vn -0.3846154 0 -0.923077
vn -0.1961161 0 -0.9805806
vn 0 0 -1
vn 0.184951 0.3325976 -0.924755
vn 0.3626557 0.3330621 -0.8703737
vn 0.5250854 0.3334093 -0.7830221
vn 0.666617 0.3335321 -0.666617
vn 0.783022 0.3334093 -0.5250854
vn 0.8703737 0.3330621 -0.3626557
vn 0.9247552 0.3325975 -0.1849511
vn 0.9431655 0.3323234 0
vn 0.1857818 0.3203325 -0.9289091
vn 0.3642893 0.3207839 -0.8742946
vn 0.5274557 0.3211213 -0.7865568
vn 0.6696284 0.3212406 -0.6696284
vn 0.7865568 0.3211213 -0.5274557
vn 0.8742946 0.3207839 -0.3642893
vn 0.9289091 0.3203324 -0.1857819
vn 0.9473952 0.3200659 0
vn 0.1871354 0.2991464 -0.9356772
vn 0.3669511 0.299574 -0.8806828
vn 0.5313179 0.2998938 -0.7923162
vn 0.6745353 0.3000068 -0.6745353
vn 0.7923162 0.2998938 -0.5313179
vn 0.8806828 0.299574 -0.3669511
vn 0.9356772 0.2991463 -0.1871354
vn 0.9542863 0.2988938 0
vn 0.1889489 0.2678744 -0.9447443
vn 0.3705173 0.2682649 -0.8892417
vn 0.5364927 0.2685568 -0.800033
vn 0.6811101 0.2686601 -0.6811101
vn 0.800033 0.2685568 -0.5364928
vn 0.8892417 0.2682649 -0.3705173
vn 0.9447442 0.2678744 -0.1889489
vn 0.9635179 0.2676438 0
vn 0.1910963 0.224805 -0.9554815
vn 0.3747409 0.2251402 -0.8993782
vn 0.5426217 0.2253909 -0.8091728
vn 0.6888973 0.2254795 -0.6888973
vn 0.8091727 0.2253909 -0.5426217
vn 0.8993782 0.2251402 -0.3747409
vn 0.9554816 0.2248051 -0.1910963
vn 0.1933403 0.1676535 -0.9667014
vn 0.3791548 0.1679095 -0.9099715
vn 0.5490275 0.1681008 -0.8187252
vn 0.6970363 0.1681685 -0.6970363
vn 0.8187252 0.1681008 -0.5490274
vn 0.9099715 0.1679095 -0.3791548
vn 0.1952541 0.09365867 -0.9762704
vn 0.3829195 0.09380449 -0.9190068
vn 0.5544915 0.09391354 -0.8268733
vn 0.703979 0.0939521 -0.703979
vn 0.8268733 0.09391356 -0.5544915
vn 0.9190068 0.09380449 -0.3829195
vn 0.1961161 0 -0.9805807
vn 0.3846154 0 -0.923077
vn 0.556953 0 -0.830544
vn 0.7071068 0 -0.7071068
vn 0.830544 0 -0.556953
vn 0.923077 0 -0.3846154
vn 0 0.3323234 0.9431655
vn 0.184951 0.3325976 0.924755
vn 0.3626557 0.3330621 0.8703737
vn 0.5250854 0.3334093 0.7830221
vn 0.666617 0.3335321 0.666617
vn 0.783022 0.3334093 0.5250854
vn 0.8703737 0.3330621 0.3626557
vn 0.9247552 0.3325975 0.1849511
vn 0 0.3200659 0.9473952
vn 0.1857818 0.3203325 0.9289091
vn 0.3642893 0.3207839 0.8742946
vn 0.5274557 0.3211213 0.7865568
vn 0.6696284 0.3212406 0.6696284
vn 0.7865568 0.3211213 0.5274557
vn 0.8742946 0.3207839 0.3642893
vn 0.9289091 0.3203324 0.1857819
vn 0 0.2988938 0.9542863
vn 0.1871354 0.2991464 0.9356772
vn 0.3669511 0.299574 0.8806828
vn 0.5313179 0.2998938 0.7923162
vn 0.6745353 0.3000068 0.6745353
vn 0.7923162 0.2998938 0.5313179
vn 0.8806828 0.299574 0.3669511
vn 0.9356772 0.2991463 0.1871354
vn 0 0.2676438 0.9635179
vn 0.1889489 0.2678744 0.9447443
vn 0.3705173 0.2682649 0.8892417
vn 0.5364927 0.2685568 0.800033
vn 0.6811101 0.2686601 0.6811101
vn 0.800033 0.2685568 0.5364928
vn 0.8892417 0.2682649 0.3705173
vn 0.9447442 0.2678744 0.1889489
vn 0 0.2246071 0.9744495
vn 0.1910963 0.224805 0.9554815
vn 0.3747409 0.2251402 0.8993782
vn 0.5426217 0.2253909 0.8091728
vn 0.6888973 0.2254795 0.6888973
vn 0.8091727 0.2253909 0.5426217
vn 0.8993782 0.2251402 0.3747409
vn 0.9554816 0.2248051 0.1910963
vn 0 0.1675025 0.9858717
vn 0.1933403 0.1676535 0.9667014
vn 0.3791548 0.1679095 0.9099715
vn 0.5490275 0.1681008 0.8187252
vn 0.6970363 0.1681685 0.6970363
vn 0.8187252 0.1681008 0.5490274
vn 0.9099715 0.1679095 0.3791548
vn 0 0.09357259 0.9956124
vn 0.1952541 0.09365867 0.9762704
vn 0.3829195 0.09380449 0.9190068
vn 0.5544915 0.09391354 0.8268733
vn 0.703979 0.0939521 0.703979
vn 0.8268733 0.09391356 0.5544915
vn 0.9190068 0.09380449 0.3829195
vn 0 0 1
vn 0.1961161 0 0.9805807
vn 0.3846154 0 0.923077
vn 0.556953 0 0.830544
vn 0.7071068 0 0.7071068
vn 0.830544 0 0.556953
vn 0.923077 0 0.3846154
vn -0.924755 0.3325976 0.184951
vn -0.8703737 0.3330621 0.3626557
vn -0.7830221 0.3334093 0.5250854
vn -0.666617 0.3335321 0.666617
vn -0.5250854 0.3334093 0.783022
vn -0.3626557 0.3330621 0.8703737
vn -0.1849511 0.3325975 0.9247552
vn -0.9289091 0.3203325 0.1857818
vn -0.8742946 0.3207839 0.3642893
vn -0.7865568 0.3211213 0.5274557
vn -0.6696284 0.3212406 0.6696284
vn -0.5274557 0.3211213 0.7865568
vn -0.3642893 0.3207839 0.8742946
vn -0.1857819 0.3203324 0.9289091
vn -0.9356772 0.2991464 0.1871354
vn -0.8806828 0.299574 0.3669511
vn -0.7923162 0.2998938 0.5313179
vn -0.6745353 0.3000068 0.6745353
vn -0.5313179 0.2998938 0.7923162
vn -0.3669511 0.299574 0.8806828
vn -0.1871354 0.2991463 0.9356772
vn -0.9447443 0.2678744 0.1889489
vn -0.8892417 0.2682649 0.3705173
vn -0.800033 0.2685568 0.5364927
vn -0.6811101 0.2686601 0.6811101
vn -0.5364928 0.2685568 0.800033
vn -0.3705173 0.2682649 0.8892417
vn -0.1889489 0.2678744 0.9447442
vn -0.9554815 0.224805 0.1910963
vn -0.8993782 0.2251402 0.3747409
vn -0.8091728 0.2253909 0.5426217
vn -0.6888973 0.2254795 0.6888973
vn -0.5426217 0.2253909 0.8091727
vn -0.3747409 0.2251402 0.8993782
vn -0.1910963 0.2248051 0.9554816
vn -0.9667014 0.1676535 0.1933403
vn -0.9099715 0.1679095 0.3791548
vn -0.8187252 0.1681008 0.5490275
vn -0.6970363 0.1681685 0.6970363
vn -0.5490274 0.1681008 0.8187252
vn -0.3791548 0.1679095 0.9099715
vn -0.1933403 0.1676536 0.9667015
vn -0.9762704 0.09365867 0.1952541
vn -0.9190068 0.09380449 0.3829195
vn -0.8268733 0.09391354 0.5544915
vn -0.703979 0.0939521 0.703979
vn -0.5544915 0.09391356 0.8268733
vn -0.3829195 0.09380449 0.9190068
vn -0.1952541 0.09365869 0.9762704
vn -0.9805807 0 0.1961161
vn -0.923077 0 0.3846154
vn -0.830544 0 0.556953
vn -0.7071068 0 0.7071068
vn -0.556953 0 0.830544
vn -0.3846154 0 0.923077
vn -0.1961161 0 0.9805806
vn -0.9600508 -0.2035549 -0.1920101
vn -0.903692 -0.2038614 -0.3765384
vn -0.8130628 -0.2040906 -0.5452303
vn -0.6922117 -0.2041716 -0.6922117
vn -0.5452303 -0.2040906 -0.8130627
vn -0.3765384 -0.2038614 -0.903692
vn -0.1920101 -0.203555 -0.9600508
vn 0 -0.2033741 -0.9791011
vn -0.906857 -0.380414 -0.1813714
vn -0.8534824 -0.380925 -0.3556176
vn -0.7677953 -0.3813069 -0.5148745
vn -0.6536444 -0.3814419 -0.6536444
vn -0.5148745 -0.3813068 -0.7677951
vn -0.3556176 -0.380925 -0.8534824
vn -0.1813714 -0.3804141 -0.906857
vn 0 -0.3801124 -0.9249402
vn -0.856581 -0.5160127 0
vn -0.8397393 -0.5163637 -0.1679479
vn -0.7901636 -0.5169582 -0.3292348
vn -0.7107316 -0.5174023 -0.4766082
vn -0.6050341 -0.5175593 -0.6050341
vn -0.4766082 -0.5174023 -0.7107316
vn -0.3292348 -0.5169582 -0.7901636
vn -0.1679478 -0.5163638 -0.8397392
vn 0 -0.5160127 -0.856581
vn -0.792624 -0.6097108 0
vn -0.7769638 -0.6100659 -0.1553928
vn -0.730973 -0.6106671 -0.3045721
vn -0.6574097 -0.6111159 -0.4408512
vn -0.5596175 -0.6112745 -0.5596175
vn -0.4408512 -0.6111159 -0.6574097
vn -0.3045721 -0.6106671 -0.730973
vn -0.1553928 -0.6100659 -0.7769638
vn 0 -0.6097108 -0.792624
vn -0.7478974 -0.6638143 0
vn -0.7330741 -0.6641585 -0.1466148
vn -0.6896067 -0.664741 -0.2873361
vn -0.6201562 -0.6651757 -0.4158695
vn -0.5278905 -0.6653295 -0.5278905
vn -0.4158695 -0.6651758 -0.6201562
vn -0.2873361 -0.664741 -0.6896067
vn -0.1466148 -0.6641586 -0.733074
vn 0 -0.6638143 -0.7478974
vn -0.7399401 -0.6726727 0
vn -0.7252664 -0.6730142 -0.1450533
vn -0.6822492 -0.673592 -0.2842705
vn -0.6135313 -0.6740232 -0.4114269
vn -0.5222486 -0.6741756 -0.5222486
vn -0.4114269 -0.6740232 -0.6135314
vn -0.2842705 -0.673592 -0.6822492
vn -0.1450533 -0.6730142 -0.7252665
vn 0 -0.6726727 -0.7399401
vn -0.8108996 -0.5851852 0
vn -0.7948999 -0.585542 -0.15898
vn -0.7478819 -0.5861461 -0.3116175
vn -0.6726402 -0.586597 -0.4510646
vn -0.5725892 -0.5867565 -0.5725892
vn -0.4510646 -0.586597 -0.6726401
vn -0.3116175 -0.5861461 -0.7478819
vn -0.15898 -0.5855421 -0.7948999
vn 0 -0.5851852 -0.8108996
vn -1 0 0
vn -0.9805806 0 -0.1961161
vn -0.9230769 0 -0.3846154
vn -0.8305439 0 -0.556953
vn -0.7071068 0 -0.7071068
vn -0.556953 0 -0.8305439
vn -0.3846154 0 -0.9230769
vn -0.1961162 0 -0.9805807
vn 0 0 -1
vn 0.1920101 -0.2035549 -0.9600508
vn 0.3765384 -0.2038614 -0.903692
vn 0.5452303 -0.2040906 -0.8130628
vn 0.6922117 -0.2041716 -0.6922117
vn 0.8130627 -0.2040906 -0.5452303
vn 0.903692 -0.2038614 -0.3765384
vn 0.9600508 -0.203555 -0.1920101
vn 0.1813714 -0.380414 -0.906857
vn 0.3556176 -0.380925 -0.8534824
vn 0.5148745 -0.3813069 -0.7677953
vn 0.6536444 -0.3814419 -0.6536444
vn 0.7677951 -0.3813068 -0.5148745
vn 0.8534824 -0.380925 -0.3556176
vn 0.906857 -0.3804141 -0.1813714
vn 0.9249402 -0.3801124 0
vn 0.1679479 -0.5163637 -0.8397393
vn 0.3292348 -0.5169582 -0.7901636
vn 0.4766082 -0.5174023 -0.7107316
vn 0.6050341 -0.5175593 -0.6050341
vn 0.7107316 -0.5174023 -0.4766082
vn 0.7901636 -0.5169582 -0.3292348
vn 0.8397392 -0.5163638 -0.1679478
vn 0.856581 -0.5160127 0
vn 0.1553928 -0.6100659 -0.7769638
vn 0.3045721 -0.6106671 -0.730973
vn 0.4408512 -0.6111159 -0.6574097
vn 0.5596175 -0.6112745 -0.5596175
vn 0.6574097 -0.6111159 -0.4408512
vn 0.730973 -0.6106671 -0.3045721
vn 0.7769638 -0.6100659 -0.1553928
vn 0.792624 -0.6097108 0
vn 0.1466148 -0.6641585 -0.7330741
vn 0.2873361 -0.664741 -0.6896067
vn 0.4158695 -0.6651757 -0.6201562
vn 0.5278905 -0.6653295 -0.5278905
vn 0.6201562 -0.6651758 -0.4158695
vn 0.6896067 -0.664741 -0.2873361
vn 0.733074 -0.6641586 -0.1466148
vn 0.7478974 -0.6638143 0
vn 0.1450533 -0.6730142 -0.7252664
vn 0.2842705 -0.673592 -0.6822492
vn 0.4114269 -0.6740232 -0.6135313
vn 0.5222486 -0.6741756 -0.5222486
vn 0.6135314 -0.6740232 -0.4114269
vn 0.6822492 -0.673592 -0.2842705
vn 0.7252665 -0.6730142 -0.1450533
vn 0.7399401 -0.6726727 0
vn 0.15898 -0.585542 -0.7948999
vn 0.3116175 -0.5861461 -0.7478819
vn 0.4510646 -0.586597 -0.6726402
vn 0.5725892 -0.5867565 -0.5725892
vn 0.6726401 -0.586597 -0.4510646
vn 0.7478819 -0.5861461 -0.3116175
vn 0.7948999 -0.5855421 -0.15898
vn 0.8108996 -0.5851852 0
vn 0.1961161 0 -0.9805806
vn 0.3846154 0 -0.9230769
vn 0.556953 0 -0.8305439
vn 0.7071068 0 -0.7071068
vn 0.8305439 0 -0.556953
vn 0.9230769 0 -0.3846154
vn 0.9805807 0 -0.1961162
vn 1 0 0
vn 0 -0.2033741 0.9791011
vn 0.1920101 -0.2035549 0.9600508
vn 0.3765384 -0.2038614 0.903692
vn 0.5452303 -0.2040906 0.8130628
vn 0.6922117 -0.2041716 0.6922117
vn 0.8130627 -0.2040906 0.5452303
vn 0.903692 -0.2038614 0.3765384
vn 0.9600508 -0.203555 0.1920101
vn 0 -0.3801124 0.9249402
vn 0.1813714 -0.380414 0.906857
vn 0.3556176 -0.380925 0.8534824
vn 0.5148745 -0.3813069 0.7677953
vn 0.6536444 -0.3814419 0.6536444
vn 0.7677951 -0.3813068 0.5148745
vn 0.8534824 -0.380925 0.3556176
vn 0.906857 -0.3804141 0.1813714
vn 0 -0.5160127 0.856581
vn 0.1679479 -0.5163637 0.8397393
vn 0.3292348 -0.5169582 0.7901636
vn 0.4766082 -0.5174023 0.7107316
vn 0.6050341 -0.5175593 0.6050341
vn 0.7107316 -0.5174023 0.4766082
vn 0.7901636 -0.5169582 0.3292348
vn 0.8397392 -0.5163638 0.1679478
vn 0 -0.6097108 0.792624
vn 0.1553928 -0.6100659 0.7769638
vn 0.3045721 -0.6106671 0.730973
vn 0.4408512 -0.6111159 0.6574097
vn 0.5596175 -0.6112745 0.5596175
vn 0.6574097 -0.6111159 0.4408512
vn 0.730973 -0.6106671 0.3045721
vn 0.7769638 -0.6100659 0.1553928
vn 0 -0.6638143 0.7478974
vn 0.1466148 -0.6641585 0.7330741
vn 0.2873361 -0.664741 0.6896067
vn 0.4158695 -0.6651757 0.6201562
vn 0.5278905 -0.6653295 0.5278905
vn 0.6201562 -0.6651758 0.4158695
vn 0.6896067 -0.664741 0.2873361
vn 0.733074 -0.6641586 0.1466148
vn 0 -0.6726727 0.7399401
vn 0.1450533 -0.6730142 0.7252664
vn 0.2842705 -0.673592 0.6822492
vn 0.4114269 -0.6740232 0.6135313
vn 0.5222486 -0.6741756 0.5222486
vn 0.6135314 -0.6740232 0.4114269
vn 0.6822492 -0.673592 0.2842705
vn 0.7252665 -0.6730142 0.1450533
vn 0 -0.5851852 0.8108996
vn 0.15898 -0.585542 0.7948999
vn 0.3116175 -0.5861461 0.7478819
vn 0.4510646 -0.586597 0.6726402
vn 0.5725892 -0.5867565 0.5725892
vn 0.6726401 -0.586597 0.4510646
vn 0.7478819 -0.5861461 0.3116175
vn 0.7948999 -0.5855421 0.15898
vn 0 0 1
vn 0.1961161 0 0.9805806
vn 0.3846154 0 0.9230769
vn 0.556953 0 0.8305439
vn 0.7071068 0 0.7071068
vn 0.8305439 0 0.556953
vn 0.9230769 0 0.3846154
vn 0.9805807 0 0.1961162
vn -0.9600508 -0.2035549 0.1920101
vn -0.903692 -0.2038614 0.3765384
vn -0.8130628 -0.2040906 0.5452303
vn -0.6922117 -0.2041716 0.6922117
vn -0.5452303 -0.2040906 0.8130627
vn -0.3765384 -0.2038614 0.903692
vn -0.1920101 -0.203555 0.9600508
vn -0.906857 -0.380414 0.1813714
vn -0.8534824 -0.380925 0.3556176
vn -0.7677953 -0.3813069 0.5148745
vn -0.6536444 -0.3814419 0.6536444
vn -0.5148745 -0.3813068 0.7677951
vn -0.3556176 -0.380925 0.8534824
vn -0.1813714 -0.3804141 0.906857
vn -0.8397393 -0.5163637 0.1679479
vn -0.7901636 -0.5169582 0.3292348
vn -0.7107316 -0.5174023 0.4766082
vn -0.6050341 -0.5175593 0.6050341
vn -0.4766082 -0.5174023 0.7107316
vn -0.3292348 -0.5169582 0.7901636
vn -0.1679478 -0.5163638 0.8397392
vn -0.7769638 -0.6100659 0.1553928
vn -0.730973 -0.6106671 0.3045721
vn -0.6574097 -0.6111159 0.4408512
vn -0.5596175 -0.6112745 0.5596175
vn -0.4408512 -0.6111159 0.6574097
vn -0.3045721 -0.6106671 0.730973
vn -0.1553928 -0.6100659 0.7769638
vn -0.7330741 -0.6641585 0.1466148
vn -0.6896067 -0.664741 0.2873361
vn -0.6201562 -0.6651757 0.4158695
vn -0.5278905 -0.6653295 0.5278905
vn -0.4158695 -0.6651758 0.6201562
vn -0.2873361 -0.664741 0.6896067
vn -0.1466148 -0.6641586 0.733074
vn -0.7252664 -0.6730142 0.1450533
vn -0.6822492 -0.673592 0.2842705
vn -0.6135313 -0.6740232 0.4114269
vn -0.5222486 -0.6741756 0.5222486
vn -0.4114269 -0.6740232 0.6135314
vn -0.2842705 -0.673592 0.6822492
vn -0.1450533 -0.6730142 0.7252665
vn -0.7948999 -0.585542 0.15898
vn -0.7478819 -0.5861461 0.3116175
vn -0.6726402 -0.586597 0.4510646
vn -0.5725892 -0.5867565 0.5725892
vn -0.4510646 -0.586597 0.6726401
vn -0.3116175 -0.5861461 0.7478819
vn -0.15898 -0.5855421 0.7948999
vn -0.9805806 0 0.1961161
vn -0.9230769 0 0.3846154
vn -0.8305439 0 0.556953
vn -0.7071068 0 0.7071068
vn -0.556953 0 0.8305439
vn -0.3846154 0 0.9230769
vn -0.1961162 0 0.9805807
vn -0.9307515 -0.3656524 0
vn -0.9125636 -0.3659465 -0.1825127
vn -0.8588678 -0.3664439 -0.3578615
vn -0.7726497 -0.366816 -0.5181298
vn -0.6577802 -0.3669476 -0.6577802
vn -0.5181298 -0.366816 -0.7726496
vn -0.3578615 -0.3664439 -0.8588678
vn -0.1825128 -0.3659464 -0.9125636
vn 0 -0.3656524 -0.9307515
vn -0.624695 -0.7808688 0
vn -0.6122173 -0.7811514 -0.1224435
vn -0.5757635 -0.7816289 -0.2399014
vn -0.5176755 -0.7819853 -0.3471472
vn -0.4406258 -0.7821111 -0.4406258
vn -0.3471472 -0.7819853 -0.5176755
vn -0.2399014 -0.7816289 -0.5757635
vn -0.1224435 -0.7811514 -0.6122173
vn 0 -0.7808688 -0.624695
vn -0.3427435 -0.939429 0
vn -0.3358127 -0.9395313 -0.06716255
vn -0.3156821 -0.9397039 -0.1315342
vn -0.2837429 -0.9398327 -0.1902747
vn -0.2414841 -0.9398781 -0.2414841
vn -0.1902747 -0.9398327 -0.2837429
vn -0.1315342 -0.9397039 -0.3156821
vn -0.06716256 -0.9395313 -0.3358127
vn 0 -0.939429 -0.3427435
vn -0.1871121 -0.9823385 0
vn -0.1833144 -0.9823704 -0.03666288
vn -0.1723032 -0.9824242 -0.07179299
vn -0.1548555 -0.9824643 -0.1038443
vn -0.1317878 -0.9824784 -0.1317878
vn -0.1038443 -0.9824643 -0.1548555
vn -0.07179299 -0.9824242 -0.1723032
vn -0.03666288 -0.9823704 -0.1833144
vn 0 -0.9823385 -0.1871121
vn -0.1024287 -0.9947403 0
vn -0.1003475 -0.99475 -0.0200695
vn -0.09431626 -0.9947663 -0.03929843
vn -0.08476323 -0.9947785 -0.05684123
vn -0.07213596 -0.9947828 -0.07213596
vn -0.05684123 -0.9947785 -0.08476324
vn -0.03929843 -0.9947663 -0.09431626
vn -0.0200695 -0.99475 -0.1003475
vn 0 -0.9947403 -0.1024287
vn -0.05265754 -0.9986126 0
vn -0.05158724 -0.9986151 -0.01031745
vn -0.04848608 -0.9986196 -0.02020254
vn -0.04357468 -0.9986227 -0.02922067
vn -0.03708319 -0.9986239 -0.03708319
vn -0.02922067 -0.9986227 -0.04357468
vn -0.02020254 -0.9986196 -0.04848608
vn -0.01031745 -0.9986151 -0.05158724
vn 0 -0.9986126 -0.05265754
vn -0.02115928 -0.9997761 0
vn -0.02072916 -0.9997765 -0.004145833
vn -0.01948296 -0.9997773 -0.0081179
vn -0.01750938 -0.9997778 -0.01174159
vn -0.01490093 -0.9997779 -0.01490093
vn -0.01174159 -0.9997778 -0.01750938
vn -0.0081179 -0.9997773 -0.01948296
vn -0.004145833 -0.9997765 -0.02072916
vn 0 -0.9997761 -0.02115928
vn 0 -1 0
vn 0.1825127 -0.3659465 -0.9125636
vn 0.3578615 -0.3664439 -0.8588678
vn 0.5181298 -0.366816 -0.7726497
vn 0.6577802 -0.3669476 -0.6577802
vn 0.7726496 -0.366816 -0.5181298
vn 0.8588678 -0.3664439 -0.3578615
vn 0.9125636 -0.3659464 -0.1825128
vn 0.9307515 -0.3656524 0
vn 0.1224435 -0.7811514 -0.6122173
vn 0.2399014 -0.7816289 -0.5757635
vn 0.3471472 -0.7819853 -0.5176755
vn 0.4406258 -0.7821111 -0.4406258
vn 0.5176755 -0.7819853 -0.3471472
vn 0.5757635 -0.7816289 -0.2399014
vn 0.6122173 -0.7811514 -0.1224435
vn 0.624695 -0.7808688 0
vn 0.06716255 -0.9395313 -0.3358127
vn 0.1315342 -0.9397039 -0.3156821
vn 0.1902747 -0.9398327 -0.2837429
vn 0.2414841 -0.9398781 -0.2414841
vn 0.2837429 -0.9398327 -0.1902747
vn 0.3156821 -0.9397039 -0.1315342
vn 0.3358127 -0.9395313 -0.06716256
vn 0.3427435 -0.939429 0
vn 0.03666288 -0.9823704 -0.1833144
vn 0.07179299 -0.9824242 -0.1723032
vn 0.1038443 -0.9824643 -0.1548555
vn 0.1317878 -0.9824784 -0.1317878
vn 0.1548555 -0.9824643 -0.1038443
vn 0.1723032 -0.9824242 -0.07179299
vn 0.1833144 -0.9823704 -0.03666288
vn 0.1871121 -0.9823385 0
vn 0.0200695 -0.99475 -0.1003475
vn 0.03929843 -0.9947663 -0.09431626
vn 0.05684123 -0.9947785 -0.08476323
vn 0.07213596 -0.9947828 -0.07213596
vn 0.08476324 -0.9947785 -0.05684123
vn 0.09431626 -0.9947663 -0.03929843
vn 0.1003475 -0.99475 -0.0200695
vn 0.1024287 -0.9947403 0
vn 0.01031745 -0.9986151 -0.05158724
vn 0.02020254 -0.9986196 -0.04848608
vn 0.02922067 -0.9986227 -0.04357468
vn 0.03708319 -0.9986239 -0.03708319
vn 0.04357468 -0.9986227 -0.02922067
vn 0.04848608 -0.9986196 -0.02020254
vn 0.05158724 -0.9986151 -0.01031745
vn 0.05265754 -0.9986126 0
vn 0.004145833 -0.9997765 -0.02072916
vn 0.0081179 -0.9997773 -0.01948296
vn 0.01174159 -0.9997778 -0.01750938
vn 0.01490093 -0.9997779 -0.01490093
vn 0.01750938 -0.9997778 -0.01174159
vn 0.01948296 -0.9997773 -0.0081179
vn 0.02072916 -0.9997765 -0.004145833
vn 0.02115928 -0.9997761 0
vn 0 -0.3656524 0.9307515
vn 0.1825127 -0.3659465 0.9125636
vn 0.3578615 -0.3664439 0.8588678
vn 0.5181298 -0.366816 0.7726497
vn 0.6577802 -0.3669476 0.6577802
vn 0.7726496 -0.366816 0.5181298
vn 0.8588678 -0.3664439 0.3578615
vn 0.9125636 -0.3659464 0.1825128
vn 0 -0.7808688 0.624695
vn 0.1224435 -0.7811514 0.6122173
vn 0.2399014 -0.7816289 0.5757635
vn 0.3471472 -0.7819853 0.5176755
vn 0.4406258 -0.7821111 0.4406258
vn 0.5176755 -0.7819853 0.3471472
vn 0.5757635 -0.7816289 0.2399014
vn 0.6122173 -0.7811514 0.1224435
vn 0 -0.939429 0.3427435
vn 0.06716255 -0.9395313 0.3358127
vn 0.1315342 -0.9397039 0.3156821
vn 0.1902747 -0.9398327 0.2837429
vn 0.2414841 -0.9398781 0.2414841
vn 0.2837429 -0.9398327 0.1902747
vn 0.3156821 -0.9397039 0.1315342
vn 0.3358127 -0.9395313 0.06716256
vn 0 -0.9823385 0.1871121
vn 0.03666288 -0.9823704 0.1833144
vn 0.07179299 -0.9824242 0.1723032
vn 0.1038443 -0.9824643 0.1548555
vn 0.1317878 -0.9824784 0.1317878
vn 0.1548555 -0.9824643 0.1038443
vn 0.1723032 -0.9824242 0.07179299
vn 0.1833144 -0.9823704 0.03666288
vn 0 -0.9947403 0.1024287
vn 0.0200695 -0.99475 0.1003475
vn 0.03929843 -0.9947663 0.09431626
vn 0.05684123 -0.9947785 0.08476323
vn 0.07213596 -0.9947828 0.07213596
vn 0.08476324 -0.9947785 0.05684123
vn 0.09431626 -0.9947663 0.03929843
vn 0.1003475 -0.99475 0.0200695
vn 0 -0.9986126 0.05265754
vn 0.01031745 -0.9986151 0.05158724
vn 0.02020254 -0.9986196 0.04848608
vn 0.02922067 -0.9986227 0.04357468
vn 0.03708319 -0.9986239 0.03708319
vn 0.04357468 -0.9986227 0.02922067
vn 0.04848608 -0.9986196 0.02020254
vn 0.05158724 -0.9986151 0.01031745
vn 0 -0.9997761 0.02115928
vn 0.004145833 -0.9997765 0.02072916
vn 0.0081179 -0.9997773 0.01948296
vn 0.01174159 -0.9997778 0.01750938
vn 0.01490093 -0.9997779 0.01490093
vn 0.01750938 -0.9997778 0.01174159
vn 0.01948296 -0.9997773 0.0081179
vn 0.02072916 -0.9997765 0.004145833
vn -0.9125636 -0.3659465 0.1825127
vn -0.8588678 -0.3664439 0.3578615
vn -0.7726497 -0.366816 0.5181298
vn -0.6577802 -0.3669476 0.6577802
vn -0.5181298 -0.366816 0.7726496
vn -0.3578615 -0.3664439 0.8588678
vn -0.1825128 -0.3659464 0.9125636
vn -0.6122173 -0.7811514 0.1224435
vn -0.5757635 -0.7816289 0.2399014
vn -0.5176755 -0.7819853 0.3471472
vn -0.4406258 -0.7821111 0.4406258
vn -0.3471472 -0.7819853 0.5176755
vn -0.2399014 -0.7816289 0.5757635
vn -0.1224435 -0.7811514 0.6122173
vn -0.3358127 -0.9395313 0.06716255
vn -0.3156821 -0.9397039 0.1315342
vn -0.2837429 -0.9398327 0.1902747
vn -0.2414841 -0.9398781 0.2414841
vn -0.1902747 -0.9398327 0.2837429
vn -0.1315342 -0.9397039 0.3156821
vn -0.06716256 -0.9395313 0.3358127
vn -0.1833144 -0.9823704 0.03666288
vn -0.1723032 -0.9824242 0.07179299
vn -0.1548555 -0.9824643 0.1038443
vn -0.1317878 -0.9824784 0.1317878
vn -0.1038443 -0.9824643 0.1548555
vn -0.07179299 -0.9824242 0.1723032
vn -0.03666288 -0.9823704 0.1833144
vn -0.1003475 -0.99475 0.0200695
vn -0.09431626 -0.9947663 0.03929843
vn -0.08476323 -0.9947785 0.05684123
vn -0.07213596 -0.9947828 0.07213596
vn -0.05684123 -0.9947785 0.08476324
vn -0.03929843 -0.9947663 0.09431626
vn -0.0200695 -0.99475 0.1003475
vn -0.05158724 -0.9986151 0.01031745
vn -0.04848608 -0.9986196 0.02020254
vn -0.04357468 -0.9986227 0.02922067
vn -0.03708319 -0.9986239 0.03708319
vn -0.02922067 -0.9986227 0.04357468
vn -0.02020254 -0.9986196 0.04848608
vn -0.01031745 -0.9986151 0.05158724
vn -0.02072916 -0.9997765 0.004145833
vn -0.01948296 -0.9997773 0.0081179
vn -0.01750938 -0.9997778 0.01174159
vn -0.01490093 -0.9997779 0.01490093
vn -0.01174159 -0.9997778 0.01750938
vn -0.0081179 -0.9997773 0.01948296
vn -0.004145833 -0.9997765 0.02072916
vn 0.3493978 -0.9369745 0
vn 0.3136872 -0.843878 0.4352819
vn 0.2114716 -0.5890911 0.7799049
vn 0.08391649 -0.290944 0.9530529
vn -0.04793856 -0.007377458 0.998823
vn -0.1888221 0.2718009 0.9436475
vn -0.3395826 0.5537456 0.7602956
vn -0.4650533 0.781373 0.416151
vn -0.5092535 0.8606166 0
vn 0.6809707 -0.7323106 0
vn 0.6240874 -0.6837538 0.3781476
vn 0.4404092 -0.5219525 0.7304831
vn 0.1762685 -0.2842354 0.9424116
vn -0.1032504 -0.03012777 0.994199
vn -0.3705702 0.2138082 0.9038605
vn -0.6017398 0.4260033 0.6755964
vn -0.7506742 0.5650104 0.3424202
vn -0.794519 0.6072392 0
vn 0.8850574 -0.4654819 0
vn 0.8345094 -0.4527895 0.3139678
vn 0.6407436 -0.3899897 0.6613287
vn 0.28508 -0.250937 0.9250731
vn -0.1387013 -0.0618192 0.988403
vn -0.5090817 0.1212934 0.852129
vn -0.7656176 0.2598948 0.5884593
vn -0.8980948 0.3382118 0.2811378
vn -0.9326487 0.360786 0
vn 0.9574562 -0.2885786 0
vn 0.9132543 -0.2899357 0.2861886
vn 0.7311969 -0.2753341 0.6241333
vn 0.3560935 -0.2087697 0.9108307
vn -0.1265944 -0.08598609 0.9882207
vn -0.5416058 0.04737328 0.8392968
vn -0.8098881 0.1509925 0.5668179
vn -0.9404075 0.2105477 0.267027
vn -0.973575 0.2283678 0
vn 0.971921 -0.2353075 0
vn 0.920354 -0.2398026 0.3089389
vn 0.7221965 -0.2340234 0.6508958
vn 0.3592874 -0.1863254 0.9144372
vn -0.0780804 -0.09193229 0.9926993
vn -0.4770218 0.02380278 0.878569
vn -0.7715192 0.1293437 0.6229191
vn -0.9323204 0.1981618 0.3025073
vn -0.9754878 0.2200538 0
vn 0.9550906 -0.2963138 0
vn 0.8804594 -0.2932521 0.3725514
vn 0.6444696 -0.262387 0.7182006
vn 0.3141362 -0.1897725 0.9302176
vn -0.03046922 -0.08304394 0.99608
vn -0.3653941 0.04931345 0.9295457
vn -0.6698288 0.1912191 0.7174709
vn -0.8777788 0.3010899 0.372625
vn -0.9408872 0.3387203 0
vn 0.8845022 -0.4665361 0
vn 0.7821516 -0.4339612 0.4471203
vn 0.5272552 -0.336491 0.7802408
vn 0.2516653 -0.2083054 0.9451315
vn -0.005023327 -0.0597206 0.9982024
vn -0.2624892 0.1209219 0.9573283
vn -0.5280777 0.3333638 0.7810265
vn -0.7400299 0.5188071 0.4280128
vn -0.8105024 0.5857354 0
vn 0.7071068 -0.7071068 0
vn -0.5144957 0.857493 0
vn 0.2213968 -0.9751838 0
vn 0.1906373 -0.8682101 0.4581142
vn 0.1305023 -0.588514 0.797885
vn 0.05698232 -0.2840545 0.9571134
vn -0.01428836 -0.04146617 0.9990377
vn -0.02469406 -0.003800269 0.9996878
vn -0.1108557 0.2750461 0.9550187
vn -0.2054632 0.5736345 0.7929239
vn -0.2457972 0.695458 0.67522
vn -0.2829601 0.84486 0.4540321
vn -0.3175591 0.9482386 0
vn -0.2125668 -0.9771466 0
vn -0.7889631 -0.6144406 0
vn -0.9776587 -0.2101988 0
vn -0.222887 -0.8662995 0.4470421
vn -0.7915857 -0.5495219 0.2672407
vn -0.9779404 -0.1941389 0.07708922
vn -0.2419312 -0.5879126 0.771899
vn -0.7960566 -0.389291 0.4634075
vn -0.9796189 -0.1516858 0.1316744
vn -0.2767792 -0.2847523 0.9177741
vn -0.8082957 -0.2036598 0.5524317
vn -0.9821482 -0.09530527 0.1621784
vn -0.3219025 -0.04491957 0.9457066
vn -0.8264824 -0.05200736 0.5605551
vn -0.9845606 -0.04167963 0.1700095
vn -0.3339055 -0.007286983 0.9425784
vn -0.8322626 -0.02589833 0.5537763
vn -0.9847576 -0.02879298 0.1715323
vn -0.4183618 0.263009 0.8693674
vn -0.8674325 0.1510883 0.4740603
vn -0.9843833 0.06853695 0.1621486
vn -0.515166 0.5188109 0.6822312
vn -0.9003912 0.2817886 0.3314977
vn -0.9791387 0.1558981 0.1303201
vn -0.5372772 0.6186244 0.5732687
vn -0.9043005 0.3275397 0.2737851
vn -0.9774871 0.180888 0.1086208
vn -0.5889933 0.7197699 0.3674482
vn -0.9174589 0.3636957 0.1612287
vn -0.9680616 0.2388577 0.07618167
vn -0.6201832 0.784457 0
vn -0.923769 0.3829502 0
vn -0.962651 0.2707453 0
vn 0.3136872 -0.843878 -0.4352819
vn 0.2114716 -0.5890911 -0.7799049
vn 0.08391649 -0.290944 -0.9530529
vn -0.04793856 -0.007377458 -0.998823
vn -0.1888221 0.2718009 -0.9436475
vn -0.3395826 0.5537456 -0.7602956
vn -0.4650533 0.781373 -0.416151
vn 0.6240874 -0.6837538 -0.3781476
vn 0.4404092 -0.5219525 -0.7304831
vn 0.1762685 -0.2842354 -0.9424116
vn -0.1032504 -0.03012777 -0.994199
vn -0.3705702 0.2138082 -0.9038605
vn -0.6017398 0.4260033 -0.6755964
vn -0.7506742 0.5650104 -0.3424202
vn 0.8345094 -0.4527895 -0.3139678
vn 0.6407436 -0.3899897 -0.6613287
vn 0.28508 -0.250937 -0.9250731
vn -0.1387013 -0.0618192 -0.988403
vn -0.5090817 0.1212934 -0.852129
vn -0.7656176 0.2598948 -0.5884593
vn -0.8980948 0.3382118 -0.2811378
vn 0.9132543 -0.2899357 -0.2861886
vn 0.7311969 -0.2753341 -0.6241333
vn 0.3560935 -0.2087697 -0.9108307
vn -0.1265944 -0.08598609 -0.9882207
vn -0.5416058 0.04737328 -0.8392968
vn -0.8098881 0.1509925 -0.5668179
vn -0.9404075 0.2105477 -0.267027
vn 0.920354 -0.2398026 -0.3089389
vn 0.7221965 -0.2340234 -0.6508958
vn 0.3592874 -0.1863254 -0.9144372
vn -0.0780804 -0.09193229 -0.9926993
vn -0.4770218 0.02380278 -0.878569
vn -0.7715192 0.1293437 -0.6229191
vn -0.9323204 0.1981618 -0.3025073
vn 0.8804594 -0.2932521 -0.3725514
vn 0.6444696 -0.262387 -0.7182006
vn 0.3141362 -0.1897725 -0.9302176
vn -0.03046922 -0.08304394 -0.99608
vn -0.3653941 0.04931345 -0.9295457
vn -0.6698288 0.1912191 -0.7174709
vn -0.8777788 0.3010899 -0.372625
vn 0.7821516 -0.4339612 -0.4471203
vn 0.5272552 -0.336491 -0.7802408
vn 0.2516653 -0.2083054 -0.9451315
vn -0.005023327 -0.0597206 -0.9982024
vn -0.2624892 0.1209219 -0.9573283
vn -0.5280777 0.3333638 -0.7810265
vn -0.7400299 0.5188071 -0.4280128
vn 0.6126952 -0.6304867 -0.4765408
vn 0.4009006 -0.443163 -0.8018013
vn 0.1907919 -0.2314281 -0.9539599
vn 0 0 -1
vn -0.1885615 0.274879 -0.9428076
vn -0.3664876 0.5730915 -0.7329754
vn -0.4828432 0.7910932 -0.3755448
vn 0.1906373 -0.8682101 -0.4581142
vn 0.1305023 -0.588514 -0.797885
vn 0.05698232 -0.2840545 -0.9571134
vn -0.01428836 -0.04146617 -0.9990377
vn -0.02469406 -0.003800269 -0.9996878
vn -0.1108557 0.2750461 -0.9550187
vn -0.2054632 0.5736345 -0.7929239
vn -0.2457972 0.695458 -0.67522
vn -0.2829601 0.84486 -0.4540321
vn -0.222887 -0.8662995 -0.4470421
vn -0.7915857 -0.5495219 -0.2672407
vn -0.9779404 -0.1941389 -0.07708922
vn -0.2419312 -0.5879126 -0.771899
vn -0.7960566 -0.389291 -0.4634075
vn -0.9796189 -0.1516858 -0.1316744
vn -0.2767792 -0.2847523 -0.9177741
vn -0.8082957 -0.2036598 -0.5524317
vn -0.9821482 -0.09530527 -0.1621784
vn -0.3219025 -0.04491957 -0.9457066
vn -0.8264824 -0.05200736 -0.5605551
vn -0.9845606 -0.04167963 -0.1700095
vn -0.3339055 -0.007286983 -0.9425784
vn -0.8322626 -0.02589833 -0.5537763
vn -0.9847576 -0.02879298 -0.1715323
vn -0.4183618 0.263009 -0.8693674
vn -0.8674325 0.1510883 -0.4740603
vn -0.9843833 0.06853695 -0.1621486
vn -0.515166 0.5188109 -0.6822312
vn -0.9003912 0.2817886 -0.3314977
vn -0.9791387 0.1558981 -0.1303201
vn -0.5372772 0.6186244 -0.5732687
vn -0.9043005 0.3275397 -0.2737851
vn -0.9774871 0.180888 -0.1086208
vn -0.5889933 0.7197699 -0.3674482
vn -0.9174589 0.3636957 -0.1612287
vn -0.9680616 0.2388577 -0.07618167
vn 0 1 0
vn 0.001891249 0.9999982 0
vn 0.001852804 0.9999982 0.0003705608
vn 0.001741415 0.9999982 0.0007255895
vn 0.001565013 0.9999983 0.001049479
vn 0.001331866 0.9999983 0.001331866
vn 0.00104948 0.9999982 0.001565014
vn 0.0007255892 0.9999982 0.001741414
vn 0.0003705608 0.9999982 0.001852804
vn 0 0.9999982 0.001891249
vn 0.00592582 0.9999824 0
vn 0.005805362 0.9999825 0.001161072
vn 0.005456347 0.9999825 0.002273478
vn 0.00490363 0.9999825 0.003288317
vn 0.004173113 0.9999825 0.004173113
vn 0.00328832 0.9999825 0.004903634
vn 0.002273477 0.9999825 0.005456346
vn 0.001161072 0.9999825 0.005805361
vn 0 0.9999824 0.00592582
vn 0.01186078 0.9999297 0
vn 0.01161968 0.9999298 0.002323935
vn 0.01092111 0.9999299 0.004550462
vn 0.009814827 0.9999301 0.006581706
vn 0.008352665 0.9999302 0.008352665
vn 0.006581711 0.9999301 0.009814833
vn 0.00455046 0.9999299 0.01092111
vn 0.002323935 0.9999298 0.01161968
vn 0 0.9999297 0.01186078
vn 0.0205085 0.9997897 0
vn 0.02009162 0.9997901 0.004018323
vn 0.01888373 0.9997907 0.007868223
vn 0.01697085 0.9997911 0.01138046
vn 0.01444263 0.9997914 0.01444263
vn 0.01138047 0.9997913 0.01697087
vn 0.00786822 0.9997907 0.01888373
vn 0.004018323 0.9997901 0.02009162
vn 0 0.9997897 0.0205085
vn 0.03382158 0.9994279 0
vn 0.0331341 0.999429 0.00662682
vn 0.03114215 0.9994307 0.0129759
vn 0.02798755 0.9994321 0.01876812
vn 0.02381812 0.9994326 0.02381812
vn 0.01876813 0.9994321 0.02798757
vn 0.01297589 0.9994307 0.03114214
vn 0.006626818 0.9994289 0.03313409
vn 0 0.9994279 0.03382158
vn 0.05660201 0.9983968 0
vn 0.05545158 0.9983998 0.01109032
vn 0.05211814 0.9984048 0.02171589
vn 0.04683884 0.9984084 0.03140957
vn 0.0398611 0.9984098 0.0398611
vn 0.0314096 0.9984084 0.04683888
vn 0.02171588 0.9984048 0.05211812
vn 0.01109031 0.9983997 0.05545156
vn 0 0.9983968 0.05660201
vn 0.1039668 0.9945807 0
vn 0.1018544 0.9945907 0.02037088
vn 0.09573264 0.9946075 0.0398886
vn 0.08603618 0.9946201 0.05769484
vn 0.07321929 0.9946244 0.07321929
vn 0.05769489 0.9946201 0.08603626
vn 0.03988858 0.9946075 0.09573261
vn 0.02037088 0.9945908 0.1018544
vn 0 0.9945807 0.1039668
vn 0.2576626 0.966235 0
vn 0.2524405 0.9662943 0.05048809
vn 0.2372886 0.9663947 0.09887027
vn 0.2132682 0.9664695 0.1430151
vn 0.1815016 0.9664959 0.1815016
vn 0.1430152 0.9664695 0.2132683
vn 0.09887023 0.9663947 0.2372885
vn 0.05048805 0.9662944 0.2524403
vn 0 0.966235 0.2576626
vn -0.0003705608 0.9999982 0.001852804
vn -0.0007255895 0.9999982 0.001741415
vn -0.001049479 0.9999983 0.001565013
vn -0.001331866 0.9999983 0.001331866
vn -0.001565014 0.9999982 0.00104948
vn -0.001741414 0.9999982 0.0007255892
vn -0.001852804 0.9999982 0.0003705608
vn -0.001891249 0.9999982 0
vn -0.001161072 0.9999825 0.005805362
vn -0.002273478 0.9999825 0.005456347
vn -0.003288317 0.9999825 0.00490363
vn -0.004173113 0.9999825 0.004173113
vn -0.004903634 0.9999825 0.00328832
vn -0.005456346 0.9999825 0.002273477
vn -0.005805361 0.9999825 0.001161072
vn -0.00592582 0.9999824 0
vn -0.002323935 0.9999298 0.01161968
vn -0.004550462 0.9999299 0.01092111
vn -0.006581706 0.9999301 0.009814827
vn -0.008352665 0.9999302 0.008352665
vn -0.009814833 0.9999301 0.006581711
vn -0.01092111 0.9999299 0.00455046
vn -0.01161968 0.9999298 0.002323935
vn -0.01186078 0.9999297 0
vn -0.004018323 0.9997901 0.02009162
vn -0.007868223 0.9997907 0.01888373
vn -0.01138046 0.9997911 0.01697085
vn -0.01444263 0.9997914 0.01444263
vn -0.01697087 0.9997913 0.01138047
vn -0.01888373 0.9997907 0.00786822
vn -0.02009162 0.9997901 0.004018323
vn -0.0205085 0.9997897 0
vn -0.00662682 0.999429 0.0331341
vn -0.0129759 0.9994307 0.03114215
vn -0.01876812 0.9994321 0.02798755
vn -0.02381812 0.9994326 0.02381812
vn -0.02798757 0.9994321 0.01876813
vn -0.03114214 0.9994307 0.01297589
vn -0.03313409 0.9994289 0.006626818
vn -0.03382158 0.9994279 0
vn -0.01109032 0.9983998 0.05545158
vn -0.02171589 0.9984048 0.05211814
vn -0.03140957 0.9984084 0.04683884
vn -0.0398611 0.9984098 0.0398611
vn -0.04683888 0.9984084 0.0314096
vn -0.05211812 0.9984048 0.02171588
vn -0.05545156 0.9983997 0.01109031
vn -0.05660201 0.9983968 0
vn -0.02037088 0.9945907 0.1018544
vn -0.0398886 0.9946075 0.09573264
vn -0.05769484 0.9946201 0.08603618
vn -0.07321929 0.9946244 0.07321929
vn -0.08603626 0.9946201 0.05769489
vn -0.09573261 0.9946075 0.03988858
vn -0.1018544 0.9945908 0.02037088
vn -0.1039668 0.9945807 0
vn -0.05048809 0.9662943 0.2524405
vn -0.09887027 0.9663947 0.2372886
vn -0.1430151 0.9664695 0.2132682
vn -0.1815016 0.9664959 0.1815016
vn -0.2132683 0.9664695 0.1430152
vn -0.2372885 0.9663947 0.09887023
vn -0.2524403 0.9662944 0.05048805
vn -0.2576626 0.966235 0
vn 0 0.9999982 -0.001891249
vn -0.0003705608 0.9999982 -0.001852804
vn -0.0007255895 0.9999982 -0.001741415
vn -0.001049479 0.9999983 -0.001565013
vn -0.001331866 0.9999983 -0.001331866
vn -0.001565014 0.9999982 -0.00104948
vn -0.001741414 0.9999982 -0.0007255892
vn -0.001852804 0.9999982 -0.0003705608
vn 0 0.9999824 -0.00592582
vn -0.001161072 0.9999825 -0.005805362
vn -0.002273478 0.9999825 -0.005456347
vn -0.003288317 0.9999825 -0.00490363
vn -0.004173113 0.9999825 -0.004173113
vn -0.004903634 0.9999825 -0.00328832
vn -0.005456346 0.9999825 -0.002273477
vn -0.005805361 0.9999825 -0.001161072
vn 0 0.9999297 -0.01186078
vn -0.002323935 0.9999298 -0.01161968
vn -0.004550462 0.9999299 -0.01092111
vn -0.006581706 0.9999301 -0.009814827
vn -0.008352665 0.9999302 -0.008352665
vn -0.009814833 0.9999301 -0.006581711
vn -0.01092111 0.9999299 -0.00455046
vn -0.01161968 0.9999298 -0.002323935
vn 0 0.9997897 -0.0205085
vn -0.004018323 0.9997901 -0.02009162
vn -0.007868223 0.9997907 -0.01888373
vn -0.01138046 0.9997911 -0.01697085
vn -0.01444263 0.9997914 -0.01444263
vn -0.01697087 0.9997913 -0.01138047
vn -0.01888373 0.9997907 -0.00786822
vn -0.02009162 0.9997901 -0.004018323
vn 0 0.9994279 -0.03382158
vn -0.00662682 0.999429 -0.0331341
vn -0.0129759 0.9994307 -0.03114215
vn -0.01876812 0.9994321 -0.02798755
vn -0.02381812 0.9994326 -0.02381812
vn -0.02798757 0.9994321 -0.01876813
vn -0.03114214 0.9994307 -0.01297589
vn -0.03313409 0.9994289 -0.006626818
vn 0 0.9983968 -0.05660201
vn -0.01109032 0.9983998 -0.05545158
vn -0.02171589 0.9984048 -0.05211814
vn -0.03140957 0.9984084 -0.04683884
vn -0.0398611 0.9984098 -0.0398611
vn -0.04683888 0.9984084 -0.0314096
vn -0.05211812 0.9984048 -0.02171588
vn -0.05545156 0.9983997 -0.01109031
vn 0 0.9945807 -0.1039668
vn -0.02037088 0.9945907 -0.1018544
vn -0.0398886 0.9946075 -0.09573264
vn -0.05769484 0.9946201 -0.08603618
vn -0.07321929 0.9946244 -0.07321929
vn -0.08603626 0.9946201 -0.05769489
vn -0.09573261 0.9946075 -0.03988858
vn -0.1018544 0.9945908 -0.02037088
vn 0 0.966235 -0.2576626
vn -0.05048809 0.9662943 -0.2524405
vn -0.09887027 0.9663947 -0.2372886
vn -0.1430151 0.9664695 -0.2132682
vn -0.1815016 0.9664959 -0.1815016
vn -0.2132683 0.9664695 -0.1430152
vn -0.2372885 0.9663947 -0.09887023
vn -0.2524403 0.9662944 -0.05048805
vn 0.001852804 0.9999982 -0.0003705608
vn 0.001741415 0.9999982 -0.0007255895
vn 0.001565013 0.9999983 -0.001049479
vn 0.001331866 0.9999983 -0.001331866
vn 0.00104948 0.9999982 -0.001565014
vn 0.0007255892 0.9999982 -0.001741414
vn 0.0003705608 0.9999982 -0.001852804
vn 0.005805362 0.9999825 -0.001161072
vn 0.005456347 0.9999825 -0.002273478
vn 0.00490363 0.9999825 -0.003288317
vn 0.004173113 0.9999825 -0.004173113
vn 0.00328832 0.9999825 -0.004903634
vn 0.002273477 0.9999825 -0.005456346
vn 0.001161072 0.9999825 -0.005805361
vn 0.01161968 0.9999298 -0.002323935
vn 0.01092111 0.9999299 -0.004550462
vn 0.009814827 0.9999301 -0.006581706
vn 0.008352665 0.9999302 -0.008352665
vn 0.006581711 0.9999301 -0.009814833
vn 0.00455046 0.9999299 -0.01092111
vn 0.002323935 0.9999298 -0.01161968
vn 0.02009162 0.9997901 -0.004018323
vn 0.01888373 0.9997907 -0.007868223
vn 0.01697085 0.9997911 -0.01138046
vn 0.01444263 0.9997914 -0.01444263
vn 0.01138047 0.9997913 -0.01697087
vn 0.00786822 0.9997907 -0.01888373
vn 0.004018323 0.9997901 -0.02009162
vn 0.0331341 0.999429 -0.00662682
vn 0.03114215 0.9994307 -0.0129759
vn 0.02798755 0.9994321 -0.01876812
vn 0.02381812 0.9994326 -0.02381812
vn 0.01876813 0.9994321 -0.02798757
vn 0.01297589 0.9994307 -0.03114214
vn 0.006626818 0.9994289 -0.03313409
vn 0.05545158 0.9983998 -0.01109032
vn 0.05211814 0.9984048 -0.02171589
vn 0.04683884 0.9984084 -0.03140957
vn 0.0398611 0.9984098 -0.0398611
vn 0.0314096 0.9984084 -0.04683888
vn 0.02171588 0.9984048 -0.05211812
vn 0.01109031 0.9983997 -0.05545156
vn 0.1018544 0.9945907 -0.02037088
vn 0.09573264 0.9946075 -0.0398886
vn 0.08603618 0.9946201 -0.05769484
vn 0.07321929 0.9946244 -0.07321929
vn 0.05769489 0.9946201 -0.08603626
vn 0.03988858 0.9946075 -0.09573261
vn 0.02037088 0.9945908 -0.1018544
vn 0.2524405 0.9662943 -0.05048809
vn 0.2372886 0.9663947 -0.09887027
vn 0.2132682 0.9664695 -0.1430151
vn 0.1815016 0.9664959 -0.1815016
vn 0.1430152 0.9664695 -0.2132683
vn 0.09887023 0.9663947 -0.2372885
vn 0.05048805 0.9662944 -0.2524403
vn 0.4080211 0.9129725 0
vn 0.3997886 0.9131133 0.0799577
vn 0.3758515 0.9133513 0.1566048
vn 0.3378441 0.9135286 0.2265542
vn 0.2875336 0.9135912 0.2875336
vn 0.2265542 0.9135287 0.337844
vn 0.1566048 0.9133513 0.3758515
vn 0.0799577 0.9131133 0.3997886
vn 0 0.9129725 0.4080211
vn 0.5030298 0.8642691 0
vn 0.4929197 0.8644717 0.09858391
vn 0.4634694 0.8648143 0.1931122
vn 0.4166438 0.8650697 0.2793965
vn 0.3546114 0.8651599 0.3546114
vn 0.2793964 0.8650697 0.4166438
vn 0.1931122 0.8648143 0.4634693
vn 0.0985839 0.8644718 0.4929196
vn 0 0.8642691 0.5030298
vn 0.636139 0.7715744 0
vn 0.6234413 0.7718639 0.1246883
vn 0.5863322 0.7723533 0.2443051
vn 0.527187 0.7727184 0.3535253
vn 0.4487243 0.7728474 0.4487243
vn 0.3535254 0.7727184 0.527187
vn 0.2443051 0.7723533 0.5863322
vn 0.1246883 0.7718638 0.6234412
vn 0 0.7715744 0.636139
vn 0.7829862 0.622039 0
vn 0.7675056 0.6223927 0.1535011
vn 0.7220575 0.6229909 0.3008573
vn 0.6493799 0.6234378 0.4354665
vn 0.5527786 0.6235957 0.5527786
vn 0.4354665 0.6234378 0.6493799
vn 0.3008573 0.6229909 0.7220575
vn 0.1535011 0.6223927 0.7675055
vn 0 0.622039 0.7829862
vn 0.9096303 0.4154186 0
vn 0.8918231 0.4157375 0.1783646
vn 0.8392963 0.4162773 0.3497068
vn 0.7550083 0.4166809 0.5062997
vn 0.6427512 0.4168236 0.6427512
vn 0.5062997 0.4166809 0.7550084
vn 0.3497068 0.4162773 0.8392963
vn 0.1783646 0.4157375 0.8918231
vn 0 0.4154186 0.9096303
vn 0.983674 0.1799594 0
vn 0.9645427 0.1801209 0.1929085
vn 0.9079332 0.1803947 0.3783055
vn 0.8168871 0.1805994 0.5477949
vn 0.6954702 0.1806718 0.6954702
vn 0.5477949 0.1805993 0.8168871
vn 0.3783055 0.1803946 0.9079332
vn 0.1929086 0.1801209 0.9645428
vn 0 0.1799594 0.983674
vn 0.9991363 -0.04155224 0
vn 0.9797322 -0.04159076 0.1959465
vn 0.9222757 -0.04165596 0.3842815
vn 0.8298213 -0.04170469 0.5564684
vn 0.706491 -0.04172197 0.706491
vn 0.5564684 -0.04170476 0.8298214
vn 0.3842815 -0.04165596 0.9222757
vn 0.1959465 -0.04159092 0.9797322
vn 0 -0.04155224 0.9991363
vn 0.9749243 -0.222537 0
vn 0.9559479 -0.2227333 0.1911896
vn 0.8998185 -0.2230657 0.3749244
vn 0.8095698 -0.2233143 0.542888
vn 0.6892356 -0.2234022 0.6892356
vn 0.542888 -0.2233143 0.8095698
vn 0.3749244 -0.2230657 0.8998185
vn 0.1911896 -0.2227334 0.9559478
vn 0 -0.222537 0.9749243
vn -0.0799577 0.9131133 0.3997886
vn -0.1566048 0.9133513 0.3758515
vn -0.2265542 0.9135286 0.3378441
vn -0.2875336 0.9135912 0.2875336
vn -0.337844 0.9135287 0.2265542
vn -0.3758515 0.9133513 0.1566048
vn -0.3997886 0.9131133 0.0799577
vn -0.4080211 0.9129725 0
vn -0.09858391 0.8644717 0.4929197
vn -0.1931122 0.8648143 0.4634694
vn -0.2793965 0.8650697 0.4166438
vn -0.3546114 0.8651599 0.3546114
vn -0.4166438 0.8650697 0.2793964
vn -0.4634693 0.8648143 0.1931122
vn -0.4929196 0.8644718 0.0985839
vn -0.5030298 0.8642691 0
vn -0.1246883 0.7718639 0.6234413
vn -0.2443051 0.7723533 0.5863322
vn -0.3535253 0.7727184 0.527187
vn -0.4487243 0.7728474 0.4487243
vn -0.527187 0.7727184 0.3535254
vn -0.5863322 0.7723533 0.2443051
vn -0.6234412 0.7718638 0.1246883
vn -0.636139 0.7715744 0
vn -0.1535011 0.6223927 0.7675056
vn -0.3008573 0.6229909 0.7220575
vn -0.4354665 0.6234378 0.6493799
vn -0.5527786 0.6235957 0.5527786
vn -0.6493799 0.6234378 0.4354665
vn -0.7220575 0.6229909 0.3008573
vn -0.7675055 0.6223927 0.1535011
vn -0.7829862 0.622039 0
vn -0.1783646 0.4157375 0.8918231
vn -0.3497068 0.4162773 0.8392963
vn -0.5062997 0.4166809 0.7550083
vn -0.6427512 0.4168236 0.6427512
vn -0.7550084 0.4166809 0.5062997
vn -0.8392963 0.4162773 0.3497068
vn -0.8918231 0.4157375 0.1783646
vn -0.9096303 0.4154186 0
vn -0.1929085 0.1801209 0.9645427
vn -0.3783055 0.1803947 0.9079332
vn -0.5477949 0.1805994 0.8168871
vn -0.6954702 0.1806718 0.6954702
vn -0.8168871 0.1805993 0.5477949
vn -0.9079332 0.1803946 0.3783055
vn -0.9645428 0.1801209 0.1929086
vn -0.1959465 -0.04159076 0.9797322
vn -0.3842815 -0.04165596 0.9222757
vn -0.5564684 -0.04170469 0.8298213
vn -0.706491 -0.04172197 0.706491
vn -0.8298214 -0.04170476 0.5564684
vn -0.9222757 -0.04165596 0.3842815
vn -0.9797322 -0.04159092 0.1959465
vn -0.1911896 -0.2227333 0.9559479
vn -0.3749244 -0.2230657 0.8998185
vn -0.542888 -0.2233143 0.8095698
vn -0.6892356 -0.2234022 0.6892356
vn -0.8095698 -0.2233143 0.542888
vn -0.8998185 -0.2230657 0.3749244
vn -0.9559478 -0.2227334 0.1911896
vn -0.9749243 -0.222537 0
vn 0 0.9129725 -0.4080211
vn -0.0799577 0.9131133 -0.3997886
vn -0.1566048 0.9133513 -0.3758515
vn -0.2265542 0.9135286 -0.3378441
vn -0.2875336 0.9135912 -0.2875336
vn -0.337844 0.9135287 -0.2265542
vn -0.3758515 0.9133513 -0.1566048
vn -0.3997886 0.9131133 -0.0799577
vn 0 0.8642691 -0.5030298
vn -0.09858391 0.8644717 -0.4929197
vn -0.1931122 0.8648143 -0.4634694
vn -0.2793965 0.8650697 -0.4166438
vn -0.3546114 0.8651599 -0.3546114
vn -0.4166438 0.8650697 -0.2793964
vn -0.4634693 0.8648143 -0.1931122
vn -0.4929196 0.8644718 -0.0985839
vn 0 0.7715744 -0.636139
vn -0.1246883 0.7718639 -0.6234413
vn -0.2443051 0.7723533 -0.5863322
vn -0.3535253 0.7727184 -0.527187
vn -0.4487243 0.7728474 -0.4487243
vn -0.527187 0.7727184 -0.3535254
vn -0.5863322 0.7723533 -0.2443051
vn -0.6234412 0.7718638 -0.1246883
vn 0 0.622039 -0.7829862
vn -0.1535011 0.6223927 -0.7675056
vn -0.3008573 0.6229909 -0.7220575
vn -0.4354665 0.6234378 -0.6493799
vn -0.5527786 0.6235957 -0.5527786
vn -0.6493799 0.6234378 -0.4354665
vn -0.7220575 0.6229909 -0.3008573
vn -0.7675055 0.6223927 -0.1535011
vn 0 0.4154186 -0.9096303
vn -0.1783646 0.4157375 -0.8918231
vn -0.3497068 0.4162773 -0.8392963
vn -0.5062997 0.4166809 -0.7550083
vn -0.6427512 0.4168236 -0.6427512
vn -0.7550084 0.4166809 -0.5062997
vn -0.8392963 0.4162773 -0.3497068
vn -0.8918231 0.4157375 -0.1783646
vn 0 0.1799594 -0.983674
vn -0.1929085 0.1801209 -0.9645427
vn -0.3783055 0.1803947 -0.9079332
vn -0.5477949 0.1805994 -0.8168871
vn -0.6954702 0.1806718 -0.6954702
vn -0.8168871 0.1805993 -0.5477949
vn -0.9079332 0.1803946 -0.3783055
vn -0.9645428 0.1801209 -0.1929086
vn 0 -0.04155224 -0.9991363
vn -0.1959465 -0.04159076 -0.9797322
vn -0.3842815 -0.04165596 -0.9222757
vn -0.5564684 -0.04170469 -0.8298213
vn -0.706491 -0.04172197 -0.706491
vn -0.8298214 -0.04170476 -0.5564684
vn -0.9222757 -0.04165596 -0.3842815
vn -0.9797322 -0.04159092 -0.1959465
vn 0 -0.222537 -0.9749243
vn -0.1911896 -0.2227333 -0.9559479
vn -0.3749244 -0.2230657 -0.8998185
vn -0.542888 -0.2233143 -0.8095698
vn -0.6892356 -0.2234022 -0.6892356
vn -0.8095698 -0.2233143 -0.542888
vn -0.8998185 -0.2230657 -0.3749244
vn -0.9559478 -0.2227334 -0.1911896
vn 0.3997886 0.9131133 -0.0799577
vn 0.3758515 0.9133513 -0.1566048
vn 0.3378441 0.9135286 -0.2265542
vn 0.2875336 0.9135912 -0.2875336
vn 0.2265542 0.9135287 -0.337844
vn 0.1566048 0.9133513 -0.3758515
vn 0.0799577 0.9131133 -0.3997886
vn 0.4929197 0.8644717 -0.09858391
vn 0.4634694 0.8648143 -0.1931122
vn 0.4166438 0.8650697 -0.2793965
vn 0.3546114 0.8651599 -0.3546114
vn 0.2793964 0.8650697 -0.4166438
vn 0.1931122 0.8648143 -0.4634693
vn 0.0985839 0.8644718 -0.4929196
vn 0.6234413 0.7718639 -0.1246883
vn 0.5863322 0.7723533 -0.2443051
vn 0.527187 0.7727184 -0.3535253
vn 0.4487243 0.7728474 -0.4487243
vn 0.3535254 0.7727184 -0.527187
vn 0.2443051 0.7723533 -0.5863322
vn 0.1246883 0.7718638 -0.6234412
vn 0.7675056 0.6223927 -0.1535011
vn 0.7220575 0.6229909 -0.3008573
vn 0.6493799 0.6234378 -0.4354665
vn 0.5527786 0.6235957 -0.5527786
vn 0.4354665 0.6234378 -0.6493799
vn 0.3008573 0.6229909 -0.7220575
vn 0.1535011 0.6223927 -0.7675055
vn 0.8918231 0.4157375 -0.1783646
vn 0.8392963 0.4162773 -0.3497068
vn 0.7550083 0.4166809 -0.5062997
vn 0.6427512 0.4168236 -0.6427512
vn 0.5062997 0.4166809 -0.7550084
vn 0.3497068 0.4162773 -0.8392963
vn 0.1783646 0.4157375 -0.8918231
vn 0.9645427 0.1801209 -0.1929085
vn 0.9079332 0.1803947 -0.3783055
vn 0.8168871 0.1805994 -0.5477949
vn 0.6954702 0.1806718 -0.6954702
vn 0.5477949 0.1805993 -0.8168871
vn 0.3783055 0.1803946 -0.9079332
vn 0.1929086 0.1801209 -0.9645428
vn 0.9797322 -0.04159076 -0.1959465
vn 0.9222757 -0.04165596 -0.3842815
vn 0.8298213 -0.04170469 -0.5564684
vn 0.706491 -0.04172197 -0.706491
vn 0.5564684 -0.04170476 -0.8298214
vn 0.3842815 -0.04165596 -0.9222757
vn 0.1959465 -0.04159092 -0.9797322
vn 0.9559479 -0.2227333 -0.1911896
vn 0.8998185 -0.2230657 -0.3749244
vn 0.8095698 -0.2233143 -0.542888
vn 0.6892356 -0.2234022 -0.6892356
vn 0.542888 -0.2233143 -0.8095698
vn 0.3749244 -0.2230657 -0.8998185
vn 0.1911896 -0.2227334 -0.9559478
vn 0.9608516 -0.2770635 0
vn 0.9421254 -0.2773008 0.1884251
vn 0.8867696 -0.2777027 0.3694873
vn 0.7978041 -0.2780034 0.534998
vn 0.679211 -0.2781096 0.679211
vn 0.534998 -0.2780033 0.7978041
vn 0.3694873 -0.2777027 0.8867696
vn 0.1884251 -0.2773007 0.9421254
vn 0 -0.2770635 0.9608516
vn 0.9343578 -0.3563363 0
vn 0.9161052 -0.3566249 0.183221
vn 0.8622101 -0.3571136 0.3592543
vn 0.7756625 -0.357479 0.5201502
vn 0.660347 -0.3576082 0.660347
vn 0.5201503 -0.357479 0.7756626
vn 0.3592542 -0.3571137 0.86221
vn 0.183221 -0.3566249 0.9161052
vn 0 -0.3563363 0.9343578
vn 0.8797262 -0.4754807 0
vn 0.8624615 -0.4758219 0.1724923
vn 0.8115958 -0.4763999 0.3381649
vn 0.7300438 -0.4768316 0.4895587
vn 0.6214845 -0.4769843 0.6214845
vn 0.4895588 -0.4768316 0.7300438
vn 0.3381649 -0.4763999 0.8115958
vn 0.1724923 -0.475822 0.8624614
vn 0 -0.4754807 0.8797262
vn 0.759823 -0.65013 0
vn 0.7447758 -0.6504779 0.1489552
vn 0.7006341 -0.6510669 0.2919309
vn 0.6300865 -0.6515064 0.4225286
vn 0.5363473 -0.6516619 0.5363473
vn 0.4225286 -0.6515063 0.6300866
vn 0.2919309 -0.6510669 0.7006342
vn 0.1489551 -0.6504781 0.7447757
vn 0 -0.65013 0.759823
vn 0.5256403 -0.850707 0
vn 0.5150878 -0.8509243 0.1030176
vn 0.4843297 -0.851293 0.2018041
vn 0.4354086 -0.8515674 0.2919799
vn 0.3705857 -0.8516645 0.3705857
vn 0.2919802 -0.8515672 0.435409
vn 0.2018042 -0.8512929 0.48433
vn 0.1030175 -0.8509244 0.5150874
vn 0 -0.850707 0.5256403
vn 0.296021 -0.9551814 0
vn 0.290029 -0.9552584 0.05800581
vn 0.2726279 -0.9553901 0.1135949
vn 0.2450366 -0.9554875 0.1643186
vn 0.2085395 -0.9555222 0.2085395
vn 0.1643193 -0.9554872 0.2450375
vn 0.1135953 -0.9553898 0.2726286
vn 0.05800566 -0.9552586 0.2900283
vn 0 -0.9551814 0.296021
vn 0.5658684 -0.8244956 0
vn 0.5545322 -0.8247387 0.1109064
vn 0.5214534 -0.825154 0.2172723
vn 0.4688063 -0.8254625 0.314376
vn 0.3990185 -0.8255716 0.3990185
vn 0.3143772 -0.8254611 0.4688081
vn 0.2172727 -0.8251533 0.5214544
vn 0.1109063 -0.8247392 0.5545313
vn 0 -0.8244956 0.5658684
vn 0.9889364 -0.1483402 0
vn 0.9697123 -0.1484741 0.1939424
vn 0.9128141 -0.1487022 0.3803392
vn 0.8212886 -0.1488739 0.5507465
vn 0.6992206 -0.1489336 0.6992206
vn 0.5507466 -0.1488724 0.8212887
vn 0.3803392 -0.1487028 0.912814
vn 0.1939424 -0.1484749 0.9697121
vn 0 -0.1483402 0.9889364
vn -0.1884251 -0.2773008 0.9421254
vn -0.3694873 -0.2777027 0.8867696
vn -0.534998 -0.2780034 0.7978041
vn -0.679211 -0.2781096 0.679211
vn -0.7978041 -0.2780033 0.534998
vn -0.8867696 -0.2777027 0.3694873
vn -0.9421254 -0.2773007 0.1884251
vn -0.9608516 -0.2770635 0
vn -0.183221 -0.3566249 0.9161052
vn -0.3592543 -0.3571136 0.8622101
vn -0.5201502 -0.357479 0.7756625
vn -0.660347 -0.3576082 0.660347
vn -0.7756626 -0.357479 0.5201503
vn -0.86221 -0.3571137 0.3592542
vn -0.9161052 -0.3566249 0.183221
vn -0.9343578 -0.3563363 0
vn -0.1724923 -0.4758219 0.8624615
vn -0.3381649 -0.4763999 0.8115958
vn -0.4895587 -0.4768316 0.7300438
vn -0.6214845 -0.4769843 0.6214845
vn -0.7300438 -0.4768316 0.4895588
vn -0.8115958 -0.4763999 0.3381649
vn -0.8624614 -0.475822 0.1724923
vn -0.8797262 -0.4754807 0
vn -0.1489552 -0.6504779 0.7447758
vn -0.2919309 -0.6510669 0.7006341
vn -0.4225286 -0.6515064 0.6300865
vn -0.5363473 -0.6516619 0.5363473
vn -0.6300866 -0.6515063 0.4225286
vn -0.7006342 -0.6510669 0.2919309
vn -0.7447757 -0.6504781 0.1489551
vn -0.759823 -0.65013 0
vn -0.1030176 -0.8509243 0.5150878
vn -0.2018041 -0.851293 0.4843297
vn -0.2919799 -0.8515674 0.4354086
vn -0.3705857 -0.8516645 0.3705857
vn -0.435409 -0.8515672 0.2919802
vn -0.48433 -0.8512929 0.2018042
vn -0.5150874 -0.8509244 0.1030175
vn -0.5256403 -0.850707 0
vn -0.05800581 -0.9552584 0.290029
vn -0.1135949 -0.9553901 0.2726279
vn -0.1643186 -0.9554875 0.2450366
vn -0.2085395 -0.9555222 0.2085395
vn -0.2450375 -0.9554872 0.1643193
vn -0.2726286 -0.9553898 0.1135953
vn -0.2900283 -0.9552586 0.05800566
vn -0.296021 -0.9551814 0
vn -0.1109064 -0.8247387 0.5545322
vn -0.2172723 -0.825154 0.5214534
vn -0.314376 -0.8254625 0.4688063
vn -0.3990185 -0.8255716 0.3990185
vn -0.4688081 -0.8254611 0.3143772
vn -0.5214544 -0.8251533 0.2172727
vn -0.5545313 -0.8247392 0.1109063
vn -0.5658684 -0.8244956 0
vn -0.1939424 -0.1484741 0.9697123
vn -0.3803392 -0.1487022 0.9128141
vn -0.5507465 -0.1488739 0.8212886
vn -0.6992206 -0.1489336 0.6992206
vn -0.8212887 -0.1488724 0.5507466
vn -0.912814 -0.1487028 0.3803392
vn -0.9697121 -0.1484749 0.1939424
vn -0.9889364 -0.1483402 0
vn 0 -0.2770635 -0.9608516
vn -0.1884251 -0.2773008 -0.9421254
vn -0.3694873 -0.2777027 -0.8867696
vn -0.534998 -0.2780034 -0.7978041
vn -0.679211 -0.2781096 -0.679211
vn -0.7978041 -0.2780033 -0.534998
vn -0.8867696 -0.2777027 -0.3694873
vn -0.9421254 -0.2773007 -0.1884251
vn 0 -0.3563363 -0.9343578
vn -0.183221 -0.3566249 -0.9161052
vn -0.3592543 -0.3571136 -0.8622101
vn -0.5201502 -0.357479 -0.7756625
vn -0.660347 -0.3576082 -0.660347
vn -0.7756626 -0.357479 -0.5201503
vn -0.86221 -0.3571137 -0.3592542
vn -0.9161052 -0.3566249 -0.183221
vn 0 -0.4754807 -0.8797262
vn -0.1724923 -0.4758219 -0.8624615
vn -0.3381649 -0.4763999 -0.8115958
vn -0.4895587 -0.4768316 -0.7300438
vn -0.6214845 -0.4769843 -0.6214845
vn -0.7300438 -0.4768316 -0.4895588
vn -0.8115958 -0.4763999 -0.3381649
vn -0.8624614 -0.475822 -0.1724923
vn 0 -0.65013 -0.759823
vn -0.1489552 -0.6504779 -0.7447758
vn -0.2919309 -0.6510669 -0.7006341
vn -0.4225286 -0.6515064 -0.6300865
vn -0.5363473 -0.6516619 -0.5363473
vn -0.6300866 -0.6515063 -0.4225286
vn -0.7006342 -0.6510669 -0.2919309
vn -0.7447757 -0.6504781 -0.1489551
vn 0 -0.850707 -0.5256403
vn -0.1030176 -0.8509243 -0.5150878
vn -0.2018041 -0.851293 -0.4843297
vn -0.2919799 -0.8515674 -0.4354086
vn -0.3705857 -0.8516645 -0.3705857
vn -0.435409 -0.8515672 -0.2919802
vn -0.48433 -0.8512929 -0.2018042
vn -0.5150874 -0.8509244 -0.1030175
vn 0 -0.9551814 -0.296021
vn -0.05800581 -0.9552584 -0.290029
vn -0.1135949 -0.9553901 -0.2726279
vn -0.1643186 -0.9554875 -0.2450366
vn -0.2085395 -0.9555222 -0.2085395
vn -0.2450375 -0.9554872 -0.1643193
vn -0.2726286 -0.9553898 -0.1135953
vn -0.2900283 -0.9552586 -0.05800566
vn 0 -0.8244956 -0.5658684
vn -0.1109064 -0.8247387 -0.5545322
vn -0.2172723 -0.825154 -0.5214534
vn -0.314376 -0.8254625 -0.4688063
vn -0.3990185 -0.8255716 -0.3990185
vn -0.4688081 -0.8254611 -0.3143772
vn -0.5214544 -0.8251533 -0.2172727
vn -0.5545313 -0.8247392 -0.1109063
vn 0 -0.1483402 -0.9889364
vn -0.1939424 -0.1484741 -0.9697123
vn -0.3803392 -0.1487022 -0.9128141
vn -0.5507465 -0.1488739 -0.8212886
vn -0.6992206 -0.1489336 -0.6992206
vn -0.8212887 -0.1488724 -0.5507466
vn -0.912814 -0.1487028 -0.3803392
vn -0.9697121 -0.1484749 -0.1939424
vn 0.9421254 -0.2773008 -0.1884251
vn 0.8867696 -0.2777027 -0.3694873
vn 0.7978041 -0.2780034 -0.534998
vn 0.679211 -0.2781096 -0.679211
vn 0.534998 -0.2780033 -0.7978041
vn 0.3694873 -0.2777027 -0.8867696
vn 0.1884251 -0.2773007 -0.9421254
vn 0.9161052 -0.3566249 -0.183221
vn 0.8622101 -0.3571136 -0.3592543
vn 0.7756625 -0.357479 -0.5201502
vn 0.660347 -0.3576082 -0.660347
vn 0.5201503 -0.357479 -0.7756626
vn 0.3592542 -0.3571137 -0.86221
vn 0.183221 -0.3566249 -0.9161052
vn 0.8624615 -0.4758219 -0.1724923
vn 0.8115958 -0.4763999 -0.3381649
vn 0.7300438 -0.4768316 -0.4895587
vn 0.6214845 -0.4769843 -0.6214845
vn 0.4895588 -0.4768316 -0.7300438
vn 0.3381649 -0.4763999 -0.8115958
vn 0.1724923 -0.475822 -0.8624614
vn 0.7447758 -0.6504779 -0.1489552
vn 0.7006341 -0.6510669 -0.2919309
vn 0.6300865 -0.6515064 -0.4225286
vn 0.5363473 -0.6516619 -0.5363473
vn 0.4225286 -0.6515063 -0.6300866
vn 0.2919309 -0.6510669 -0.7006342
vn 0.1489551 -0.6504781 -0.7447757
vn 0.5150878 -0.8509243 -0.1030176
vn 0.4843297 -0.851293 -0.2018041
vn 0.4354086 -0.8515674 -0.2919799
vn 0.3705857 -0.8516645 -0.3705857
vn 0.2919802 -0.8515672 -0.435409
vn 0.2018042 -0.8512929 -0.48433
vn 0.1030175 -0.8509244 -0.5150874
vn 0.290029 -0.9552584 -0.05800581
vn 0.2726279 -0.9553901 -0.1135949
vn 0.2450366 -0.9554875 -0.1643186
vn 0.2085395 -0.9555222 -0.2085395
vn 0.1643193 -0.9554872 -0.2450375
vn 0.1135953 -0.9553898 -0.2726286
vn 0.05800566 -0.9552586 -0.2900283
vn 0.5545322 -0.8247387 -0.1109064
vn 0.5214534 -0.825154 -0.2172723
vn 0.4688063 -0.8254625 -0.314376
vn 0.3990185 -0.8255716 -0.3990185
vn 0.3143772 -0.8254611 -0.4688081
vn 0.2172727 -0.8251533 -0.5214544
vn 0.1109063 -0.8247392 -0.5545313
vn 0.9697123 -0.1484741 -0.1939424
vn 0.9128141 -0.1487022 -0.3803392
vn 0.8212886 -0.1488739 -0.5507465
vn 0.6992206 -0.1489336 -0.6992206
vn 0.5507466 -0.1488724 -0.8212887
vn 0.3803392 -0.1487028 -0.912814
vn 0.1939424 -0.1484749 -0.9697121
vn 0.9553776 0.2953872 0
vn 0.9367484 0.2956393 0.1873497
vn 0.8816945 0.2960607 0.3673727
vn 0.7932283 0.2963777 0.5319296
vn 0.6753128 0.2964885 0.6753128
vn 0.5319297 0.2963774 0.7932284
vn 0.3673725 0.296063 0.881694
vn 0.1873496 0.2956399 0.9367481
vn 0 0.2953872 0.9553776
vn 0.7012389 0.7129263 0
vn 0.6872948 0.7132537 0.137459
vn 0.6464757 0.7138008 0.2693649
vn 0.5813226 0.7142116 0.3898281
vn 0.4948217 0.7143549 0.4948217
vn 0.3898277 0.7142122 0.581322
vn 0.2693642 0.7138026 0.6464741
vn 0.1374591 0.7132531 0.6872954
vn 0 0.7129263 0.7012389
vn 0.4153669 0.909654 0
vn 0.4069861 0.9098004 0.08139722
vn 0.3826242 0.910045 0.1594267
vn 0.343934 0.9102283 0.2306381
vn 0.2927183 0.9102922 0.2927183
vn 0.2306376 0.9102287 0.3439332
vn 0.1594261 0.9100457 0.3826228
vn 0.08139741 0.9098 0.4069871
vn 0 0.909654 0.4153669
vn 0.2240412 0.9745796 0
vn 0.2194957 0.9746253 0.04389913
vn 0.2063175 0.9747015 0.0859656
vn 0.1854286 0.9747586 0.1243462
vn 0.1578083 0.9747785 0.1578083
vn 0.1243459 0.9747587 0.185428
vn 0.08596527 0.9747017 0.2063166
vn 0.04389927 0.9746252 0.2194963
vn 0 0.9745796 0.2240412
vn 0.1102298 0.9939061 0
vn 0.1079895 0.9939174 0.02159791
vn 0.1015 0.9939362 0.04229166
vn 0.09121948 0.9939503 0.06117071
vn 0.07763074 0.9939552 0.07763074
vn 0.0611705 0.9939503 0.09121918
vn 0.0422915 0.9939362 0.1014996
vn 0.02159798 0.9939174 0.1079899
vn 0 0.9939061 0.1102298
vn 0.04469797 0.9990005 0
vn 0.04378913 0.9990025 0.008757825
vn 0.041157 0.9990056 0.01714875
vn 0.03698796 0.9990078 0.02480369
vn 0.03147781 0.9990086 0.03147781
vn 0.0248036 0.9990078 0.03698783
vn 0.01714869 0.9990056 0.04115685
vn 0.008757855 0.9990025 0.04378928
vn 0 0.9990005 0.04469797
vn 0.01059823 0.9999439 0
vn 0.01038271 0.9999439 0.002076542
vn 0.00975859 0.9999442 0.004066079
vn 0.008770068 0.9999443 0.005881105
vn 0.007463572 0.9999443 0.007463572
vn 0.005881083 0.9999443 0.008770037
vn 0.004066064 0.9999442 0.009758555
vn 0.002076549 0.9999439 0.01038275
vn 0 0.9999439 0.01059823
vn 0 1 0
vn 0 1 0
vn 0 1 0
vn 0 1 0
vn 0 1 0
vn 0 1 0
vn 0 1 0
vn 0 1 0
vn 0 1 0
vn -0.1873497 0.2956393 0.9367484
vn -0.3673727 0.2960607 0.8816945
vn -0.5319296 0.2963777 0.7932283
vn -0.6753128 0.2964885 0.6753128
vn -0.7932284 0.2963774 0.5319297
vn -0.881694 0.296063 0.3673725
vn -0.9367481 0.2956399 0.1873496
vn -0.9553776 0.2953872 0
vn -0.137459 0.7132537 0.6872948
vn -0.2693649 0.7138008 0.6464757
vn -0.3898281 0.7142116 0.5813226
vn -0.4948217 0.7143549 0.4948217
vn -0.581322 0.7142122 0.3898277
vn -0.6464741 0.7138026 0.2693642
vn -0.6872954 0.7132531 0.1374591
vn -0.7012389 0.7129263 0
vn -0.08139722 0.9098004 0.4069861
vn -0.1594267 0.910045 0.3826242
vn -0.2306381 0.9102283 0.343934
vn -0.2927183 0.9102922 0.2927183
vn -0.3439332 0.9102287 0.2306376
vn -0.3826228 0.9100457 0.1594261
vn -0.4069871 0.9098 0.08139741
vn -0.4153669 0.909654 0
vn -0.04389913 0.9746253 0.2194957
vn -0.0859656 0.9747015 0.2063175
vn -0.1243462 0.9747586 0.1854286
vn -0.1578083 0.9747785 0.1578083
vn -0.185428 0.9747587 0.1243459
vn -0.2063166 0.9747017 0.08596527
vn -0.2194963 0.9746252 0.04389927
vn -0.2240412 0.9745796 0
vn -0.02159791 0.9939174 0.1079895
vn -0.04229166 0.9939362 0.1015
vn -0.06117071 0.9939503 0.09121948
vn -0.07763074 0.9939552 0.07763074
vn -0.09121918 0.9939503 0.0611705
vn -0.1014996 0.9939362 0.0422915
vn -0.1079899 0.9939174 0.02159798
vn -0.1102298 0.9939061 0
vn -0.008757825 0.9990025 0.04378913
vn -0.01714875 0.9990056 0.041157
vn -0.02480369 0.9990078 0.03698796
vn -0.03147781 0.9990086 0.03147781
vn -0.03698783 0.9990078 0.0248036
vn -0.04115685 0.9990056 0.01714869
vn -0.04378928 0.9990025 0.008757855
vn -0.04469797 0.9990005 0
vn -0.002076542 0.9999439 0.01038271
vn -0.004066079 0.9999442 0.00975859
vn -0.005881105 0.9999443 0.008770068
vn -0.007463572 0.9999443 0.007463572
vn -0.008770037 0.9999443 0.005881083
vn -0.009758555 0.9999442 0.004066064
vn -0.01038275 0.9999439 0.002076549
vn -0.01059823 0.9999439 0
vn 0 1 0
vn 0 1 0
vn 0 1 0
vn 0 1 0
vn 0 1 0
vn 0 1 0
vn 0 1 0
vn 0 1 0
vn 0 0.2953872 -0.9553776
vn -0.1873497 0.2956393 -0.9367484
vn -0.3673727 0.2960607 -0.8816945
vn -0.5319296 0.2963777 -0.7932283
vn -0.6753128 0.2964885 -0.6753128
vn -0.7932284 0.2963774 -0.5319297
vn -0.881694 0.296063 -0.3673725
vn -0.9367481 0.2956399 -0.1873496
vn 0 0.7129263 -0.7012389
vn -0.137459 0.7132537 -0.6872948
vn -0.2693649 0.7138008 -0.6464757
vn -0.3898281 0.7142116 -0.5813226
vn -0.4948217 0.7143549 -0.4948217
vn -0.581322 0.7142122 -0.3898277
vn -0.6464741 0.7138026 -0.2693642
vn -0.6872954 0.7132531 -0.1374591
vn 0 0.909654 -0.4153669
vn -0.08139722 0.9098004 -0.4069861
vn -0.1594267 0.910045 -0.3826242
vn -0.2306381 0.9102283 -0.343934
vn -0.2927183 0.9102922 -0.2927183
vn -0.3439332 0.9102287 -0.2306376
vn -0.3826228 0.9100457 -0.1594261
vn -0.4069871 0.9098 -0.08139741
vn 0 0.9745796 -0.2240412
vn -0.04389913 0.9746253 -0.2194957
vn -0.0859656 0.9747015 -0.2063175
vn -0.1243462 0.9747586 -0.1854286
vn -0.1578083 0.9747785 -0.1578083
vn -0.185428 0.9747587 -0.1243459
vn -0.2063166 0.9747017 -0.08596527
vn -0.2194963 0.9746252 -0.04389927
vn 0 0.9939061 -0.1102298
vn -0.02159791 0.9939174 -0.1079895
vn -0.04229166 0.9939362 -0.1015
vn -0.06117071 0.9939503 -0.09121948
vn -0.07763074 0.9939552 -0.07763074
vn -0.09121918 0.9939503 -0.0611705
vn -0.1014996 0.9939362 -0.0422915
vn -0.1079899 0.9939174 -0.02159798
vn 0 0.9990005 -0.04469797
vn -0.008757825 0.9990025 -0.04378913
vn -0.01714875 0.9990056 -0.041157
vn -0.02480369 0.9990078 -0.03698796
vn -0.03147781 0.9990086 -0.03147781
vn -0.03698783 0.9990078 -0.0248036
vn -0.04115685 0.9990056 -0.01714869
vn -0.04378928 0.9990025 -0.008757855
vn 0 0.9999439 -0.01059823
vn -0.002076542 0.9999439 -0.01038271
vn -0.004066079 0.9999442 -0.00975859
vn -0.005881105 0.9999443 -0.008770068
vn -0.007463572 0.9999443 -0.007463572
vn -0.008770037 0.9999443 -0.005881083
vn -0.009758555 0.9999442 -0.004066064
vn -0.01038275 0.9999439 -0.002076549
vn 0 1 0
vn 0 1 0
vn 0 1 0
vn 0 1 0
vn 0 1 0
vn 0 1 0
vn 0 1 0
vn 0 1 0
vn 0.9367484 0.2956393 -0.1873497
vn 0.8816945 0.2960607 -0.3673727
vn 0.7932283 0.2963777 -0.5319296
vn 0.6753128 0.2964885 -0.6753128
vn 0.5319297 0.2963774 -0.7932284
vn 0.3673725 0.296063 -0.881694
vn 0.1873496 0.2956399 -0.9367481
vn 0.6872948 0.7132537 -0.137459
vn 0.6464757 0.7138008 -0.2693649
vn 0.5813226 0.7142116 -0.3898281
vn 0.4948217 0.7143549 -0.4948217
vn 0.3898277 0.7142122 -0.581322
vn 0.2693642 0.7138026 -0.6464741
vn 0.1374591 0.7132531 -0.6872954
vn 0.4069861 0.9098004 -0.08139722
vn 0.3826242 0.910045 -0.1594267
vn 0.343934 0.9102283 -0.2306381
vn 0.2927183 0.9102922 -0.2927183
vn 0.2306376 0.9102287 -0.3439332
vn 0.1594261 0.9100457 -0.3826228
vn 0.08139741 0.9098 -0.4069871
vn 0.2194957 0.9746253 -0.04389913
vn 0.2063175 0.9747015 -0.0859656
vn 0.1854286 0.9747586 -0.1243462
vn 0.1578083 0.9747785 -0.1578083
vn 0.1243459 0.9747587 -0.185428
vn 0.08596527 0.9747017 -0.2063166
vn 0.04389927 0.9746252 -0.2194963
vn 0.1079895 0.9939174 -0.02159791
vn 0.1015 0.9939362 -0.04229166
vn 0.09121948 0.9939503 -0.06117071
vn 0.07763074 0.9939552 -0.07763074
vn 0.0611705 0.9939503 -0.09121918
vn 0.0422915 0.9939362 -0.1014996
vn 0.02159798 0.9939174 -0.1079899
vn 0.04378913 0.9990025 -0.008757825
vn 0.041157 0.9990056 -0.01714875
vn 0.03698796 0.9990078 -0.02480369
vn 0.03147781 0.9990086 -0.03147781
vn 0.0248036 0.9990078 -0.03698783
vn 0.01714869 0.9990056 -0.04115685
vn 0.008757855 0.9990025 -0.04378928
vn 0.01038271 0.9999439 -0.002076542
vn 0.00975859 0.9999442 -0.004066079
vn 0.008770068 0.9999443 -0.005881105
vn 0.007463572 0.9999443 -0.007463572
vn 0.005881083 0.9999443 -0.008770037
vn 0.004066064 0.9999442 -0.009758555
vn 0.002076549 0.9999439 -0.01038275
vn 0 1 0
vn 0 1 0
vn 0 1 0
vn 0 1 0
vn 0 1 0
vn 0 1 0
vn 0 1 0
vn 0 -1 0
vn 0 -1 0
vn 0 -1 0
vn 0 -1 0
vn 0 -1 0
vn 0 -1 0
vn 0 -1 0
vn 0 -1 0
vn 0 -1 0
vn -0.01283179 -0.9999176 0
vn -0.01257086 -0.9999178 -0.002514172
vn -0.0118152 -0.999918 -0.004923001
vn -0.01061833 -0.9999183 -0.007120527
vn -0.009036509 -0.9999183 -0.009036509
vn -0.007120504 -0.9999183 -0.0106183
vn -0.004922985 -0.999918 -0.01181516
vn -0.002514182 -0.9999178 -0.01257091
vn 0 -0.9999176 -0.01283179
vn -0.06427899 -0.997932 0
vn -0.0629721 -0.9979358 -0.01259442
vn -0.0591871 -0.9979422 -0.02466129
vn -0.05319175 -0.997947 -0.03566977
vn -0.04526781 -0.9979486 -0.04526781
vn -0.03566965 -0.997947 -0.05319158
vn -0.02466122 -0.9979423 -0.05918692
vn -0.01259447 -0.9979358 -0.06297236
vn 0 -0.997932 -0.06427899
vn -0.1823611 -0.9832317 0
vn -0.1786582 -0.9832622 -0.03573164
vn -0.1679274 -0.9833131 -0.06996976
vn -0.1509224 -0.9833512 -0.1012068
vn -0.1284412 -0.9833645 -0.1284412
vn -0.1012065 -0.9833513 -0.150922
vn -0.06996959 -0.9833131 -0.167927
vn -0.0357318 -0.983262 -0.178659
vn 0 -0.9832317 -0.1823611
vn -0.3951106 -0.9186335 0
vn -0.387132 -0.9187676 -0.0774264
vn -0.3639492 -0.9189911 -0.1516455
vn -0.3271415 -0.9191584 -0.2193772
vn -0.2784246 -0.9192168 -0.2784246
vn -0.2193766 -0.9191588 -0.3271406
vn -0.1516452 -0.9189914 -0.3639485
vn -0.07742672 -0.9187669 -0.3871336
vn 0 -0.9186335 -0.3951106
vn -0.6643631 -0.74741 0
vn -0.651121 -0.7477186 -0.1302242
vn -0.6124019 -0.7482337 -0.2551674
vn -0.5506511 -0.7486189 -0.3692602
vn -0.4687044 -0.7487538 -0.4687044
vn -0.3692594 -0.7486202 -0.5506499
vn -0.2551672 -0.7482342 -0.6124012
vn -0.1302246 -0.7477168 -0.6511229
vn 0 -0.74741 -0.6643631
vn -0.8606403 -0.5092132 0
vn -0.8437225 -0.5095662 -0.1687445
vn -0.7939215 -0.5101565 -0.3308006
vn -0.7141183 -0.5105975 -0.4788793
vn -0.6079193 -0.5107525 -0.6079193
vn -0.4788786 -0.5105993 -0.7141173
vn -0.3308005 -0.510157 -0.7939211
vn -0.1687447 -0.5095642 -0.8437237
vn 0 -0.5092132 -0.8606403
vn -0.9463893 -0.3230283 0
vn -0.9279205 -0.3232987 -0.1855841
vn -0.8733616 -0.3237527 -0.3639007
vn -0.7857163 -0.3240906 -0.5268921
vn -0.6689125 -0.32421 -0.6689125
vn -0.5268916 -0.3240926 -0.7857156
vn -0.3639006 -0.3237533 -0.8733615
vn -0.1855842 -0.3232973 -0.927921
vn 0 -0.3230283 -0.9463893
vn -0.9756098 -0.2195122 0
vn -0.9566211 -0.2197068 -0.1913242
vn -0.900454 -0.2200356 -0.3751892
vn -0.8101432 -0.2202792 -0.5432725
vn -0.6897241 -0.2203659 -0.6897241
vn -0.5432723 -0.2202814 -0.8101429
vn -0.3751892 -0.2200364 -0.9004538
vn -0.1913243 -0.2197061 -0.9566212
vn 0 -0.2195122 -0.9756098
vn 0 -1 0
vn 0 -1 0
vn 0 -1 0
vn 0 -1 0
vn 0 -1 0
vn 0 -1 0
vn 0 -1 0
vn 0 -1 0
vn 0.002514172 -0.9999178 -0.01257086
vn 0.004923001 -0.999918 -0.0118152
vn 0.007120527 -0.9999183 -0.01061833
vn 0.009036509 -0.9999183 -0.009036509
vn 0.0106183 -0.9999183 -0.007120504
vn 0.01181516 -0.999918 -0.004922985
vn 0.01257091 -0.9999178 -0.002514182
vn 0.01283179 -0.9999176 0
vn 0.01259442 -0.9979358 -0.0629721
vn 0.02466129 -0.9979422 -0.0591871
vn 0.03566977 -0.997947 -0.05319175
vn 0.04526781 -0.9979486 -0.04526781
vn 0.05319158 -0.997947 -0.03566965
vn 0.05918692 -0.9979423 -0.02466122
vn 0.06297236 -0.9979358 -0.01259447
vn 0.06427899 -0.997932 0
vn 0.03573164 -0.9832622 -0.1786582
vn 0.06996976 -0.9833131 -0.1679274
vn 0.1012068 -0.9833512 -0.1509224
vn 0.1284412 -0.9833645 -0.1284412
vn 0.150922 -0.9833513 -0.1012065
vn 0.167927 -0.9833131 -0.06996959
vn 0.178659 -0.983262 -0.0357318
vn 0.1823611 -0.9832317 0
vn 0.0774264 -0.9187676 -0.387132
vn 0.1516455 -0.9189911 -0.3639492
vn 0.2193772 -0.9191584 -0.3271415
vn 0.2784246 -0.9192168 -0.2784246
vn 0.3271406 -0.9191588 -0.2193766
vn 0.3639485 -0.9189914 -0.1516452
vn 0.3871336 -0.9187669 -0.07742672
vn 0.3951106 -0.9186335 0
vn 0.1302242 -0.7477186 -0.651121
vn 0.2551674 -0.7482337 -0.6124019
vn 0.3692602 -0.7486189 -0.5506511
vn 0.4687044 -0.7487538 -0.4687044
vn 0.5506499 -0.7486202 -0.3692594
vn 0.6124012 -0.7482342 -0.2551672
vn 0.6511229 -0.7477168 -0.1302246
vn 0.6643631 -0.74741 0
vn 0.1687445 -0.5095662 -0.8437225
vn 0.3308006 -0.5101565 -0.7939215
vn 0.4788793 -0.5105975 -0.7141183
vn 0.6079193 -0.5107525 -0.6079193
vn 0.7141173 -0.5105993 -0.4788786
vn 0.7939211 -0.510157 -0.3308005
vn 0.8437237 -0.5095642 -0.1687447
vn 0.8606403 -0.5092132 0
vn 0.1855841 -0.3232987 -0.9279205
vn 0.3639007 -0.3237527 -0.8733616
vn 0.5268921 -0.3240906 -0.7857163
vn 0.6689125 -0.32421 -0.6689125
vn 0.7857156 -0.3240926 -0.5268916
vn 0.8733615 -0.3237533 -0.3639006
vn 0.927921 -0.3232973 -0.1855842
vn 0.9463893 -0.3230283 0
vn 0.1913242 -0.2197068 -0.9566211
vn 0.3751892 -0.2200356 -0.900454
vn 0.5432725 -0.2202792 -0.8101432
vn 0.6897241 -0.2203659 -0.6897241
vn 0.8101429 -0.2202814 -0.5432723
vn 0.9004538 -0.2200364 -0.3751892
vn 0.9566212 -0.2197061 -0.1913243
vn 0.9756098 -0.2195122 0
vn 0 -1 0
vn 0 -1 0
vn 0 -1 0
vn 0 -1 0
vn 0 -1 0
vn 0 -1 0
vn 0 -1 0
vn 0 -1 0
vn 0 -0.9999176 0.01283179
vn 0.002514172 -0.9999178 0.01257086
vn 0.004923001 -0.999918 0.0118152
vn 0.007120527 -0.9999183 0.01061833
vn 0.009036509 -0.9999183 0.009036509
vn 0.0106183 -0.9999183 0.007120504
vn 0.01181516 -0.999918 0.004922985
vn 0.01257091 -0.9999178 0.002514182
vn 0 -0.997932 0.06427899
vn 0.01259442 -0.9979358 0.0629721
vn 0.02466129 -0.9979422 0.0591871
vn 0.03566977 -0.997947 0.05319175
vn 0.04526781 -0.9979486 0.04526781
vn 0.05319158 -0.997947 0.03566965
vn 0.05918692 -0.9979423 0.02466122
vn 0.06297236 -0.9979358 0.01259447
vn 0 -0.9832317 0.1823611
vn 0.03573164 -0.9832622 0.1786582
vn 0.06996976 -0.9833131 0.1679274
vn 0.1012068 -0.9833512 0.1509224
vn 0.1284412 -0.9833645 0.1284412
vn 0.150922 -0.9833513 0.1012065
vn 0.167927 -0.9833131 0.06996959
vn 0.178659 -0.983262 0.0357318
vn 0 -0.9186335 0.3951106
vn 0.0774264 -0.9187676 0.387132
vn 0.1516455 -0.9189911 0.3639492
vn 0.2193772 -0.9191584 0.3271415
vn 0.2784246 -0.9192168 0.2784246
vn 0.3271406 -0.9191588 0.2193766
vn 0.3639485 -0.9189914 0.1516452
vn 0.3871336 -0.9187669 0.07742672
vn 0 -0.74741 0.6643631
vn 0.1302242 -0.7477186 0.651121
vn 0.2551674 -0.7482337 0.6124019
vn 0.3692602 -0.7486189 0.5506511
vn 0.4687044 -0.7487538 0.4687044
vn 0.5506499 -0.7486202 0.3692594
vn 0.6124012 -0.7482342 0.2551672
vn 0.6511229 -0.7477168 0.1302246
vn 0 -0.5092132 0.8606403
vn 0.1687445 -0.5095662 0.8437225
vn 0.3308006 -0.5101565 0.7939215
vn 0.4788793 -0.5105975 0.7141183
vn 0.6079193 -0.5107525 0.6079193
vn 0.7141173 -0.5105993 0.4788786
vn 0.7939211 -0.510157 0.3308005
vn 0.8437237 -0.5095642 0.1687447
vn 0 -0.3230283 0.9463893
vn 0.1855841 -0.3232987 0.9279205
vn 0.3639007 -0.3237527 0.8733616
vn 0.5268921 -0.3240906 0.7857163
vn 0.6689125 -0.32421 0.6689125
vn 0.7857156 -0.3240926 0.5268916
vn 0.8733615 -0.3237533 0.3639006
vn 0.927921 -0.3232973 0.1855842
vn 0 -0.2195122 0.9756098
vn 0.1913242 -0.2197068 0.9566211
vn 0.3751892 -0.2200356 0.900454
vn 0.5432725 -0.2202792 0.8101432
vn 0.6897241 -0.2203659 0.6897241
vn 0.8101429 -0.2202814 0.5432723
vn 0.9004538 -0.2200364 0.3751892
vn 0.9566212 -0.2197061 0.1913243
vn 0 -1 0
vn 0 -1 0
vn 0 -1 0
vn 0 -1 0
vn 0 -1 0
vn 0 -1 0
vn 0 -1 0
vn -0.01257086 -0.9999178 0.002514172
vn -0.0118152 -0.999918 0.004923001
vn -0.01061833 -0.9999183 0.007120527
vn -0.009036509 -0.9999183 0.009036509
vn -0.007120504 -0.9999183 0.0106183
vn -0.004922985 -0.999918 0.01181516
vn -0.002514182 -0.9999178 0.01257091
vn -0.0629721 -0.9979358 0.01259442
vn -0.0591871 -0.9979422 0.02466129
vn -0.05319175 -0.997947 0.03566977
vn -0.04526781 -0.9979486 0.04526781
vn -0.03566965 -0.997947 0.05319158
vn -0.02466122 -0.9979423 0.05918692
vn -0.01259447 -0.9979358 0.06297236
vn -0.1786582 -0.9832622 0.03573164
vn -0.1679274 -0.9833131 0.06996976
vn -0.1509224 -0.9833512 0.1012068
vn -0.1284412 -0.9833645 0.1284412
vn -0.1012065 -0.9833513 0.150922
vn -0.06996959 -0.9833131 0.167927
vn -0.0357318 -0.983262 0.178659
vn -0.387132 -0.9187676 0.0774264
vn -0.3639492 -0.9189911 0.1516455
vn -0.3271415 -0.9191584 0.2193772
vn -0.2784246 -0.9192168 0.2784246
vn -0.2193766 -0.9191588 0.3271406
vn -0.1516452 -0.9189914 0.3639485
vn -0.07742672 -0.9187669 0.3871336
vn -0.651121 -0.7477186 0.1302242
vn -0.6124019 -0.7482337 0.2551674
vn -0.5506511 -0.7486189 0.3692602
vn -0.4687044 -0.7487538 0.4687044
vn -0.3692594 -0.7486202 0.5506499
vn -0.2551672 -0.7482342 0.6124012
vn -0.1302246 -0.7477168 0.6511229
vn -0.8437225 -0.5095662 0.1687445
vn -0.7939215 -0.5101565 0.3308006
vn -0.7141183 -0.5105975 0.4788793
vn -0.6079193 -0.5107525 0.6079193
vn -0.4788786 -0.5105993 0.7141173
vn -0.3308005 -0.510157 0.7939211
vn -0.1687447 -0.5095642 0.8437237
vn -0.9279205 -0.3232987 0.1855841
vn -0.8733616 -0.3237527 0.3639007
vn -0.7857163 -0.3240906 0.5268921
vn -0.6689125 -0.32421 0.6689125
vn -0.5268916 -0.3240926 0.7857156
vn -0.3639006 -0.3237533 0.8733615
vn -0.1855842 -0.3232973 0.927921
vn -0.9566211 -0.2197068 0.1913242
vn -0.900454 -0.2200356 0.3751892
vn -0.8101432 -0.2202792 0.5432725
vn -0.6897241 -0.2203659 0.6897241
vn -0.5432723 -0.2202814 0.8101429
vn -0.3751892 -0.2200364 0.9004538
vn -0.1913243 -0.2197061 0.9566212
vn -0.8349839 -0.5502743 0
vn -0.8185404 -0.5506281 -0.1637081
vn -0.7701712 -0.5512318 -0.3209047
vn -0.6927183 -0.5516831 -0.4645288
vn -0.589691 -0.5518414 -0.589691
vn -0.4645297 -0.5516805 -0.6927198
vn -0.3209047 -0.5512319 -0.7701712
vn -0.1637083 -0.5506267 -0.8185412
vn 0 -0.5502743 -0.8349839
vn -0.2401801 -0.9707283 0
vn -0.2353121 -0.9707798 -0.04706241
vn -0.2211834 -0.9708679 -0.09215979
vn -0.1987901 -0.9709336 -0.1333063
vn -0.1691806 -0.9709561 -0.1691806
vn -0.133308 -0.9709328 -0.1987927
vn -0.09216028 -0.9708676 -0.2211847
vn -0.04706268 -0.9707794 -0.2353134
vn 0 -0.9707283 -0.2401801
vn 0.412671 -0.9108801 0
vn 0.4043455 -0.9110241 0.08086912
vn 0.3801393 -0.9112663 0.1583914
vn 0.3416992 -0.9114476 0.2291395
vn 0.2908148 -0.9115117 0.2908148
vn 0.2291394 -0.9114476 0.3416992
vn 0.1583911 -0.9112667 0.3801385
vn 0.08086917 -0.911024 0.4043458
vn 0 -0.9108801 0.412671
vn 0.6643636 -0.7474096 0
vn 0.6511245 -0.7477154 0.1302249
vn 0.6124038 -0.7482318 0.2551683
vn 0.5506516 -0.7486185 0.3692605
vn 0.4687037 -0.7487547 0.4687037
vn 0.3692608 -0.748618 0.550652
vn 0.2551681 -0.748232 0.6124035
vn 0.1302249 -0.7477152 0.6511248
vn 0 -0.7474096 0.6643636
vn 0.762492 -0.6469976 0
vn 0.7473945 -0.6473466 0.1494789
vn 0.7031032 -0.6479357 0.2929597
vn 0.6323093 -0.6483769 0.4240192
vn 0.5382403 -0.6485327 0.5382403
vn 0.4240194 -0.6483765 0.6323096
vn 0.2929596 -0.6479359 0.7031029
vn 0.1494789 -0.6473463 0.7473946
vn 0 -0.6469976 0.762492
vn 0.809123 -0.5876393 0
vn 0.793156 -0.5879963 0.1586312
vn 0.7462387 -0.5885988 0.3109328
vn 0.6711597 -0.5890502 0.4500718
vn 0.5713281 -0.58921 0.5713281
vn 0.4500718 -0.5890502 0.6711597
vn 0.3109327 -0.5885992 0.7462385
vn 0.1586312 -0.5879964 0.793156
vn 0 -0.5876393 0.809123
vn 0.834144 -0.5515468 0
vn 0.8177143 -0.5519031 0.1635428
vn 0.769394 -0.552504 0.3205809
vn 0.692019 -0.552954 0.4640598
vn 0.5890946 -0.5531141 0.5890946
vn 0.4640596 -0.5529547 0.6920187
vn 0.3205807 -0.5525047 0.7693936
vn 0.1635428 -0.5519037 0.817714
vn 0 -0.5515468 0.834144
vn 0.8479977 -0.5299999 0
vn 0.831313 -0.530354 0.1662626
vn 0.782218 -0.5309504 0.3259242
vn 0.7035729 -0.5313969 0.4718077
vn 0.5989355 -0.5315565 0.5989355
vn 0.4718072 -0.5313984 0.7035722
vn 0.3259239 -0.5309516 0.7822174
vn 0.1662625 -0.5303549 0.8313125
vn 0 -0.5299999 0.8479977
vn 0.1637081 -0.5506281 -0.8185404
vn 0.3209047 -0.5512318 -0.7701712
vn 0.4645288 -0.5516831 -0.6927183
vn 0.589691 -0.5518414 -0.589691
vn 0.6927198 -0.5516805 -0.4645297
vn 0.7701712 -0.5512319 -0.3209047
vn 0.8185412 -0.5506267 -0.1637083
vn 0.8349839 -0.5502743 0
vn 0.04706241 -0.9707798 -0.2353121
vn 0.09215979 -0.9708679 -0.2211834
vn 0.1333063 -0.9709336 -0.1987901
vn 0.1691806 -0.9709561 -0.1691806
vn 0.1987927 -0.9709328 -0.133308
vn 0.2211847 -0.9708676 -0.09216028
vn 0.2353134 -0.9707794 -0.04706268
vn 0.2401801 -0.9707283 0
vn -0.08086912 -0.9110241 0.4043455
vn -0.1583914 -0.9112663 0.3801393
vn -0.2291395 -0.9114476 0.3416992
vn -0.2908148 -0.9115117 0.2908148
vn -0.3416992 -0.9114476 0.2291394
vn -0.3801385 -0.9112667 0.1583911
vn -0.4043458 -0.911024 0.08086917
vn -0.412671 -0.9108801 0
vn -0.1302249 -0.7477154 0.6511245
vn -0.2551683 -0.7482318 0.6124038
vn -0.3692605 -0.7486185 0.5506516
vn -0.4687037 -0.7487547 0.4687037
vn -0.550652 -0.748618 0.3692608
vn -0.6124035 -0.748232 0.2551681
vn -0.6511248 -0.7477152 0.1302249
vn -0.6643636 -0.7474096 0
vn -0.1494789 -0.6473466 0.7473945
vn -0.2929597 -0.6479357 0.7031032
vn -0.4240192 -0.6483769 0.6323093
vn -0.5382403 -0.6485327 0.5382403
vn -0.6323096 -0.6483765 0.4240194
vn -0.7031029 -0.6479359 0.2929596
vn -0.7473946 -0.6473463 0.1494789
vn -0.762492 -0.6469976 0
vn -0.1586312 -0.5879963 0.793156
vn -0.3109328 -0.5885988 0.7462387
vn -0.4500718 -0.5890502 0.6711597
vn -0.5713281 -0.58921 0.5713281
vn -0.6711597 -0.5890502 0.4500718
vn -0.7462385 -0.5885992 0.3109327
vn -0.793156 -0.5879964 0.1586312
vn -0.809123 -0.5876393 0
vn -0.1635428 -0.5519031 0.8177143
vn -0.3205809 -0.552504 0.769394
vn -0.4640598 -0.552954 0.692019
vn -0.5890946 -0.5531141 0.5890946
vn -0.6920187 -0.5529547 0.4640596
vn -0.7693936 -0.5525047 0.3205807
vn -0.817714 -0.5519037 0.1635428
vn -0.834144 -0.5515468 0
vn -0.1662626 -0.530354 0.831313
vn -0.3259242 -0.5309504 0.782218
vn -0.4718077 -0.5313969 0.7035729
vn -0.5989355 -0.5315565 0.5989355
vn -0.7035722 -0.5313984 0.4718072
vn -0.7822174 -0.5309516 0.3259239
vn -0.8313125 -0.5303549 0.1662625
vn -0.8479977 -0.5299999 0
vn 0 -0.5502743 0.8349839
vn 0.1637081 -0.5506281 0.8185404
vn 0.3209047 -0.5512318 0.7701712
vn 0.4645288 -0.5516831 0.6927183
vn 0.589691 -0.5518414 0.589691
vn 0.6927198 -0.5516805 0.4645297
vn 0.7701712 -0.5512319 0.3209047
vn 0.8185412 -0.5506267 0.1637083
vn 0 -0.9707283 0.2401801
vn 0.04706241 -0.9707798 0.2353121
vn 0.09215979 -0.9708679 0.2211834
vn 0.1333063 -0.9709336 0.1987901
vn 0.1691806 -0.9709561 0.1691806
vn 0.1987927 -0.9709328 0.133308
vn 0.2211847 -0.9708676 0.09216028
vn 0.2353134 -0.9707794 0.04706268
vn 0 -0.9108801 -0.412671
vn -0.08086912 -0.9110241 -0.4043455
vn -0.1583914 -0.9112663 -0.3801393
vn -0.2291395 -0.9114476 -0.3416992
vn -0.2908148 -0.9115117 -0.2908148
vn -0.3416992 -0.9114476 -0.2291394
vn -0.3801385 -0.9112667 -0.1583911
vn -0.4043458 -0.911024 -0.08086917
vn 0 -0.7474096 -0.6643636
vn -0.1302249 -0.7477154 -0.6511245
vn -0.2551683 -0.7482318 -0.6124038
vn -0.3692605 -0.7486185 -0.5506516
vn -0.4687037 -0.7487547 -0.4687037
vn -0.550652 -0.748618 -0.3692608
vn -0.6124035 -0.748232 -0.2551681
vn -0.6511248 -0.7477152 -0.1302249
vn 0 -0.6469976 -0.762492
vn -0.1494789 -0.6473466 -0.7473945
vn -0.2929597 -0.6479357 -0.7031032
vn -0.4240192 -0.6483769 -0.6323093
vn -0.5382403 -0.6485327 -0.5382403
vn -0.6323096 -0.6483765 -0.4240194
vn -0.7031029 -0.6479359 -0.2929596
vn -0.7473946 -0.6473463 -0.1494789
vn 0 -0.5876393 -0.809123
vn -0.1586312 -0.5879963 -0.793156
vn -0.3109328 -0.5885988 -0.7462387
vn -0.4500718 -0.5890502 -0.6711597
vn -0.5713281 -0.58921 -0.5713281
vn -0.6711597 -0.5890502 -0.4500718
vn -0.7462385 -0.5885992 -0.3109327
vn -0.793156 -0.5879964 -0.1586312
vn 0 -0.5515468 -0.834144
vn -0.1635428 -0.5519031 -0.8177143
vn -0.3205809 -0.552504 -0.769394
vn -0.4640598 -0.552954 -0.692019
vn -0.5890946 -0.5531141 -0.5890946
vn -0.6920187 -0.5529547 -0.4640596
vn -0.7693936 -0.5525047 -0.3205807
vn -0.817714 -0.5519037 -0.1635428
vn 0 -0.5299999 -0.8479977
vn -0.1662626 -0.530354 -0.831313
vn -0.3259242 -0.5309504 -0.782218
vn -0.4718077 -0.5313969 -0.7035729
vn -0.5989355 -0.5315565 -0.5989355
vn -0.7035722 -0.5313984 -0.4718072
vn -0.7822174 -0.5309516 -0.3259239
vn -0.8313125 -0.5303549 -0.1662625
vn -0.8185404 -0.5506281 0.1637081
vn -0.7701712 -0.5512318 0.3209047
vn -0.6927183 -0.5516831 0.4645288
vn -0.589691 -0.5518414 0.589691
vn -0.4645297 -0.5516805 0.6927198
vn -0.3209047 -0.5512319 0.7701712
vn -0.1637083 -0.5506267 0.8185412
vn -0.2353121 -0.9707798 0.04706241
vn -0.2211834 -0.9708679 0.09215979
vn -0.1987901 -0.9709336 0.1333063
vn -0.1691806 -0.9709561 0.1691806
vn -0.133308 -0.9709328 0.1987927
vn -0.09216028 -0.9708676 0.2211847
vn -0.04706268 -0.9707794 0.2353134
vn 0.4043455 -0.9110241 -0.08086912
vn 0.3801393 -0.9112663 -0.1583914
vn 0.3416992 -0.9114476 -0.2291395
vn 0.2908148 -0.9115117 -0.2908148
vn 0.2291394 -0.9114476 -0.3416992
vn 0.1583911 -0.9112667 -0.3801385
vn 0.08086917 -0.911024 -0.4043458
vn 0.6511245 -0.7477154 -0.1302249
vn 0.6124038 -0.7482318 -0.2551683
vn 0.5506516 -0.7486185 -0.3692605
vn 0.4687037 -0.7487547 -0.4687037
vn 0.3692608 -0.748618 -0.550652
vn 0.2551681 -0.748232 -0.6124035
vn 0.1302249 -0.7477152 -0.6511248
vn 0.7473945 -0.6473466 -0.1494789
vn 0.7031032 -0.6479357 -0.2929597
vn 0.6323093 -0.6483769 -0.4240192
vn 0.5382403 -0.6485327 -0.5382403
vn 0.4240194 -0.6483765 -0.6323096
vn 0.2929596 -0.6479359 -0.7031029
vn 0.1494789 -0.6473463 -0.7473946
vn 0.793156 -0.5879963 -0.1586312
vn 0.7462387 -0.5885988 -0.3109328
vn 0.6711597 -0.5890502 -0.4500718
vn 0.5713281 -0.58921 -0.5713281
vn 0.4500718 -0.5890502 -0.6711597
vn 0.3109327 -0.5885992 -0.7462385
vn 0.1586312 -0.5879964 -0.793156
vn 0.8177143 -0.5519031 -0.1635428
vn 0.769394 -0.552504 -0.3205809
vn 0.692019 -0.552954 -0.4640598
vn 0.5890946 -0.5531141 -0.5890946
vn 0.4640596 -0.5529547 -0.6920187
vn 0.3205807 -0.5525047 -0.7693936
vn 0.1635428 -0.5519037 -0.817714
vn 0.831313 -0.530354 -0.1662626
vn 0.782218 -0.5309504 -0.3259242
vn 0.7035729 -0.5313969 -0.4718077
vn 0.5989355 -0.5315565 -0.5989355
vn 0.4718072 -0.5313984 -0.7035722
vn 0.3259239 -0.5309516 -0.7822174
vn 0.1662625 -0.5303549 -0.8313125
vn 0.4335988 -0.9011061 0
vn 0.4248593 -0.9012626 0.08497186
vn 0.3994333 -0.9015286 0.1664305
vn 0.3590511 -0.9017258 0.2407754
vn 0.3055851 -0.9017957 0.3055851
vn 0.2407752 -0.9017261 0.3590507
vn 0.1664305 -0.9015286 0.3994333
vn 0.08497183 -0.9012627 0.4248592
vn 0 -0.9011061 0.4335988
vn 0.2922732 -0.9563349 0
vn 0.2863549 -0.9564105 0.05727097
vn 0.2691747 -0.9565386 0.1121562
vn 0.2419322 -0.9566337 0.1622368
vn 0.2058977 -0.9566673 0.2058977
vn 0.1622368 -0.9566338 0.2419321
vn 0.1121562 -0.9565386 0.2691747
vn 0.05727093 -0.9564105 0.2863547
vn 0 -0.9563349 0.2922732
vn 0.2218979 -0.9750699 0
vn 0.2173972 -0.9751143 0.04347944
vn 0.2043428 -0.9751896 0.08514284
vn 0.1836538 -0.9752456 0.1231561
vn 0.1562974 -0.9752652 0.1562974
vn 0.1231561 -0.9752455 0.1836538
vn 0.08514284 -0.9751896 0.2043428
vn 0.04347939 -0.9751144 0.217397
vn 0 -0.9750699 0.2218979
vn 0.1750335 -0.9845625 0
vn 0.1714803 -0.9845905 0.03429607
vn 0.1611786 -0.9846377 0.06715775
vn 0.1448565 -0.9846728 0.09713903
vn 0.1232783 -0.9846852 0.1232783
vn 0.09713911 -0.9846728 0.1448566
vn 0.06715775 -0.9846377 0.1611786
vn 0.03429601 -0.9845905 0.1714801
vn 0 -0.9845625 0.1750335
vn 0.1364961 -0.9906406 0
vn 0.1337238 -0.9906577 0.02674475
vn 0.125688 -0.9906866 0.05236999
vn 0.1129582 -0.9907082 0.07574844
vn 0.0961313 -0.9907157 0.0961313
vn 0.07574854 -0.9907081 0.1129583
vn 0.05236999 -0.9906866 0.125688
vn 0.02674471 -0.9906577 0.1337235
vn 0 -0.9906406 0.1364961
vn 0.09882431 -0.9951049 0
vn 0.09681629 -0.9951138 0.01936326
vn 0.09099714 -0.9951291 0.03791547
vn 0.08177995 -0.9951404 0.05484067
vn 0.06959734 -0.9951444 0.06959734
vn 0.05484076 -0.9951404 0.0817801
vn 0.03791547 -0.9951291 0.09099714
vn 0.01936322 -0.9951138 0.09681611
vn 0 -0.9951049 0.09882431
vn 0.05600235 -0.9984307 0
vn 0.05486409 -0.9984335 0.01097282
vn 0.05156596 -0.9984384 0.02148582
vn 0.04634241 -0.9984421 0.03107668
vn 0.03943878 -0.9984433 0.03943878
vn 0.03107674 -0.9984421 0.0463425
vn 0.02148582 -0.9984384 0.05156596
vn 0.0109728 -0.9984335 0.05486397
vn 0 -0.9984307 0.05600235
vn 0 -1 0
vn -0.08497186 -0.9012626 0.4248593
vn -0.1664305 -0.9015286 0.3994333
vn -0.2407754 -0.9017258 0.3590511
vn -0.3055851 -0.9017957 0.3055851
vn -0.3590507 -0.9017261 0.2407752
vn -0.3994333 -0.9015286 0.1664305
vn -0.4248592 -0.9012627 0.08497183
vn -0.4335988 -0.9011061 0
vn -0.05727097 -0.9564105 0.2863549
vn -0.1121562 -0.9565386 0.2691747
vn -0.1622368 -0.9566337 0.2419322
vn -0.2058977 -0.9566673 0.2058977
vn -0.2419321 -0.9566338 0.1622368
vn -0.2691747 -0.9565386 0.1121562
vn -0.2863547 -0.9564105 0.05727093
vn -0.2922732 -0.9563349 0
vn -0.04347944 -0.9751143 0.2173972
vn -0.08514284 -0.9751896 0.2043428
vn -0.1231561 -0.9752456 0.1836538
vn -0.1562974 -0.9752652 0.1562974
vn -0.1836538 -0.9752455 0.1231561
vn -0.2043428 -0.9751896 0.08514284
vn -0.217397 -0.9751144 0.04347939
vn -0.2218979 -0.9750699 0
vn -0.03429607 -0.9845905 0.1714803
vn -0.06715775 -0.9846377 0.1611786
vn -0.09713903 -0.9846728 0.1448565
vn -0.1232783 -0.9846852 0.1232783
vn -0.1448566 -0.9846728 0.09713911
vn -0.1611786 -0.9846377 0.06715775
vn -0.1714801 -0.9845905 0.03429601
vn -0.1750335 -0.9845625 0
vn -0.02674475 -0.9906577 0.1337238
vn -0.05236999 -0.9906866 0.125688
vn -0.07574844 -0.9907082 0.1129582
vn -0.0961313 -0.9907157 0.0961313
vn -0.1129583 -0.9907081 0.07574854
vn -0.125688 -0.9906866 0.05236999
vn -0.1337235 -0.9906577 0.02674471
vn -0.1364961 -0.9906406 0
vn -0.01936326 -0.9951138 0.09681629
vn -0.03791547 -0.9951291 0.09099714
vn -0.05484067 -0.9951404 0.08177995
vn -0.06959734 -0.9951444 0.06959734
vn -0.0817801 -0.9951404 0.05484076
vn -0.09099714 -0.9951291 0.03791547
vn -0.09681611 -0.9951138 0.01936322
vn -0.09882431 -0.9951049 0
vn -0.01097282 -0.9984335 0.05486409
vn -0.02148582 -0.9984384 0.05156596
vn -0.03107668 -0.9984421 0.04634241
vn -0.03943878 -0.9984433 0.03943878
vn -0.0463425 -0.9984421 0.03107674
vn -0.05156596 -0.9984384 0.02148582
vn -0.05486397 -0.9984335 0.0109728
vn -0.05600235 -0.9984307 0
vn 0 -0.9011061 -0.4335988
vn -0.08497186 -0.9012626 -0.4248593
vn -0.1664305 -0.9015286 -0.3994333
vn -0.2407754 -0.9017258 -0.3590511
vn -0.3055851 -0.9017957 -0.3055851
vn -0.3590507 -0.9017261 -0.2407752
vn -0.3994333 -0.9015286 -0.1664305
vn -0.4248592 -0.9012627 -0.08497183
vn 0 -0.9563349 -0.2922732
vn -0.05727097 -0.9564105 -0.2863549
vn -0.1121562 -0.9565386 -0.2691747
vn -0.1622368 -0.9566337 -0.2419322
vn -0.2058977 -0.9566673 -0.2058977
vn -0.2419321 -0.9566338 -0.1622368
vn -0.2691747 -0.9565386 -0.1121562
vn -0.2863547 -0.9564105 -0.05727093
vn 0 -0.9750699 -0.2218979
vn -0.04347944 -0.9751143 -0.2173972
vn -0.08514284 -0.9751896 -0.2043428
vn -0.1231561 -0.9752456 -0.1836538
vn -0.1562974 -0.9752652 -0.1562974
vn -0.1836538 -0.9752455 -0.1231561
vn -0.2043428 -0.9751896 -0.08514284
vn -0.217397 -0.9751144 -0.04347939
vn 0 -0.9845625 -0.1750335
vn -0.03429607 -0.9845905 -0.1714803
vn -0.06715775 -0.9846377 -0.1611786
vn -0.09713903 -0.9846728 -0.1448565
vn -0.1232783 -0.9846852 -0.1232783
vn -0.1448566 -0.9846728 -0.09713911
vn -0.1611786 -0.9846377 -0.06715775
vn -0.1714801 -0.9845905 -0.03429601
vn 0 -0.9906406 -0.1364961
vn -0.02674475 -0.9906577 -0.1337238
vn -0.05236999 -0.9906866 -0.125688
vn -0.07574844 -0.9907082 -0.1129582
vn -0.0961313 -0.9907157 -0.0961313
vn -0.1129583 -0.9907081 -0.07574854
vn -0.125688 -0.9906866 -0.05236999
vn -0.1337235 -0.9906577 -0.02674471
vn 0 -0.9951049 -0.09882431
vn -0.01936326 -0.9951138 -0.09681629
vn -0.03791547 -0.9951291 -0.09099714
vn -0.05484067 -0.9951404 -0.08177995
vn -0.06959734 -0.9951444 -0.06959734
vn -0.0817801 -0.9951404 -0.05484076
vn -0.09099714 -0.9951291 -0.03791547
vn -0.09681611 -0.9951138 -0.01936322
vn 0 -0.9984307 -0.05600235
vn -0.01097282 -0.9984335 -0.05486409
vn -0.02148582 -0.9984384 -0.05156596
vn -0.03107668 -0.9984421 -0.04634241
vn -0.03943878 -0.9984433 -0.03943878
vn -0.0463425 -0.9984421 -0.03107674
vn -0.05156596 -0.9984384 -0.02148582
vn -0.05486397 -0.9984335 -0.0109728
vn 0.4248593 -0.9012626 -0.08497186
vn 0.3994333 -0.9015286 -0.1664305
vn 0.3590511 -0.9017258 -0.2407754
vn 0.3055851 -0.9017957 -0.3055851
vn 0.2407752 -0.9017261 -0.3590507
vn 0.1664305 -0.9015286 -0.3994333
vn 0.08497183 -0.9012627 -0.4248592
vn 0.2863549 -0.9564105 -0.05727097
vn 0.2691747 -0.9565386 -0.1121562
vn 0.2419322 -0.9566337 -0.1622368
vn 0.2058977 -0.9566673 -0.2058977
vn 0.1622368 -0.9566338 -0.2419321
vn 0.1121562 -0.9565386 -0.2691747
vn 0.05727093 -0.9564105 -0.2863547
vn 0.2173972 -0.9751143 -0.04347944
vn 0.2043428 -0.9751896 -0.08514284
vn 0.1836538 -0.9752456 -0.1231561
vn 0.1562974 -0.9752652 -0.1562974
vn 0.1231561 -0.9752455 -0.1836538
vn 0.08514284 -0.9751896 -0.2043428
vn 0.04347939 -0.9751144 -0.217397
vn 0.1714803 -0.9845905 -0.03429607
vn 0.1611786 -0.9846377 -0.06715775
vn 0.1448565 -0.9846728 -0.09713903
vn 0.1232783 -0.9846852 -0.1232783
vn 0.09713911 -0.9846728 -0.1448566
vn 0.06715775 -0.9846377 -0.1611786
vn 0.03429601 -0.9845905 -0.1714801
vn 0.1337238 -0.9906577 -0.02674475
vn 0.125688 -0.9906866 -0.05236999
vn 0.1129582 -0.9907082 -0.07574844
vn 0.0961313 -0.9907157 -0.0961313
vn 0.07574854 -0.9907081 -0.1129583
vn 0.05236999 -0.9906866 -0.125688
vn 0.02674471 -0.9906577 -0.1337235
vn 0.09681629 -0.9951138 -0.01936326
vn 0.09099714 -0.9951291 -0.03791547
vn 0.08177995 -0.9951404 -0.05484067
vn 0.06959734 -0.9951444 -0.06959734
vn 0.05484076 -0.9951404 -0.0817801
vn 0.03791547 -0.9951291 -0.09099714
vn 0.01936322 -0.9951138 -0.09681611
vn 0.05486409 -0.9984335 -0.01097282
vn 0.05156596 -0.9984384 -0.02148582
vn 0.04634241 -0.9984421 -0.03107668
vn 0.03943878 -0.9984433 -0.03943878
vn 0.03107674 -0.9984421 -0.0463425
vn 0.02148582 -0.9984384 -0.05156596
vn 0.0109728 -0.9984335 -0.05486397

vt 0.125 0.7290039
vt 0.1396484 0.7289684
vt 0.1542969 0.7288698
vt 0.1689453 0.728716
vt 0.1835938 0.7285156
vt 0.1982422 0.7282834
vt 0.2128906 0.7280486
vt 0.2275391 0.7278602
vt 0.2421875 0.7277832
vt 0.125 0.7103795
vt 0.1396484 0.7103065
vt 0.1542969 0.7101035
vt 0.1689453 0.7097873
vt 0.1835938 0.709375
vt 0.1982422 0.7088974
vt 0.2128906 0.7084142
vt 0.2275391 0.7080268
vt 0.2421875 0.7078683
vt 0.125 0.6937082
vt 0.1396484 0.6936017
vt 0.1542969 0.6933057
vt 0.1689453 0.6928446
vt 0.1835938 0.6922433
vt 0.1982422 0.6915467
vt 0.2128906 0.6908422
vt 0.2275391 0.6902771
vt 0.2421875 0.6900461
vt 0.125 0.6785715
vt 0.1396484 0.6784416
vt 0.1542969 0.6780809
vt 0.1689453 0.6775187
vt 0.1835938 0.6767857
vt 0.1982422 0.6759365
vt 0.2128906 0.6750777
vt 0.2275391 0.6743888
vt 0.2421875 0.6741071
vt 0.125 0.6645508
vt 0.1396484 0.6644139
vt 0.1542969 0.6640334
vt 0.1689453 0.6634405
vt 0.1835938 0.6626674
vt 0.1982422 0.6617718
vt 0.2128906 0.6608659
vt 0.2275391 0.6601394
vt 0.2421875 0.6598424
vt 0.125 0.6512277
vt 0.1396484 0.651106
vt 0.1542969 0.6507677
vt 0.1689453 0.6502408
vt 0.1835938 0.6495535
vt 0.1982422 0.6487575
vt 0.2128906 0.6479523
vt 0.2275391 0.6473065
vt 0.2421875 0.6470424
vt 0.125 0.6381836
vt 0.1396484 0.6381055
vt 0.1542969 0.6378885
vt 0.1689453 0.6375504
vt 0.1835938 0.6371094
vt 0.1982422 0.6365985
vt 0.2128906 0.6360819
vt 0.2275391 0.6356675
vt 0.2421875 0.635498
vt 0.125 0.625
vt 0.1396484 0.625
vt 0.1542969 0.625
vt 0.1689453 0.625
vt 0.1835938 0.625
vt 0.1982422 0.625
vt 0.2128906 0.625
vt 0.2275391 0.625
vt 0.2421875 0.625
vt 0.125 0.7438834
vt 0.1396484 0.7443884
vt 0.1542969 0.7444119
vt 0.1640019 0.7440419
vt 0.1689453 0.7438437
vt 0.1835938 0.7427021
vt 0.1982422 0.7410755
vt 0.2119326 0.7393875
vt 0.2128906 0.7392836
vt 0.2275391 0.7376618
vt 0.2421875 0.7363377
vt 0.125 0.7448788
vt 0.125 0.7458742
vt 0.125 0.7468695
vt 0.1396484 0.7453837
vt 0.1396484 0.7463791
vt 0.1396484 0.7473745
vt 0.1542969 0.7454072
vt 0.1542969 0.7464026
vt 0.1542969 0.747398
vt 0.1640019 0.7450373
vt 0.1640019 0.7460327
vt 0.1640019 0.747028
vt 0.1689453 0.7448391
vt 0.1689453 0.7458345
vt 0.1689453 0.7468298
vt 0.1835938 0.7436975
vt 0.1835938 0.7446928
vt 0.1835938 0.7456882
vt 0.1982422 0.7420708
vt 0.1982422 0.7430662
vt 0.1982422 0.7440615
vt 0.2119325 0.7403828
vt 0.2119325 0.7413782
vt 0.2119326 0.7423735
vt 0.2128906 0.7402789
vt 0.2128906 0.7412742
vt 0.2128906 0.7422696
vt 0.2275391 0.7386572
vt 0.2275391 0.7396526
vt 0.2275391 0.7406479
vt 0.2421875 0.7373331
vt 0.2421875 0.7383285
vt 0.2421875 0.7393238
vt 0.1103516 0.7289684
vt 0.09570313 0.7288698
vt 0.08105469 0.728716
vt 0.06640625 0.7285156
vt 0.05175781 0.7282834
vt 0.03710938 0.7280486
vt 0.02246094 0.7278602
vt 0.0078125 0.7277832
vt 0.1103516 0.7103065
vt 0.09570313 0.7101035
vt 0.08105469 0.7097873
vt 0.06640625 0.709375
vt 0.05175781 0.7088974
vt 0.03710938 0.7084142
vt 0.02246094 0.7080268
vt 0.0078125 0.7078683
vt 0.1103516 0.6936017
vt 0.09570313 0.6933057
vt 0.08105469 0.6928446
vt 0.06640625 0.6922433
vt 0.05175781 0.6915467
vt 0.03710938 0.6908422
vt 0.02246094 0.6902771
vt 0.0078125 0.6900461
vt 0.1103516 0.6784416
vt 0.09570313 0.6780809
vt 0.08105469 0.6775187
vt 0.06640625 0.6767857
vt 0.05175781 0.6759365
vt 0.03710938 0.6750777
vt 0.02246094 0.6743888
vt 0.0078125 0.6741071
vt 0.1103516 0.6644139
vt 0.09570313 0.6640334
vt 0.08105469 0.6634405
vt 0.06640625 0.6626674
vt 0.05175781 0.6617718
vt 0.03710938 0.6608659
vt 0.02246094 0.6601394
vt 0.0078125 0.6598424
vt 0.1103516 0.651106
vt 0.09570313 0.6507677
vt 0.08105469 0.6502408
vt 0.06640625 0.6495535
vt 0.05175781 0.6487575
vt 0.03710938 0.6479523
vt 0.02246094 0.6473065
vt 0.0078125 0.6470424
vt 0.1103516 0.6381055
vt 0.09570313 0.6378885
vt 0.08105469 0.6375504
vt 0.06640625 0.6371094
vt 0.05175781 0.6365985
vt 0.03710938 0.6360819
vt 0.02246094 0.6356675
vt 0.0078125 0.635498
vt 0.1103516 0.625
vt 0.09570313 0.625
vt 0.08105469 0.625
vt 0.06640625 0.625
vt 0.05175781 0.625
vt 0.03710938 0.625
vt 0.02246094 0.625
vt 0.0078125 0.625
vt 0.1103516 0.7443884
vt 0.09570313 0.7444119
vt 0.08599809 0.7440419
vt 0.08105469 0.7438437
vt 0.06640625 0.7427021
vt 0.05175781 0.7410755
vt 0.03806745 0.7393875
vt 0.03710938 0.7392836
vt 0.02246094 0.7376618
vt 0.0078125 0.7363377
vt 0.1103516 0.7453837
vt 0.1103516 0.7463791
vt 0.1103516 0.7473745
vt 0.09570313 0.7454072
vt 0.09570313 0.7464026
vt 0.09570313 0.747398
vt 0.08599809 0.7450373
vt 0.08599809 0.7460327
vt 0.08599809 0.747028
vt 0.08105469 0.7448391
vt 0.08105469 0.7458345
vt 0.08105469 0.7468298
vt 0.06640625 0.7436975
vt 0.06640625 0.7446928
vt 0.06640625 0.7456882
vt 0.05175781 0.7420708
vt 0.05175781 0.7430662
vt 0.05175781 0.7440615
vt 0.03806746 0.7403828
vt 0.03806746 0.7413782
vt 0.03806745 0.7423735
vt 0.03710938 0.7402789
vt 0.03710938 0.7412742
vt 0.03710938 0.7422696
vt 0.02246094 0.7386572
vt 0.02246094 0.7396526
vt 0.02246094 0.7406479
vt 0.0078125 0.7373331
vt 0.0078125 0.7383285
vt 0.0078125 0.7393238
vt 0.125 0.6125489
vt 0.1396484 0.6126294
vt 0.1542969 0.612853
vt 0.1689453 0.6132001
vt 0.1835938 0.6136489
vt 0.1982422 0.6141616
vt 0.2128906 0.6146706
vt 0.2275391 0.6150709
vt 0.2421875 0.6152326
vt 0.125 0.5997224
vt 0.1396484 0.5998343
vt 0.1542969 0.600145
vt 0.1689453 0.6006256
vt 0.1835938 0.6012453
vt 0.1982422 0.6019506
vt 0.2128906 0.6026488
vt 0.2275391 0.6031967
vt 0.2421875 0.6034176
vt 0.125 0.5864109
vt 0.1396484 0.5865184
vt 0.1542969 0.5868158
vt 0.1689453 0.587274
vt 0.1835938 0.5878612
vt 0.1982422 0.588526
vt 0.2128906 0.5891806
vt 0.2275391 0.5896924
vt 0.2421875 0.5898983
vt 0.125 0.5725051
vt 0.1396484 0.5725851
vt 0.1542969 0.5728054
vt 0.1689453 0.5731418
vt 0.1835938 0.5735685
vt 0.1982422 0.5740461
vt 0.2128906 0.5745119
vt 0.2275391 0.5748732
vt 0.2421875 0.575018
vt 0.125 0.5578955
vt 0.1396484 0.557938
vt 0.1542969 0.5580537
vt 0.1689453 0.5582263
vt 0.1835938 0.558439
vt 0.1982422 0.5586699
vt 0.2128906 0.5588885
vt 0.2275391 0.5590543
vt 0.2421875 0.5591198
vt 0.125 0.5424727
vt 0.1396484 0.5424808
vt 0.1542969 0.5425006
vt 0.1689453 0.5425245
vt 0.1835938 0.5425449
vt 0.1982422 0.542556
vt 0.2128906 0.5425565
vt 0.2275391 0.5425506
vt 0.2421875 0.5425469
vt 0.125 0.5261273
vt 0.1396484 0.5261169
vt 0.1542969 0.5260861
vt 0.1689453 0.5260334
vt 0.1835938 0.5259579
vt 0.1982422 0.5258632
vt 0.2128906 0.5257617
vt 0.2275391 0.5256775
vt 0.2421875 0.5256426
vt 0.2421875 0.5158899
vt 0.2275391 0.5166508
vt 0.2128906 0.5162974
vt 0.20732 0.5162375
vt 0.1982422 0.5154975
vt 0.1835938 0.5143777
vt 0.1746926 0.5139507
vt 0.1689453 0.513028
vt 0.1542969 0.5116377
vt 0.1396484 0.5112395
vt 0.1394589 0.5112441
vt 0.125 0.5113677
vt 0.2421875 0.5148572
vt 0.2421875 0.5138245
vt 0.2421875 0.5127919
vt 0.2275391 0.5156181
vt 0.2275391 0.5145855
vt 0.2275391 0.5135528
vt 0.2128906 0.5152647
vt 0.2128906 0.514232
vt 0.2128906 0.5131994
vt 0.20732 0.5152048
vt 0.20732 0.5141721
vt 0.20732 0.5131395
vt 0.1982422 0.5144648
vt 0.1982422 0.5134321
vt 0.1982422 0.5123995
vt 0.1835938 0.513345
vt 0.1835938 0.5123123
vt 0.1835938 0.5112796
vt 0.1746926 0.512918
vt 0.1746926 0.5118854
vt 0.1746926 0.5108527
vt 0.1689453 0.5119953
vt 0.1689453 0.5109627
vt 0.1689453 0.50993
vt 0.1542969 0.5106051
vt 0.1542969 0.5095724
vt 0.1542969 0.5085397
vt 0.1396484 0.5102068
vt 0.1396484 0.5091741
vt 0.1396484 0.5081415
vt 0.1394589 0.5102113
vt 0.1394589 0.5091787
vt 0.1394589 0.508146
vt 0.125 0.5103351
vt 0.125 0.5093024
vt 0.125 0.5082697
vt 0.1103516 0.6126294
vt 0.09570313 0.612853
vt 0.08105469 0.6132001
vt 0.06640625 0.6136489
vt 0.05175781 0.6141616
vt 0.03710938 0.6146706
vt 0.02246094 0.6150709
vt 0.0078125 0.6152326
vt 0.1103516 0.5998343
vt 0.09570313 0.600145
vt 0.08105469 0.6006256
vt 0.06640625 0.6012453
vt 0.05175781 0.6019506
vt 0.03710938 0.6026488
vt 0.02246094 0.6031967
vt 0.0078125 0.6034176
vt 0.1103516 0.5865184
vt 0.09570313 0.5868158
vt 0.08105469 0.587274
vt 0.06640625 0.5878612
vt 0.05175781 0.588526
vt 0.03710938 0.5891806
vt 0.02246094 0.5896924
vt 0.0078125 0.5898983
vt 0.1103516 0.5725851
vt 0.09570313 0.5728054
vt 0.08105469 0.5731418
vt 0.06640625 0.5735685
vt 0.05175781 0.5740461
vt 0.03710938 0.5745119
vt 0.02246094 0.5748732
vt 0.0078125 0.575018
vt 0.1103516 0.557938
vt 0.09570313 0.5580537
vt 0.08105469 0.5582263
vt 0.06640625 0.558439
vt 0.05175781 0.5586699
vt 0.03710938 0.5588885
vt 0.02246094 0.5590543
vt 0.0078125 0.5591198
vt 0.1103516 0.5424808
vt 0.09570313 0.5425006
vt 0.08105469 0.5425245
vt 0.06640625 0.5425449
vt 0.05175781 0.542556
vt 0.03710938 0.5425565
vt 0.02246094 0.5425506
vt 0.0078125 0.5425469
vt 0.1103516 0.5261169
vt 0.09570313 0.5260861
vt 0.08105469 0.5260334
vt 0.06640625 0.5259579
vt 0.05175781 0.5258632
vt 0.03710938 0.5257617
vt 0.02246094 0.5256775
vt 0.0078125 0.5256426
vt 0.0078125 0.5158899
vt 0.02246094 0.5166508
vt 0.03710938 0.5162974
vt 0.04267997 0.5162375
vt 0.05175781 0.5154975
vt 0.06640625 0.5143777
vt 0.07530743 0.5139507
vt 0.08105469 0.513028
vt 0.09570313 0.5116377
vt 0.1103516 0.5112395
vt 0.1105411 0.5112441
vt 0.0078125 0.5148572
vt 0.0078125 0.5138245
vt 0.0078125 0.5127919
vt 0.02246094 0.5156181
vt 0.02246094 0.5145855
vt 0.02246094 0.5135528
vt 0.03710938 0.5152647
vt 0.03710938 0.514232
vt 0.03710938 0.5131994
vt 0.04267997 0.5152048
vt 0.04267997 0.5141721
vt 0.04267997 0.5131395
vt 0.05175781 0.5144648
vt 0.05175781 0.5134321
vt 0.05175781 0.5123995
vt 0.06640625 0.513345
vt 0.06640625 0.5123123
vt 0.06640625 0.5112796
vt 0.07530743 0.512918
vt 0.07530743 0.5118854
vt 0.07530743 0.5108527
vt 0.08105469 0.5119953
vt 0.08105469 0.5109627
vt 0.08105469 0.50993
vt 0.09570313 0.5106051
vt 0.09570313 0.5095724
vt 0.09570313 0.5085397
vt 0.1103516 0.5102068
vt 0.1103516 0.5091741
vt 0.1103516 0.5081415
vt 0.1105411 0.5102113
vt 0.1105411 0.5091787
vt 0.1105411 0.508146
vt 0.75 0.75
vt 0.765625 0.75
vt 0.78125 0.75
vt 0.796875 0.75
vt 0.8125 0.75
vt 0.828125 0.75
vt 0.84375 0.75
vt 0.859375 0.75
vt 0.875 0.75
vt 0.75 0.7449797
vt 0.765625 0.7449067
vt 0.78125 0.744717
vt 0.796875 0.7444843
vt 0.8125 0.7442816
vt 0.828125 0.7441477
vt 0.84375 0.7440756
vt 0.859375 0.7440374
vt 0.875 0.7440207
vt 0.75 0.7402446
vt 0.765625 0.7401476
vt 0.78125 0.7398977
vt 0.796875 0.7395912
vt 0.8125 0.7393218
vt 0.828125 0.7391392
vt 0.84375 0.7390365
vt 0.859375 0.7389809
vt 0.875 0.7389574
vt 0.75 0.7356998
vt 0.765625 0.7356135
vt 0.78125 0.7353952
vt 0.796875 0.7351279
vt 0.8125 0.7348886
vt 0.828125 0.7347189
vt 0.84375 0.7346168
vt 0.859375 0.7345595
vt 0.875 0.7345368
vt 0.75 0.73125
vt 0.765625 0.7311954
vt 0.78125 0.7310629
vt 0.796875 0.7309012
vt 0.8125 0.73075
vt 0.828125 0.7306314
vt 0.84375 0.7305504
vt 0.859375 0.7305024
vt 0.875 0.7304851
vt 0.75 0.7268002
vt 0.765625 0.7267842
vt 0.78125 0.726754
vt 0.796875 0.7267181
vt 0.8125 0.7266738
vt 0.828125 0.7266213
vt 0.84375 0.7265715
vt 0.859375 0.7265388
vt 0.875 0.7265292
vt 0.75 0.7222553
vt 0.765625 0.7222706
vt 0.78125 0.7223217
vt 0.796875 0.7223855
vt 0.8125 0.7224281
vt 0.828125 0.722433
vt 0.84375 0.7224141
vt 0.859375 0.7223977
vt 0.875 0.7223953
vt 0.75 0.7175204
vt 0.765625 0.7175456
vt 0.78125 0.7176193
vt 0.796875 0.7177106
vt 0.8125 0.7177808
vt 0.828125 0.717811
vt 0.84375 0.7178123
vt 0.859375 0.7178084
vt 0.875 0.7178101
vt 0.75 0.7125
vt 0.765625 0.7125
vt 0.78125 0.7125
vt 0.796875 0.7125
vt 0.8125 0.7125
vt 0.828125 0.7125
vt 0.84375 0.7125
vt 0.859375 0.7125
vt 0.875 0.7125
vt 1 0.75
vt 0.984375 0.75
vt 0.96875 0.75
vt 0.953125 0.75
vt 0.9375 0.75
vt 0.921875 0.75
vt 0.90625 0.75
vt 0.890625 0.75
vt 1 0.7449797
vt 0.984375 0.7449067
vt 0.96875 0.744717
vt 0.953125 0.7444843
vt 0.9375 0.7442816
vt 0.921875 0.7441477
vt 0.90625 0.7440756
vt 0.890625 0.7440374
vt 1 0.7402446
vt 0.984375 0.7401476
vt 0.96875 0.7398977
vt 0.953125 0.7395912
vt 0.9375 0.7393218
vt 0.921875 0.7391392
vt 0.90625 0.7390365
vt 0.890625 0.7389809
vt 1 0.7356998
vt 0.984375 0.7356135
vt 0.96875 0.7353952
vt 0.953125 0.7351279
vt 0.9375 0.7348886
vt 0.921875 0.7347189
vt 0.90625 0.7346168
vt 0.890625 0.7345595
vt 1 0.73125
vt 0.984375 0.7311954
vt 0.96875 0.7310629
vt 0.953125 0.7309012
vt 0.9375 0.73075
vt 0.921875 0.7306314
vt 0.90625 0.7305504
vt 0.890625 0.7305024
vt 1 0.7268002
vt 0.984375 0.7267842
vt 0.96875 0.726754
vt 0.953125 0.7267181
vt 0.9375 0.7266738
vt 0.921875 0.7266213
vt 0.90625 0.7265715
vt 0.890625 0.7265388
vt 1 0.7222553
vt 0.984375 0.7222706
vt 0.96875 0.7223217
vt 0.953125 0.7223855
vt 0.9375 0.7224281
vt 0.921875 0.722433
vt 0.90625 0.7224141
vt 0.890625 0.7223977
vt 1 0.7175204
vt 0.984375 0.7175456
vt 0.96875 0.7176193
vt 0.953125 0.7177106
vt 0.9375 0.7177808
vt 0.921875 0.717811
vt 0.90625 0.7178123
vt 0.890625 0.7178084
vt 1 0.7125
vt 0.984375 0.7125
vt 0.96875 0.7125
vt 0.953125 0.7125
vt 0.9375 0.7125
vt 0.921875 0.7125
vt 0.90625 0.7125
vt 0.890625 0.7125
vt 0.75 0.6929538
vt 0.765625 0.6929483
vt 0.78125 0.6928878
vt 0.796875 0.6927506
vt 0.8125 0.6925675
vt 0.828125 0.6923803
vt 0.84375 0.6922204
vt 0.859375 0.6921089
vt 0.875 0.6920658
vt 0.75 0.6707776
vt 0.765625 0.6707072
vt 0.78125 0.6704919
vt 0.796875 0.6701668
vt 0.8125 0.6698024
vt 0.828125 0.6694624
vt 0.84375 0.6691879
vt 0.859375 0.669004
vt 0.875 0.6689352
vt 0.75 0.6464024
vt 0.765625 0.6462383
vt 0.78125 0.64583
vt 0.796875 0.6453111
vt 0.8125 0.6447924
vt 0.828125 0.6443436
vt 0.84375 0.6439999
vt 0.859375 0.6437791
vt 0.875 0.6436993
vt 0.75 0.6202597
vt 0.765625 0.6200036
vt 0.78125 0.6194195
vt 0.796875 0.618746
vt 0.8125 0.6181253
vt 0.828125 0.6176212
vt 0.84375 0.617254
vt 0.859375 0.6170281
vt 0.875 0.6169496
vt 0.75 0.5927809
vt 0.765625 0.5924646
vt 0.78125 0.5917779
vt 0.796875 0.5910339
vt 0.8125 0.5903888
vt 0.828125 0.5898924
vt 0.84375 0.5895476
vt 0.859375 0.5893449
vt 0.875 0.5892775
vt 0.75 0.5643972
vt 0.765625 0.5640832
vt 0.78125 0.5634225
vt 0.796875 0.5627373
vt 0.8125 0.5621707
vt 0.828125 0.5617545
vt 0.84375 0.5614782
vt 0.859375 0.5613233
vt 0.875 0.5612743
vt 0.75 0.53554
vt 0.765625 0.5353214
vt 0.78125 0.5348709
vt 0.796875 0.5344188
vt 0.8125 0.5340587
vt 0.828125 0.5338048
vt 0.84375 0.5336434
vt 0.859375 0.5335572
vt 0.875 0.5335316
vt 0.75 0.5321694
vt 0.765625 0.5302492
vt 0.7683233 0.5301678
vt 0.78125 0.5292585
vt 0.7813439 0.5292574
vt 0.7933661 0.5279193
vt 0.796875 0.5273019
vt 0.8120601 0.5264983
vt 0.8125 0.5264394
vt 0.828125 0.5258915
vt 0.8301884 0.5260158
vt 0.8419855 0.5253708
vt 0.84375 0.5251434
vt 0.8512782 0.5247298
vt 0.859375 0.5233859
vt 0.875 0.5235723
vt 0.75 0.5298871
vt 0.75 0.5276049
vt 0.75 0.5253226
vt 0.765625 0.527967
vt 0.765625 0.5256847
vt 0.765625 0.5234025
vt 0.7683233 0.5278856
vt 0.7683233 0.5256033
vt 0.7683233 0.523321
vt 0.78125 0.5269763
vt 0.78125 0.524694
vt 0.78125 0.5224118
vt 0.7813439 0.5269752
vt 0.7813439 0.5246929
vt 0.7813439 0.5224106
vt 0.7933661 0.525637
vt 0.7933661 0.5233548
vt 0.7933661 0.5210725
vt 0.7968749 0.5250196
vt 0.796875 0.5227374
vt 0.796875 0.5204551
vt 0.8120601 0.524216
vt 0.8120601 0.5219337
vt 0.8120601 0.5196515
vt 0.8125 0.5241571
vt 0.8125 0.5218748
vt 0.8125 0.5195926
vt 0.828125 0.5236092
vt 0.828125 0.521327
vt 0.828125 0.5190447
vt 0.8301883 0.5237335
vt 0.8301884 0.5214512
vt 0.8301884 0.519169
vt 0.8419855 0.5230885
vt 0.8419855 0.5208063
vt 0.8419855 0.518524
vt 0.8437499 0.5228611
vt 0.84375 0.5205789
vt 0.84375 0.5182966
vt 0.8512782 0.5224476
vt 0.8512782 0.5201653
vt 0.8512782 0.5178831
vt 0.859375 0.5211036
vt 0.859375 0.5188214
vt 0.859375 0.5165391
vt 0.875 0.5212901
vt 0.875 0.5190078
vt 0.875 0.5167255
vt 1 0.6929538
vt 0.984375 0.6929483
vt 0.96875 0.6928878
vt 0.953125 0.6927506
vt 0.9375 0.6925675
vt 0.921875 0.6923803
vt 0.90625 0.6922204
vt 0.890625 0.6921089
vt 1 0.6707776
vt 0.984375 0.6707072
vt 0.96875 0.6704919
vt 0.953125 0.6701668
vt 0.9375 0.6698024
vt 0.921875 0.6694624
vt 0.90625 0.6691879
vt 0.890625 0.669004
vt 1 0.6464024
vt 0.984375 0.6462383
vt 0.96875 0.64583
vt 0.953125 0.6453111
vt 0.9375 0.6447924
vt 0.921875 0.6443436
vt 0.90625 0.6439999
vt 0.890625 0.6437791
vt 1 0.6202597
vt 0.984375 0.6200036
vt 0.96875 0.6194195
vt 0.953125 0.618746
vt 0.9375 0.6181253
vt 0.921875 0.6176212
vt 0.90625 0.617254
vt 0.890625 0.6170281
vt 1 0.5927809
vt 0.984375 0.5924646
vt 0.96875 0.5917779
vt 0.953125 0.5910339
vt 0.9375 0.5903888
vt 0.921875 0.5898924
vt 0.90625 0.5895476
vt 0.890625 0.5893449
vt 1 0.5643972
vt 0.984375 0.5640832
vt 0.96875 0.5634225
vt 0.953125 0.5627373
vt 0.9375 0.5621707
vt 0.921875 0.5617545
vt 0.90625 0.5614782
vt 0.890625 0.5613233
vt 1 0.53554
vt 0.984375 0.5353214
vt 0.96875 0.5348709
vt 0.953125 0.5344188
vt 0.9375 0.5340587
vt 0.921875 0.5338048
vt 0.90625 0.5336434
vt 0.890625 0.5335572
vt 1 0.5321694
vt 0.984375 0.5302492
vt 0.9816767 0.5301678
vt 0.96875 0.5292585
vt 0.9686561 0.5292574
vt 0.9566339 0.5279193
vt 0.953125 0.5273019
vt 0.9379399 0.5264983
vt 0.9375 0.5264394
vt 0.921875 0.5258915
vt 0.9198116 0.5260158
vt 0.9080145 0.5253708
vt 0.90625 0.5251434
vt 0.8987218 0.5247298
vt 0.890625 0.5233859
vt 1 0.5298871
vt 1 0.5276049
vt 1 0.5253226
vt 0.984375 0.527967
vt 0.984375 0.5256847
vt 0.984375 0.5234025
vt 0.9816767 0.5278856
vt 0.9816767 0.5256033
vt 0.9816767 0.523321
vt 0.96875 0.5269763
vt 0.96875 0.524694
vt 0.96875 0.5224118
vt 0.9686561 0.5269752
vt 0.9686561 0.5246929
vt 0.9686561 0.5224106
vt 0.9566339 0.525637
vt 0.9566339 0.5233548
vt 0.9566339 0.5210725
vt 0.9531251 0.5250196
vt 0.953125 0.5227374
vt 0.953125 0.5204551
vt 0.9379399 0.524216
vt 0.9379399 0.5219337
vt 0.9379399 0.5196515
vt 0.9375 0.5241571
vt 0.9375 0.5218748
vt 0.9375 0.5195926
vt 0.921875 0.5236092
vt 0.921875 0.521327
vt 0.921875 0.5190447
vt 0.9198117 0.5237335
vt 0.9198116 0.5214512
vt 0.9198116 0.519169
vt 0.9080145 0.5230885
vt 0.9080145 0.5208063
vt 0.9080145 0.518524
vt 0.9062501 0.5228611
vt 0.90625 0.5205789
vt 0.90625 0.5182966
vt 0.8987218 0.5224476
vt 0.8987218 0.5201653
vt 0.8987218 0.5178831
vt 0.890625 0.5211036
vt 0.890625 0.5188214
vt 0.890625 0.5165391
vt 0.375 0.625
vt 0.375 0.6070392
vt 0.3785046 0.6073811
vt 0.3818767 0.6083982
vt 0.3849858 0.6100551
vt 0.3877107 0.6122893
vt 0.3899449 0.6150142
vt 0.3916018 0.6181233
vt 0.3926189 0.6214954
vt 0.3929608 0.625
vt 0.375 0.5890441
vt 0.3820157 0.5897296
vt 0.3887655 0.5917673
vt 0.3949884 0.5950852
vt 0.4004423 0.5995576
vt 0.4049148 0.6050116
vt 0.4082327 0.6112345
vt 0.4102704 0.6179843
vt 0.4109559 0.625
vt 0.375 0.571505
vt 0.3854377 0.5725263
vt 0.3954787 0.5755601
vt 0.4047354 0.5804977
vt 0.4128484 0.5871516
vt 0.4195023 0.5952646
vt 0.4244399 0.6045213
vt 0.4274737 0.6145623
vt 0.428495 0.625
vt 0.375 0.5549123
vt 0.3886748 0.5562522
vt 0.4018288 0.5602297
vt 0.4139546 0.5667003
vt 0.4245822 0.5754178
vt 0.4332997 0.5860454
vt 0.4397703 0.5981712
vt 0.4437478 0.6113252
vt 0.4450877 0.625
vt 0.375 0.5397564
vt 0.3916315 0.541388
vt 0.4076281 0.5462288
vt 0.4223735 0.5541005
vt 0.4352973 0.5647026
vt 0.4458995 0.5776265
vt 0.4537712 0.5923719
vt 0.458612 0.6083685
vt 0.4602436 0.625
vt 0.375 0.5265275
vt 0.394212 0.5284147
vt 0.4126891 0.5340105
vt 0.42972 0.5431058
vt 0.4446471 0.5553529
vt 0.4568942 0.5702801
vt 0.4659896 0.5873109
vt 0.4715853 0.605788
vt 0.4734725 0.625
vt 0.375 0.5157161
vt 0.3963208 0.5178131
vt 0.4168242 0.5240275
vt 0.4357215 0.5341239
vt 0.4522848 0.5477152
vt 0.4658762 0.5642785
vt 0.4759725 0.5831758
vt 0.4821869 0.6036792
vt 0.4842839 0.625
vt 0.375 0.5078125
vt 0.3978621 0.5100642
vt 0.4198457 0.5167329
vt 0.4401059 0.5275621
vt 0.4578641 0.542136
vt 0.4724379 0.5598941
vt 0.4832671 0.5801543
vt 0.4899358 0.6021379
vt 0.4921875 0.625
vt 0.3926189 0.6285046
vt 0.3916018 0.6318767
vt 0.3899449 0.6349858
vt 0.3877107 0.6377107
vt 0.3849858 0.6399449
vt 0.3818767 0.6416018
vt 0.3785046 0.6426189
vt 0.375 0.6429608
vt 0.4102704 0.6320157
vt 0.4082327 0.6387655
vt 0.4049148 0.6449884
vt 0.4004423 0.6504424
vt 0.3949884 0.6549148
vt 0.3887655 0.6582327
vt 0.3820157 0.6602704
vt 0.375 0.6609559
vt 0.4274737 0.6354377
vt 0.4244399 0.6454787
vt 0.4195023 0.6547354
vt 0.4128484 0.6628484
vt 0.4047354 0.6695023
vt 0.3954787 0.6744399
vt 0.3854377 0.6774737
vt 0.375 0.678495
vt 0.4437478 0.6386748
vt 0.4397703 0.6518288
vt 0.4332997 0.6639546
vt 0.4245822 0.6745822
vt 0.4139546 0.6832997
vt 0.4018287 0.6897703
vt 0.3886748 0.6937479
vt 0.375 0.6950877
vt 0.458612 0.6416315
vt 0.4537712 0.6576281
vt 0.4458995 0.6723735
vt 0.4352973 0.6852974
vt 0.4223735 0.6958995
vt 0.4076281 0.7037712
vt 0.3916315 0.708612
vt 0.375 0.7102436
vt 0.4715853 0.644212
vt 0.4659895 0.6626891
vt 0.4568942 0.6797199
vt 0.4446471 0.6946471
vt 0.4297199 0.7068942
vt 0.4126891 0.7159896
vt 0.394212 0.7215853
vt 0.375 0.7234725
vt 0.4821869 0.6463208
vt 0.4759725 0.6668242
vt 0.4658761 0.6857215
vt 0.4522848 0.7022849
vt 0.4357215 0.7158762
vt 0.4168241 0.7259725
vt 0.3963208 0.7321869
vt 0.375 0.7342839
vt 0.4899358 0.6478622
vt 0.4832671 0.6698457
vt 0.4724378 0.6901059
vt 0.457864 0.7078641
vt 0.4401059 0.7224379
vt 0.4198457 0.7332672
vt 0.3978622 0.7399358
vt 0.375 0.7421875
vt 0.3570392 0.625
vt 0.3573811 0.6285046
vt 0.3583982 0.6318767
vt 0.3600551 0.6349858
vt 0.3622893 0.6377107
vt 0.3650142 0.6399449
vt 0.3681233 0.6416018
vt 0.3714954 0.6426189
vt 0.3390441 0.625
vt 0.3397296 0.6320157
vt 0.3417673 0.6387655
vt 0.3450852 0.6449884
vt 0.3495577 0.6504424
vt 0.3550116 0.6549148
vt 0.3612345 0.6582327
vt 0.3679843 0.6602704
vt 0.321505 0.625
vt 0.3225263 0.6354377
vt 0.3255601 0.6454787
vt 0.3304977 0.6547354
vt 0.3371516 0.6628484
vt 0.3452646 0.6695023
vt 0.3545213 0.6744399
vt 0.3645623 0.6774737
vt 0.3049123 0.625
vt 0.3062522 0.6386748
vt 0.3102297 0.6518288
vt 0.3167003 0.6639546
vt 0.3254178 0.6745822
vt 0.3360454 0.6832997
vt 0.3481713 0.6897703
vt 0.3613252 0.6937479
vt 0.2897564 0.625
vt 0.291388 0.6416315
vt 0.2962288 0.6576281
vt 0.3041005 0.6723735
vt 0.3147027 0.6852974
vt 0.3276265 0.6958995
vt 0.3423719 0.7037712
vt 0.3583685 0.708612
vt 0.2765275 0.625
vt 0.2784147 0.644212
vt 0.2840105 0.6626891
vt 0.2931058 0.6797199
vt 0.3053529 0.6946471
vt 0.3202801 0.7068942
vt 0.3373109 0.7159896
vt 0.355788 0.7215853
vt 0.2657161 0.625
vt 0.2678131 0.6463208
vt 0.2740275 0.6668242
vt 0.2841239 0.6857215
vt 0.2977152 0.7022849
vt 0.3142785 0.7158762
vt 0.3331759 0.7259725
vt 0.3536792 0.7321869
vt 0.2578125 0.625
vt 0.2600642 0.6478622
vt 0.2667329 0.6698457
vt 0.2775622 0.6901059
vt 0.292136 0.7078641
vt 0.3098941 0.7224379
vt 0.3301543 0.7332672
vt 0.3521378 0.7399358
vt 0.3714954 0.6073811
vt 0.3681233 0.6083982
vt 0.3650142 0.6100551
vt 0.3622893 0.6122893
vt 0.3600551 0.6150142
vt 0.3583982 0.6181233
vt 0.3573811 0.6214954
vt 0.3679843 0.5897296
vt 0.3612345 0.5917673
vt 0.3550116 0.5950852
vt 0.3495577 0.5995576
vt 0.3450852 0.6050116
vt 0.3417673 0.6112345
vt 0.3397296 0.6179843
vt 0.3645623 0.5725263
vt 0.3545213 0.5755601
vt 0.3452646 0.5804977
vt 0.3371516 0.5871516
vt 0.3304977 0.5952646
vt 0.3255601 0.6045213
vt 0.3225263 0.6145623
vt 0.3613252 0.5562522
vt 0.3481712 0.5602297
vt 0.3360454 0.5667003
vt 0.3254178 0.5754178
vt 0.3167003 0.5860454
vt 0.3102297 0.5981712
vt 0.3062522 0.6113252
vt 0.3583685 0.541388
vt 0.3423719 0.5462288
vt 0.3276265 0.5541005
vt 0.3147027 0.5647026
vt 0.3041005 0.5776265
vt 0.2962288 0.5923719
vt 0.291388 0.6083685
vt 0.355788 0.5284147
vt 0.3373109 0.5340105
vt 0.32028 0.5431058
vt 0.3053529 0.5553529
vt 0.2931058 0.5702801
vt 0.2840104 0.5873109
vt 0.2784147 0.605788
vt 0.3536792 0.5178131
vt 0.3331758 0.5240275
vt 0.3142785 0.5341239
vt 0.2977152 0.5477152
vt 0.2841238 0.5642785
vt 0.2740275 0.5831758
vt 0.2678131 0.6036792
vt 0.3521379 0.5100642
vt 0.3301543 0.5167329
vt 0.3098941 0.5275621
vt 0.2921359 0.542136
vt 0.2775621 0.5598941
vt 0.2667329 0.5801543
vt 0.2600642 0.6021379
vt 0.625 0.6069711
vt 0.6285173 0.6073176
vt 0.6318994 0.6083435
vt 0.6350163 0.6100096
vt 0.6377483 0.6122516
vt 0.6399904 0.6149837
vt 0.6416565 0.6181006
vt 0.6426824 0.6214827
vt 0.6430289 0.625
vt 0.625 0.5974756
vt 0.6303695 0.5980054
vt 0.6355321 0.5995731
vt 0.6402897 0.6021174
vt 0.6444597 0.6055403
vt 0.6478826 0.6097103
vt 0.6504268 0.6144679
vt 0.6519946 0.6196305
vt 0.6525244 0.625
vt 0.625 0.584938
vt 0.6328156 0.5857084
vt 0.6403304 0.5879891
vt 0.6472559 0.5916917
vt 0.6533262 0.5966738
vt 0.6583083 0.6027441
vt 0.6620109 0.6096696
vt 0.6642916 0.6171844
vt 0.665062 0.625
vt 0.625 0.5704653
vt 0.6356393 0.5715126
vt 0.6458701 0.5746151
vt 0.6552991 0.5796542
vt 0.6635635 0.5864364
vt 0.6703458 0.5947009
vt 0.6753849 0.6041299
vt 0.6784874 0.6143607
vt 0.6795347 0.625
vt 0.625 0.5551642
vt 0.6386247 0.5565041
vt 0.6517271 0.5604752
vt 0.663803 0.5669272
vt 0.6743875 0.5756125
vt 0.6830729 0.586197
vt 0.6895248 0.5982729
vt 0.6934959 0.6113753
vt 0.6948358 0.625
vt 0.625 0.5401416
vt 0.6415557 0.5417689
vt 0.6574772 0.5465931
vt 0.6721518 0.5544324
vt 0.6850138 0.5649862
vt 0.6955676 0.5778483
vt 0.7034069 0.5925228
vt 0.7082311 0.6084443
vt 0.7098584 0.625
vt 0.625 0.5265042
vt 0.6442163 0.5283931
vt 0.6626964 0.5339928
vt 0.6797292 0.543092
vt 0.6946582 0.5553418
vt 0.706908 0.5702708
vt 0.7160072 0.5873036
vt 0.7216069 0.6057837
vt 0.7234958 0.625
vt 0.625 0.5153589
vt 0.6463904 0.5174629
vt 0.6669607 0.5236981
vt 0.6859193 0.5338279
vt 0.7025363 0.5474637
vt 0.7161721 0.5640808
vt 0.7263019 0.5830394
vt 0.7325372 0.6036096
vt 0.7346411 0.625
vt 0.625 0.5078125
vt 0.6478621 0.5100642
vt 0.6698457 0.5167329
vt 0.6901059 0.5275621
vt 0.707864 0.542136
vt 0.7224379 0.5598941
vt 0.7332671 0.5801543
vt 0.7399358 0.6021379
vt 0.7421875 0.625
vt 0.6426824 0.6285173
vt 0.6416565 0.6318994
vt 0.6399904 0.6350163
vt 0.6377483 0.6377484
vt 0.6350163 0.6399904
vt 0.6318994 0.6416565
vt 0.6285173 0.6426824
vt 0.625 0.6430289
vt 0.6519945 0.6303695
vt 0.6504268 0.6355321
vt 0.6478826 0.6402897
vt 0.6444597 0.6444597
vt 0.6402896 0.6478826
vt 0.6355321 0.6504269
vt 0.6303695 0.6519946
vt 0.625 0.6525244
vt 0.6642916 0.6328156
vt 0.6620109 0.6403304
vt 0.6583083 0.6472559
vt 0.6533262 0.6533263
vt 0.6472559 0.6583083
vt 0.6403304 0.6620109
vt 0.6328156 0.6642916
vt 0.625 0.665062
vt 0.6784874 0.6356393
vt 0.6753849 0.6458701
vt 0.6703458 0.6552991
vt 0.6635635 0.6635636
vt 0.6552991 0.6703458
vt 0.6458701 0.6753849
vt 0.6356393 0.6784874
vt 0.625 0.6795347
vt 0.6934959 0.6386247
vt 0.6895248 0.6517271
vt 0.6830729 0.663803
vt 0.6743875 0.6743875
vt 0.663803 0.6830729
vt 0.651727 0.6895248
vt 0.6386247 0.6934959
vt 0.625 0.6948358
vt 0.7082311 0.6415557
vt 0.7034069 0.6574772
vt 0.6955676 0.6721518
vt 0.6850138 0.6850138
vt 0.6721517 0.6955676
vt 0.6574772 0.7034069
vt 0.6415557 0.7082311
vt 0.625 0.7098584
vt 0.7216069 0.6442163
vt 0.7160072 0.6626964
vt 0.706908 0.6797292
vt 0.6946582 0.6946582
vt 0.6797292 0.706908
vt 0.6626964 0.7160072
vt 0.6442163 0.7216069
vt 0.625 0.7234958
vt 0.7325371 0.6463904
vt 0.7263019 0.6669606
vt 0.7161721 0.6859193
vt 0.7025363 0.7025363
vt 0.6859192 0.7161721
vt 0.6669606 0.7263019
vt 0.6463905 0.7325372
vt 0.625 0.7346411
vt 0.7399358 0.6478622
vt 0.7332671 0.6698457
vt 0.7224379 0.6901059
vt 0.707864 0.7078641
vt 0.6901059 0.7224379
vt 0.6698457 0.7332672
vt 0.6478621 0.7399358
vt 0.625 0.7421875
vt 0.6069711 0.625
vt 0.6073176 0.6285173
vt 0.6083435 0.6318994
vt 0.6100096 0.6350163
vt 0.6122517 0.6377484
vt 0.6149837 0.6399904
vt 0.6181006 0.6416565
vt 0.6214827 0.6426824
vt 0.5974756 0.625
vt 0.5980055 0.6303695
vt 0.5995732 0.6355321
vt 0.6021174 0.6402897
vt 0.6055403 0.6444597
vt 0.6097104 0.6478826
vt 0.6144679 0.6504269
vt 0.6196305 0.6519946
vt 0.584938 0.625
vt 0.5857084 0.6328156
vt 0.5879891 0.6403304
vt 0.5916917 0.6472559
vt 0.5966738 0.6533263
vt 0.6027441 0.6583083
vt 0.6096696 0.6620109
vt 0.6171844 0.6642916
vt 0.5704653 0.625
vt 0.5715126 0.6356393
vt 0.5746151 0.6458701
vt 0.5796542 0.6552991
vt 0.5864365 0.6635636
vt 0.5947009 0.6703458
vt 0.6041299 0.6753849
vt 0.6143607 0.6784874
vt 0.5551642 0.625
vt 0.5565041 0.6386247
vt 0.5604752 0.6517271
vt 0.5669271 0.663803
vt 0.5756125 0.6743875
vt 0.586197 0.6830729
vt 0.598273 0.6895248
vt 0.6113753 0.6934959
vt 0.5401416 0.625
vt 0.5417689 0.6415557
vt 0.5465931 0.6574772
vt 0.5544324 0.6721518
vt 0.5649862 0.6850138
vt 0.5778483 0.6955676
vt 0.5925228 0.7034069
vt 0.6084443 0.7082311
vt 0.5265042 0.625
vt 0.5283931 0.6442163
vt 0.5339928 0.6626964
vt 0.543092 0.6797292
vt 0.5553418 0.6946582
vt 0.5702708 0.706908
vt 0.5873036 0.7160072
vt 0.6057837 0.7216069
vt 0.5153589 0.625
vt 0.5174629 0.6463904
vt 0.5236981 0.6669606
vt 0.5338279 0.6859193
vt 0.5474637 0.7025363
vt 0.5640808 0.7161721
vt 0.5830394 0.7263019
vt 0.6036095 0.7325372
vt 0.5078125 0.625
vt 0.5100642 0.6478622
vt 0.5167329 0.6698457
vt 0.5275621 0.6901059
vt 0.542136 0.7078641
vt 0.5598941 0.7224379
vt 0.5801543 0.7332672
vt 0.6021379 0.7399358
vt 0.6214827 0.6073176
vt 0.6181006 0.6083435
vt 0.6149837 0.6100096
vt 0.6122517 0.6122516
vt 0.6100096 0.6149837
vt 0.6083435 0.6181006
vt 0.6073176 0.6214827
vt 0.6196305 0.5980054
vt 0.6144679 0.5995731
vt 0.6097103 0.6021174
vt 0.6055403 0.6055403
vt 0.6021174 0.6097103
vt 0.5995732 0.6144679
vt 0.5980054 0.6196305
vt 0.6171844 0.5857084
vt 0.6096696 0.5879891
vt 0.6027441 0.5916917
vt 0.5966738 0.5966738
vt 0.5916917 0.6027441
vt 0.5879891 0.6096696
vt 0.5857084 0.6171844
vt 0.6143607 0.5715126
vt 0.6041299 0.5746151
vt 0.5947009 0.5796542
vt 0.5864365 0.5864364
vt 0.5796542 0.5947009
vt 0.5746151 0.6041299
vt 0.5715126 0.6143607
vt 0.6113753 0.5565041
vt 0.5982729 0.5604752
vt 0.586197 0.5669272
vt 0.5756125 0.5756125
vt 0.5669271 0.586197
vt 0.5604752 0.5982729
vt 0.5565041 0.6113753
vt 0.6084443 0.5417689
vt 0.5925228 0.5465931
vt 0.5778482 0.5544324
vt 0.5649862 0.5649862
vt 0.5544324 0.5778483
vt 0.5465931 0.5925228
vt 0.5417689 0.6084443
vt 0.6057837 0.5283931
vt 0.5873036 0.5339928
vt 0.5702708 0.543092
vt 0.5553418 0.5553418
vt 0.543092 0.5702708
vt 0.5339928 0.5873036
vt 0.5283931 0.6057837
vt 0.6036096 0.5174629
vt 0.5830393 0.5236981
vt 0.5640807 0.5338279
vt 0.5474637 0.5474637
vt 0.5338279 0.5640808
vt 0.5236981 0.5830394
vt 0.5174628 0.6036096
vt 0.6021379 0.5100642
vt 0.5801543 0.5167329
vt 0.5598941 0.5275621
vt 0.542136 0.542136
vt 0.5275621 0.5598941
vt 0.5167329 0.5801543
vt 0.5100642 0.6021379
vt 0 0.25
vt 0.03125 0.25
vt 0.0625 0.25
vt 0.09375 0.25
vt 0.125 0.25
vt 0.15625 0.25
vt 0.1875 0.25
vt 0.21875 0.25
vt 0.25 0.25
vt 0 0.2458022
vt 0.03125 0.2458027
vt 0.0625 0.2458036
vt 0.09375 0.2458042
vt 0.125 0.2458044
vt 0.15625 0.2458042
vt 0.1875 0.2458036
vt 0.21875 0.2458027
vt 0.25 0.2458022
vt 0 0.2419882
vt 0.03125 0.2419888
vt 0.0625 0.2419898
vt 0.09375 0.2419905
vt 0.125 0.2419908
vt 0.15625 0.2419905
vt 0.1875 0.2419898
vt 0.21875 0.2419888
vt 0.25 0.2419882
vt 0 0.2384301
vt 0.03125 0.2384305
vt 0.0625 0.2384312
vt 0.09375 0.2384316
vt 0.125 0.2384318
vt 0.15625 0.2384316
vt 0.1875 0.2384312
vt 0.21875 0.2384305
vt 0.25 0.2384301
vt 0 0.235
vt 0.03125 0.235
vt 0.0625 0.235
vt 0.09375 0.235
vt 0.125 0.235
vt 0.15625 0.235
vt 0.1875 0.235
vt 0.21875 0.235
vt 0.25 0.235
vt 0 0.2315699
vt 0.03125 0.2315695
vt 0.0625 0.2315689
vt 0.09375 0.2315685
vt 0.125 0.2315683
vt 0.15625 0.2315685
vt 0.1875 0.2315689
vt 0.21875 0.2315695
vt 0.25 0.2315699
vt 0 0.2280118
vt 0.03125 0.2280112
vt 0.0625 0.2280102
vt 0.09375 0.2280095
vt 0.125 0.2280092
vt 0.15625 0.2280095
vt 0.1875 0.2280102
vt 0.21875 0.2280112
vt 0.25 0.2280118
vt 0 0.2241979
vt 0.03125 0.2241973
vt 0.0625 0.2241964
vt 0.09375 0.2241958
vt 0.125 0.2241956
vt 0.15625 0.2241958
vt 0.1875 0.2241964
vt 0.21875 0.2241973
vt 0.25 0.2241979
vt 0 0.22
vt 0.03125 0.22
vt 0.0625 0.22
vt 0.09375 0.22
vt 0.125 0.22
vt 0.15625 0.22
vt 0.1875 0.22
vt 0.21875 0.22
vt 0.25 0.22
vt 0.28125 0.25
vt 0.3125 0.25
vt 0.34375 0.25
vt 0.375 0.25
vt 0.40625 0.25
vt 0.4375 0.25
vt 0.46875 0.25
vt 0.5 0.25
vt 0.28125 0.2458027
vt 0.3125 0.2458036
vt 0.34375 0.2458042
vt 0.375 0.2458044
vt 0.40625 0.2458042
vt 0.4375 0.2458036
vt 0.46875 0.2458027
vt 0.5 0.2458022
vt 0.28125 0.2419888
vt 0.3125 0.2419898
vt 0.34375 0.2419905
vt 0.375 0.2419908
vt 0.40625 0.2419905
vt 0.4375 0.2419898
vt 0.46875 0.2419888
vt 0.5 0.2419882
vt 0.28125 0.2384305
vt 0.3125 0.2384312
vt 0.34375 0.2384316
vt 0.375 0.2384318
vt 0.40625 0.2384316
vt 0.4375 0.2384312
vt 0.46875 0.2384305
vt 0.5 0.2384301
vt 0.28125 0.235
vt 0.3125 0.235
vt 0.34375 0.235
vt 0.375 0.235
vt 0.40625 0.235
vt 0.4375 0.235
vt 0.46875 0.235
vt 0.5 0.235
vt 0.28125 0.2315695
vt 0.3125 0.2315689
vt 0.34375 0.2315685
vt 0.375 0.2315683
vt 0.40625 0.2315685
vt 0.4375 0.2315689
vt 0.46875 0.2315695
vt 0.5 0.2315699
vt 0.28125 0.2280112
vt 0.3125 0.2280102
vt 0.34375 0.2280095
vt 0.375 0.2280092
vt 0.40625 0.2280095
vt 0.4375 0.2280102
vt 0.46875 0.2280112
vt 0.5 0.2280118
vt 0.28125 0.2241973
vt 0.3125 0.2241964
vt 0.34375 0.2241958
vt 0.375 0.2241956
vt 0.40625 0.2241958
vt 0.4375 0.2241964
vt 0.46875 0.2241973
vt 0.5 0.2241979
vt 0.28125 0.22
vt 0.3125 0.22
vt 0.34375 0.22
vt 0.375 0.22
vt 0.40625 0.22
vt 0.4375 0.22
vt 0.46875 0.22
vt 0.5 0.22
vt 0.75 0.25
vt 0.71875 0.25
vt 0.6875 0.25
vt 0.65625 0.25
vt 0.625 0.25
vt 0.59375 0.25
vt 0.5625 0.25
vt 0.53125 0.25
vt 0.75 0.2458022
vt 0.71875 0.2458027
vt 0.6875 0.2458036
vt 0.65625 0.2458042
vt 0.625 0.2458044
vt 0.59375 0.2458042
vt 0.5625 0.2458036
vt 0.53125 0.2458027
vt 0.75 0.2419882
vt 0.71875 0.2419888
vt 0.6875 0.2419898
vt 0.65625 0.2419905
vt 0.625 0.2419908
vt 0.59375 0.2419905
vt 0.5625 0.2419898
vt 0.53125 0.2419888
vt 0.75 0.2384301
vt 0.71875 0.2384305
vt 0.6875 0.2384312
vt 0.65625 0.2384316
vt 0.625 0.2384318
vt 0.59375 0.2384316
vt 0.5625 0.2384312
vt 0.53125 0.2384305
vt 0.75 0.235
vt 0.71875 0.235
vt 0.6875 0.235
vt 0.65625 0.235
vt 0.625 0.235
vt 0.59375 0.235
vt 0.5625 0.235
vt 0.53125 0.235
vt 0.75 0.2315699
vt 0.71875 0.2315695
vt 0.6875 0.2315689
vt 0.65625 0.2315685
vt 0.625 0.2315683
vt 0.59375 0.2315685
vt 0.5625 0.2315689
vt 0.53125 0.2315695
vt 0.75 0.2280118
vt 0.71875 0.2280112
vt 0.6875 0.2280102
vt 0.65625 0.2280095
vt 0.625 0.2280092
vt 0.59375 0.2280095
vt 0.5625 0.2280102
vt 0.53125 0.2280112
vt 0.75 0.2241979
vt 0.71875 0.2241973
vt 0.6875 0.2241964
vt 0.65625 0.2241958
vt 0.625 0.2241956
vt 0.59375 0.2241958
vt 0.5625 0.2241964
vt 0.53125 0.2241973
vt 0.75 0.22
vt 0.71875 0.22
vt 0.6875 0.22
vt 0.65625 0.22
vt 0.625 0.22
vt 0.59375 0.22
vt 0.5625 0.22
vt 0.53125 0.22
vt 1 0.25
vt 0.96875 0.25
vt 0.9375 0.25
vt 0.90625 0.25
vt 0.875 0.25
vt 0.84375 0.25
vt 0.8125 0.25
vt 0.78125 0.25
vt 1 0.2458022
vt 0.96875 0.2458027
vt 0.9375 0.2458036
vt 0.90625 0.2458042
vt 0.875 0.2458044
vt 0.84375 0.2458042
vt 0.8125 0.2458036
vt 0.78125 0.2458027
vt 1 0.2419882
vt 0.96875 0.2419888
vt 0.9375 0.2419898
vt 0.90625 0.2419905
vt 0.875 0.2419908
vt 0.84375 0.2419905
vt 0.8125 0.2419898
vt 0.78125 0.2419888
vt 1 0.2384301
vt 0.96875 0.2384305
vt 0.9375 0.2384312
vt 0.90625 0.2384316
vt 0.875 0.2384318
vt 0.84375 0.2384316
vt 0.8125 0.2384312
vt 0.78125 0.2384305
vt 1 0.235
vt 0.96875 0.235
vt 0.9375 0.235
vt 0.90625 0.235
vt 0.875 0.235
vt 0.84375 0.235
vt 0.8125 0.235
vt 0.78125 0.235
vt 1 0.2315699
vt 0.96875 0.2315695
vt 0.9375 0.2315689
vt 0.90625 0.2315685
vt 0.875 0.2315683
vt 0.84375 0.2315685
vt 0.8125 0.2315689
vt 0.78125 0.2315695
vt 1 0.2280118
vt 0.96875 0.2280112
vt 0.9375 0.2280102
vt 0.90625 0.2280095
vt 0.875 0.2280092
vt 0.84375 0.2280095
vt 0.8125 0.2280102
vt 0.78125 0.2280112
vt 1 0.2241979
vt 0.96875 0.2241973
vt 0.9375 0.2241964
vt 0.90625 0.2241958
vt 0.875 0.2241956
vt 0.84375 0.2241958
vt 0.8125 0.2241964
vt 0.78125 0.2241973
vt 1 0.22
vt 0.96875 0.22
vt 0.9375 0.22
vt 0.90625 0.22
vt 0.875 0.22
vt 0.84375 0.22
vt 0.8125 0.22
vt 0.78125 0.22
vt 0.03125 0.2019836
vt 0.0625 0.2019827
vt 0.09375 0.2019821
vt 0.125 0.2019818
vt 0.15625 0.2019821
vt 0.1875 0.2019827
vt 0.21875 0.2019836
vt 0.25 0.2019842
vt 0.03125 0.184076
vt 0.0625 0.1840742
vt 0.09375 0.184073
vt 0.125 0.1840725
vt 0.15625 0.184073
vt 0.1875 0.1840742
vt 0.21875 0.184076
vt 0.25 0.184077
vt 0 0.1663871
vt 0.03125 0.1663857
vt 0.0625 0.1663833
vt 0.09375 0.1663815
vt 0.125 0.1663809
vt 0.15625 0.1663815
vt 0.1875 0.1663833
vt 0.21875 0.1663857
vt 0.25 0.1663871
vt 0 0.1490232
vt 0.03125 0.1490215
vt 0.0625 0.1490188
vt 0.09375 0.1490167
vt 0.125 0.149016
vt 0.15625 0.1490167
vt 0.1875 0.1490188
vt 0.21875 0.1490215
vt 0.25 0.1490232
vt 0 0.1320938
vt 0.03125 0.1320921
vt 0.0625 0.1320893
vt 0.09375 0.1320873
vt 0.125 0.1320865
vt 0.15625 0.1320872
vt 0.1875 0.1320893
vt 0.21875 0.1320921
vt 0.25 0.1320938
vt 0 0.1157078
vt 0.03125 0.1157063
vt 0.0625 0.1157039
vt 0.09375 0.1157021
vt 0.125 0.1157014
vt 0.15625 0.1157021
vt 0.1875 0.1157039
vt 0.21875 0.1157063
vt 0.25 0.1157078
vt 0 0.09997362
vt 0.03125 0.09997267
vt 0.0625 0.09997118
vt 0.09375 0.09997004
vt 0.125 0.09996963
vt 0.15625 0.09997004
vt 0.1875 0.09997118
vt 0.21875 0.09997267
vt 0.25 0.09997362
vt 0.03125 0.08499998
vt 0.0625 0.08499998
vt 0.09375 0.08499998
vt 0.125 0.08499998
vt 0.15625 0.08499998
vt 0.1875 0.08499998
vt 0.21875 0.08499998
vt 0.25 0.08499998
vt 0 0.2092897
vt 0.01066433 0.208224
vt 0.01867452 0.2051637
vt 0.02209966 0.2019838
vt 0.02371722 0.200375
vt 0.02509036 0.1944629
vt 0.02292421 0.1885498
vt 0.01795459 0.1840764
vt 0.01763096 0.1837679
vt 0.009975401 0.1807332
vt 0 0.1796798
vt 0 0.09182182
vt 0.008351472 0.09029286
vt 0.01477649 0.08691648
vt 0.01639463 0.08499998
vt 0.28125 0.2019836
vt 0.3125 0.2019827
vt 0.34375 0.2019821
vt 0.375 0.2019818
vt 0.40625 0.2019821
vt 0.4375 0.2019827
vt 0.46875 0.2019836
vt 0.5 0.2019842
vt 0.28125 0.184076
vt 0.3125 0.1840742
vt 0.34375 0.184073
vt 0.375 0.1840725
vt 0.40625 0.184073
vt 0.4375 0.1840742
vt 0.46875 0.184076
vt 0.5 0.184077
vt 0.28125 0.1663857
vt 0.3125 0.1663833
vt 0.34375 0.1663815
vt 0.375 0.1663809
vt 0.40625 0.1663815
vt 0.4375 0.1663833
vt 0.46875 0.1663857
vt 0.5 0.1663871
vt 0.28125 0.1490215
vt 0.3125 0.1490188
vt 0.34375 0.1490167
vt 0.375 0.149016
vt 0.40625 0.1490167
vt 0.4375 0.1490188
vt 0.46875 0.1490215
vt 0.5 0.1490232
vt 0.28125 0.1320921
vt 0.3125 0.1320893
vt 0.34375 0.1320873
vt 0.375 0.1320865
vt 0.40625 0.1320872
vt 0.4375 0.1320893
vt 0.46875 0.1320921
vt 0.28125 0.1157063
vt 0.3125 0.1157039
vt 0.34375 0.1157021
vt 0.375 0.1157014
vt 0.40625 0.1157021
vt 0.4375 0.1157039
vt 0.28125 0.09997267
vt 0.3125 0.09997118
vt 0.34375 0.09997004
vt 0.375 0.09996963
vt 0.40625 0.09997004
vt 0.4375 0.09997118
vt 0.28125 0.08499998
vt 0.3125 0.08499998
vt 0.34375 0.08499998
vt 0.375 0.08499998
vt 0.40625 0.08499998
vt 0.4375 0.08499998
vt 0.5 0.1368888
vt 0.4817667 0.1335634
vt 0.4794692 0.1320927
vt 0.4687947 0.1250675
vt 0.46875 0.1249967
vt 0.4627331 0.1157059
vt 0.4609719 0.1130094
vt 0.4588034 0.09997219
vt 0.4587308 0.09959561
vt 0.4616592 0.08646617
vt 0.4627714 0.08499998
vt 0.75 0.2019842
vt 0.71875 0.2019836
vt 0.6875 0.2019827
vt 0.65625 0.2019821
vt 0.625 0.2019818
vt 0.59375 0.2019821
vt 0.5625 0.2019827
vt 0.53125 0.2019836
vt 0.75 0.184077
vt 0.71875 0.184076
vt 0.6875 0.1840742
vt 0.65625 0.184073
vt 0.625 0.1840725
vt 0.59375 0.184073
vt 0.5625 0.1840742
vt 0.53125 0.184076
vt 0.75 0.1663871
vt 0.71875 0.1663857
vt 0.6875 0.1663833
vt 0.65625 0.1663815
vt 0.625 0.1663809
vt 0.59375 0.1663815
vt 0.5625 0.1663833
vt 0.53125 0.1663857
vt 0.75 0.1490232
vt 0.71875 0.1490215
vt 0.6875 0.1490188
vt 0.65625 0.1490167
vt 0.625 0.149016
vt 0.59375 0.1490167
vt 0.5625 0.1490188
vt 0.53125 0.1490215
vt 0.75 0.1320938
vt 0.71875 0.1320921
vt 0.6875 0.1320893
vt 0.65625 0.1320873
vt 0.625 0.1320865
vt 0.59375 0.1320872
vt 0.5625 0.1320893
vt 0.53125 0.1320921
vt 0.75 0.1157078
vt 0.71875 0.1157063
vt 0.6875 0.1157039
vt 0.65625 0.1157021
vt 0.625 0.1157014
vt 0.59375 0.1157021
vt 0.5625 0.1157039
vt 0.75 0.09997362
vt 0.71875 0.09997267
vt 0.6875 0.09997118
vt 0.65625 0.09997004
vt 0.625 0.09996963
vt 0.59375 0.09997004
vt 0.5625 0.09997118
vt 0.75 0.08499998
vt 0.71875 0.08499998
vt 0.6875 0.08499998
vt 0.65625 0.08499998
vt 0.625 0.08499998
vt 0.59375 0.08499998
vt 0.5625 0.08499998
vt 0.5182333 0.1335634
vt 0.5205308 0.1320927
vt 0.5312053 0.1250675
vt 0.53125 0.1249967
vt 0.537267 0.1157059
vt 0.539028 0.1130094
vt 0.5411966 0.09997219
vt 0.5412692 0.09959561
vt 0.5383408 0.08646617
vt 0.5372286 0.08499998
vt 0.96875 0.2019836
vt 0.9375 0.2019827
vt 0.90625 0.2019821
vt 0.875 0.2019818
vt 0.84375 0.2019821
vt 0.8125 0.2019827
vt 0.78125 0.2019836
vt 0.96875 0.184076
vt 0.9375 0.1840742
vt 0.90625 0.184073
vt 0.875 0.1840725
vt 0.84375 0.184073
vt 0.8125 0.1840742
vt 0.78125 0.184076
vt 1 0.1663871
vt 0.96875 0.1663857
vt 0.9375 0.1663833
vt 0.90625 0.1663815
vt 0.875 0.1663809
vt 0.84375 0.1663815
vt 0.8125 0.1663833
vt 0.78125 0.1663857
vt 1 0.1490232
vt 0.96875 0.1490215
vt 0.9375 0.1490188
vt 0.90625 0.1490167
vt 0.875 0.149016
vt 0.84375 0.1490167
vt 0.8125 0.1490188
vt 0.78125 0.1490215
vt 1 0.1320938
vt 0.96875 0.1320921
vt 0.9375 0.1320893
vt 0.90625 0.1320873
vt 0.875 0.1320865
vt 0.84375 0.1320872
vt 0.8125 0.1320893
vt 0.78125 0.1320921
vt 1 0.1157078
vt 0.96875 0.1157063
vt 0.9375 0.1157039
vt 0.90625 0.1157021
vt 0.875 0.1157014
vt 0.84375 0.1157021
vt 0.8125 0.1157039
vt 0.78125 0.1157063
vt 1 0.09997362
vt 0.96875 0.09997267
vt 0.9375 0.09997118
vt 0.90625 0.09997004
vt 0.875 0.09996963
vt 0.84375 0.09997004
vt 0.8125 0.09997118
vt 0.78125 0.09997267
vt 0.96875 0.08499998
vt 0.9375 0.08499998
vt 0.90625 0.08499998
vt 0.875 0.08499998
vt 0.84375 0.08499998
vt 0.8125 0.08499998
vt 0.78125 0.08499998
vt 1 0.2092897
vt 0.9893357 0.208224
vt 0.9813254 0.2051637
vt 0.9779003 0.2019838
vt 0.9762828 0.200375
vt 0.9749097 0.1944629
vt 0.9770758 0.1885498
vt 0.9820454 0.1840764
vt 0.9823691 0.1837679
vt 0.9900246 0.1807332
vt 1 0.1796798
vt 1 0.09182182
vt 0.9916486 0.09029286
vt 0.9852235 0.08691648
vt 0.9836054 0.08499998
vt 0.03125 0.07021099
vt 0.0625 0.07021683
vt 0.09375 0.07022113
vt 0.125 0.07022268
vt 0.15625 0.07022113
vt 0.1875 0.07021683
vt 0.21875 0.07021099
vt 0.25 0.07020742
vt 0.03125 0.05588686
vt 0.0625 0.05589515
vt 0.09375 0.05590129
vt 0.125 0.05590343
vt 0.15625 0.05590129
vt 0.1875 0.05589515
vt 0.21875 0.05588686
vt 0.25 0.0558818
vt 0 0.04238498
vt 0.03125 0.04238999
vt 0.0625 0.04239821
vt 0.09375 0.04240429
vt 0.125 0.04240644
vt 0.15625 0.04240429
vt 0.1875 0.04239821
vt 0.21875 0.04238999
vt 0.25 0.04238498
vt 0 0.03007883
vt 0.03125 0.03008282
vt 0.0625 0.03008932
vt 0.09375 0.03009415
vt 0.125 0.03009582
vt 0.15625 0.03009415
vt 0.1875 0.03008932
vt 0.21875 0.03008282
vt 0.25 0.03007883
vt 0 0.01932538
vt 0.03125 0.01932782
vt 0.0625 0.01933181
vt 0.09375 0.01933473
vt 0.125 0.01933575
vt 0.15625 0.01933473
vt 0.1875 0.01933181
vt 0.21875 0.01932782
vt 0.25 0.01932538
vt 0 0.01048648
vt 0.03125 0.01048738
vt 0.0625 0.01048887
vt 0.09375 0.01048994
vt 0.125 0.0104903
vt 0.15625 0.01048994
vt 0.1875 0.01048887
vt 0.21875 0.01048738
vt 0.25 0.01048648
vt 0 0.003924072
vt 0.03125 0.003923953
vt 0.0625 0.003923833
vt 0.09375 0.003923714
vt 0.125 0.003923655
vt 0.15625 0.003923714
vt 0.1875 0.003923833
vt 0.21875 0.003923953
vt 0.25 0.003924072
vt 0 0
vt 0.03125 0
vt 0.0625 0
vt 0.09375 0
vt 0.125 0
vt 0.15625 0
vt 0.1875 0
vt 0.21875 0
vt 0.25 0
vt 0.01912385 0.0813944
vt 0.02076914 0.0743517
vt 0.0198937 0.0702097
vt 0.01942685 0.06678541
vt 0.01532806 0.05997739
vt 0.008818646 0.05591281
vt 0.008707201 0.05588321
vt 0 0.05465082
vt 0.28125 0.07021099
vt 0.3125 0.07021683
vt 0.34375 0.07022113
vt 0.375 0.07022268
vt 0.40625 0.07022113
vt 0.4375 0.07021683
vt 0.46875 0.07021099
vt 0.28125 0.05588686
vt 0.3125 0.05589515
vt 0.34375 0.05590129
vt 0.375 0.05590343
vt 0.40625 0.05590129
vt 0.4375 0.05589515
vt 0.46875 0.05588686
vt 0.5 0.0558818
vt 0.28125 0.04238999
vt 0.3125 0.04239821
vt 0.34375 0.04240429
vt 0.375 0.04240644
vt 0.40625 0.04240429
vt 0.4375 0.04239821
vt 0.46875 0.04238999
vt 0.5 0.04238498
vt 0.28125 0.03008282
vt 0.3125 0.03008932
vt 0.34375 0.03009415
vt 0.375 0.03009582
vt 0.40625 0.03009415
vt 0.4375 0.03008932
vt 0.46875 0.03008282
vt 0.5 0.03007883
vt 0.28125 0.01932782
vt 0.3125 0.01933181
vt 0.34375 0.01933473
vt 0.375 0.01933575
vt 0.40625 0.01933473
vt 0.4375 0.01933181
vt 0.46875 0.01932782
vt 0.5 0.01932538
vt 0.28125 0.01048738
vt 0.3125 0.01048887
vt 0.34375 0.01048994
vt 0.375 0.0104903
vt 0.40625 0.01048994
vt 0.4375 0.01048887
vt 0.46875 0.01048738
vt 0.5 0.01048648
vt 0.28125 0.003923953
vt 0.3125 0.003923833
vt 0.34375 0.003923714
vt 0.375 0.003923655
vt 0.40625 0.003923714
vt 0.4375 0.003923833
vt 0.46875 0.003923953
vt 0.5 0.003924072
vt 0.28125 0
vt 0.3125 0
vt 0.34375 0
vt 0.375 0
vt 0.40625 0
vt 0.4375 0
vt 0.46875 0
vt 0.5 0
vt 0.46875 0.07583998
vt 0.4695782 0.07442107
vt 0.4756688 0.0702102
vt 0.4822338 0.06476337
vt 0.5 0.06133194
vt 0.75 0.07020742
vt 0.71875 0.07021099
vt 0.6875 0.07021683
vt 0.65625 0.07022113
vt 0.625 0.07022268
vt 0.59375 0.07022113
vt 0.5625 0.07021683
vt 0.53125 0.07021099
vt 0.75 0.0558818
vt 0.71875 0.05588686
vt 0.6875 0.05589515
vt 0.65625 0.05590129
vt 0.625 0.05590343
vt 0.59375 0.05590129
vt 0.5625 0.05589515
vt 0.53125 0.05588686
vt 0.75 0.04238498
vt 0.71875 0.04238999
vt 0.6875 0.04239821
vt 0.65625 0.04240429
vt 0.625 0.04240644
vt 0.59375 0.04240429
vt 0.5625 0.04239821
vt 0.53125 0.04238999
vt 0.75 0.03007883
vt 0.71875 0.03008282
vt 0.6875 0.03008932
vt 0.65625 0.03009415
vt 0.625 0.03009582
vt 0.59375 0.03009415
vt 0.5625 0.03008932
vt 0.53125 0.03008282
vt 0.75 0.01932538
vt 0.71875 0.01932782
vt 0.6875 0.01933181
vt 0.65625 0.01933473
vt 0.625 0.01933575
vt 0.59375 0.01933473
vt 0.5625 0.01933181
vt 0.53125 0.01932782
vt 0.75 0.01048648
vt 0.71875 0.01048738
vt 0.6875 0.01048887
vt 0.65625 0.01048994
vt 0.625 0.0104903
vt 0.59375 0.01048994
vt 0.5625 0.01048887
vt 0.53125 0.01048738
vt 0.75 0.003924072
vt 0.71875 0.003923953
vt 0.6875 0.003923833
vt 0.65625 0.003923714
vt 0.625 0.003923655
vt 0.59375 0.003923714
vt 0.5625 0.003923833
vt 0.53125 0.003923953
vt 0.75 0
vt 0.71875 0
vt 0.6875 0
vt 0.65625 0
vt 0.625 0
vt 0.59375 0
vt 0.5625 0
vt 0.53125 0
vt 0.53125 0.07583998
vt 0.5304218 0.07442107
vt 0.5243312 0.0702102
vt 0.5177662 0.06476337
vt 0.96875 0.07021099
vt 0.9375 0.07021683
vt 0.90625 0.07022113
vt 0.875 0.07022268
vt 0.84375 0.07022113
vt 0.8125 0.07021683
vt 0.78125 0.07021099
vt 0.96875 0.05588686
vt 0.9375 0.05589515
vt 0.90625 0.05590129
vt 0.875 0.05590343
vt 0.84375 0.05590129
vt 0.8125 0.05589515
vt 0.78125 0.05588686
vt 1 0.04238498
vt 0.96875 0.04238999
vt 0.9375 0.04239821
vt 0.90625 0.04240429
vt 0.875 0.04240644
vt 0.84375 0.04240429
vt 0.8125 0.04239821
vt 0.78125 0.04238999
vt 1 0.03007883
vt 0.96875 0.03008282
vt 0.9375 0.03008932
vt 0.90625 0.03009415
vt 0.875 0.03009582
vt 0.84375 0.03009415
vt 0.8125 0.03008932
vt 0.78125 0.03008282
vt 1 0.01932538
vt 0.96875 0.01932782
vt 0.9375 0.01933181
vt 0.90625 0.01933473
vt 0.875 0.01933575
vt 0.84375 0.01933473
vt 0.8125 0.01933181
vt 0.78125 0.01932782
vt 1 0.01048648
vt 0.96875 0.01048738
vt 0.9375 0.01048887
vt 0.90625 0.01048994
vt 0.875 0.0104903
vt 0.84375 0.01048994
vt 0.8125 0.01048887
vt 0.78125 0.01048738
vt 1 0.003924072
vt 0.96875 0.003923953
vt 0.9375 0.003923833
vt 0.90625 0.003923714
vt 0.875 0.003923655
vt 0.84375 0.003923714
vt 0.8125 0.003923833
vt 0.78125 0.003923953
vt 1 0
vt 0.96875 0
vt 0.9375 0
vt 0.90625 0
vt 0.875 0
vt 0.84375 0
vt 0.8125 0
vt 0.78125 0
vt 0.9808761 0.0813944
vt 0.9792309 0.0743517
vt 0.9801063 0.0702097
vt 0.9805732 0.06678541
vt 0.984672 0.05997739
vt 0.9911814 0.05591281
vt 0.9912928 0.05588321
vt 1 0.05465082
vt 0.125 0.9921875
vt 0.1478622 0.9899358
vt 0.1698457 0.9832671
vt 0.1901059 0.9724379
vt 0.2078641 0.957864
vt 0.2224379 0.9401059
vt 0.2332671 0.9198457
vt 0.2399358 0.8978621
vt 0.2421875 0.875
vt 0.125 0.9892641
vt 0.1472922 0.9870706
vt 0.1687292 0.9805715
vt 0.1884864 0.970014
vt 0.2058034 0.9558035
vt 0.220014 0.9384863
vt 0.2305715 0.9187291
vt 0.2370706 0.8972923
vt 0.2392641 0.875
vt 0.125 0.985113
vt 0.1464828 0.9830011
vt 0.1671425 0.976741
vt 0.1861841 0.9665685
vt 0.2028738 0.9528738
vt 0.2165685 0.9361841
vt 0.226741 0.9171425
vt 0.2330011 0.8964828
vt 0.235113 0.875
vt 0.125 0.978673
vt 0.1452267 0.9766864
vt 0.1646795 0.9707947
vt 0.1826093 0.9612184
vt 0.1983243 0.9483243
vt 0.2112184 0.9326093
vt 0.2207947 0.9146795
vt 0.2266864 0.8952267
vt 0.2286731 0.875
vt 0.125 0.9688832
vt 0.1433169 0.9670854
vt 0.1609338 0.9617519
vt 0.177172 0.9530809
vt 0.1914042 0.9414042
vt 0.2030809 0.9271719
vt 0.2117519 0.9109338
vt 0.2170853 0.8933169
vt 0.2188832 0.875
vt 0.125 0.9546821
vt 0.1405464 0.9531571
vt 0.1554993 0.9486318
vt 0.1692823 0.9412732
vt 0.1813625 0.9313625
vt 0.1912732 0.9192823
vt 0.1986319 0.9054993
vt 0.2031571 0.8905464
vt 0.2046821 0.875
vt 0.125 0.9350086
vt 0.1367081 0.9338608
vt 0.1479697 0.9304537
vt 0.1583503 0.9249123
vt 0.1674485 0.9174485
vt 0.1749123 0.9083503
vt 0.1804537 0.8979697
vt 0.1838608 0.8867081
vt 0.1850087 0.875
vt 0.125 0.9088017
vt 0.131595 0.9081554
vt 0.1379387 0.9062366
vt 0.1437862 0.9031155
vt 0.1489113 0.8989113
vt 0.1531155 0.8937862
vt 0.1562367 0.8879386
vt 0.1581554 0.881595
vt 0.1588017 0.875
vt 0.125 0.875
vt 0.2399358 0.8521378
vt 0.2332671 0.8301543
vt 0.2224378 0.8098941
vt 0.2078641 0.7921359
vt 0.1901059 0.7775621
vt 0.1698457 0.7667328
vt 0.1478622 0.7600642
vt 0.125 0.7578125
vt 0.2370706 0.8527077
vt 0.2305715 0.8312708
vt 0.220014 0.8115137
vt 0.2058034 0.7941965
vt 0.1884863 0.779986
vt 0.1687291 0.7694285
vt 0.1472922 0.7629294
vt 0.125 0.7607359
vt 0.2330011 0.8535172
vt 0.226741 0.8328575
vt 0.2165685 0.8138159
vt 0.2028738 0.7971262
vt 0.1861841 0.7834315
vt 0.1671425 0.773259
vt 0.1464828 0.7669989
vt 0.125 0.764887
vt 0.2266864 0.8547733
vt 0.2207947 0.8353205
vt 0.2112184 0.8173907
vt 0.1983243 0.8016757
vt 0.1826093 0.7887816
vt 0.1646794 0.7792053
vt 0.1452267 0.7733136
vt 0.125 0.7713269
vt 0.2170853 0.8566831
vt 0.2117519 0.8390661
vt 0.2030809 0.822828
vt 0.1914042 0.8085958
vt 0.177172 0.7969191
vt 0.1609338 0.7882481
vt 0.1433169 0.7829146
vt 0.125 0.7811168
vt 0.2031571 0.8594536
vt 0.1986318 0.8445007
vt 0.1912731 0.8307177
vt 0.1813625 0.8186375
vt 0.1692823 0.8087268
vt 0.1554993 0.8013681
vt 0.1405464 0.7968429
vt 0.125 0.7953179
vt 0.1838608 0.8632919
vt 0.1804537 0.8520303
vt 0.1749123 0.8416497
vt 0.1674485 0.8325515
vt 0.1583503 0.8250877
vt 0.1479696 0.8195463
vt 0.1367081 0.8161392
vt 0.125 0.8149914
vt 0.1581554 0.868405
vt 0.1562367 0.8620614
vt 0.1531155 0.8562138
vt 0.1489113 0.8510887
vt 0.1437862 0.8468845
vt 0.1379386 0.8437634
vt 0.131595 0.8418446
vt 0.125 0.8411983
vt 0.0078125 0.875
vt 0.01006423 0.8521378
vt 0.01673287 0.8301543
vt 0.02756217 0.8098941
vt 0.04213594 0.7921359
vt 0.05989414 0.7775621
vt 0.08015433 0.7667328
vt 0.1021378 0.7600642
vt 0.01073594 0.875
vt 0.01292938 0.8527077
vt 0.01942849 0.8312708
vt 0.02998599 0.8115137
vt 0.04419658 0.7941965
vt 0.06151369 0.779986
vt 0.08127089 0.7694285
vt 0.1027078 0.7629294
vt 0.01488703 0.875
vt 0.01699887 0.8535172
vt 0.02325904 0.8328575
vt 0.03343153 0.8138159
vt 0.04712622 0.7971262
vt 0.06381592 0.7834315
vt 0.08285755 0.773259
vt 0.1035172 0.7669989
vt 0.02132693 0.875
vt 0.02331364 0.8547733
vt 0.02920532 0.8353205
vt 0.03878161 0.8173907
vt 0.05167568 0.8016757
vt 0.06739074 0.7887816
vt 0.08532058 0.7792053
vt 0.1047733 0.7733136
vt 0.03111683 0.875
vt 0.03291467 0.8566831
vt 0.03824809 0.8390661
vt 0.04691912 0.822828
vt 0.05859582 0.8085958
vt 0.07282804 0.7969191
vt 0.08906621 0.7882481
vt 0.1066831 0.7829146
vt 0.04531792 0.875
vt 0.04684287 0.8594536
vt 0.05136816 0.8445007
vt 0.05872686 0.8307177
vt 0.06863748 0.8186375
vt 0.08071771 0.8087268
vt 0.09450072 0.8013681
vt 0.1094536 0.7968429
vt 0.06499134 0.875
vt 0.06613921 0.8632919
vt 0.06954631 0.8520303
vt 0.0750877 0.8416497
vt 0.08255149 0.8325515
vt 0.09164968 0.8250877
vt 0.1020304 0.8195463
vt 0.1132919 0.8161392
vt 0.09119831 0.875
vt 0.09184459 0.868405
vt 0.09376332 0.8620614
vt 0.09688446 0.8562138
vt 0.1010887 0.8510887
vt 0.1062138 0.8468845
vt 0.1120614 0.8437634
vt 0.118405 0.8418446
vt 0.1021378 0.9899358
vt 0.08015427 0.9832671
vt 0.0598941 0.9724379
vt 0.04213592 0.957864
vt 0.02756214 0.9401059
vt 0.01673286 0.9198457
vt 0.01006421 0.8978621
vt 0.1027078 0.9870706
vt 0.08127084 0.9805715
vt 0.06151365 0.970014
vt 0.04419658 0.9558035
vt 0.02998598 0.9384863
vt 0.01942848 0.9187291
vt 0.01292937 0.8972923
vt 0.1035172 0.9830011
vt 0.0828575 0.976741
vt 0.06381589 0.9665685
vt 0.0471262 0.9528738
vt 0.03343152 0.9361841
vt 0.02325904 0.9171425
vt 0.01699886 0.8964828
vt 0.1047733 0.9766864
vt 0.08532053 0.9707947
vt 0.06739071 0.9612184
vt 0.05167566 0.9483243
vt 0.03878161 0.9326093
vt 0.02920529 0.9146795
vt 0.02331364 0.8952267
vt 0.1066831 0.9670854
vt 0.08906618 0.9617519
vt 0.07282801 0.9530809
vt 0.05859581 0.9414042
vt 0.04691911 0.9271719
vt 0.03824808 0.9109338
vt 0.03291467 0.8933169
vt 0.1094536 0.9531571
vt 0.09450069 0.9486318
vt 0.08071768 0.9412732
vt 0.06863746 0.9313625
vt 0.05872685 0.9192823
vt 0.05136815 0.9054993
vt 0.04684287 0.8905464
vt 0.1132919 0.9338608
vt 0.1020303 0.9304537
vt 0.09164965 0.9249123
vt 0.08255149 0.9174485
vt 0.07508768 0.9083503
vt 0.0695463 0.8979697
vt 0.06613919 0.8867081
vt 0.118405 0.9081554
vt 0.1120613 0.9062366
vt 0.1062138 0.9031155
vt 0.1010887 0.8989113
vt 0.09688446 0.8937862
vt 0.09376332 0.8879386
vt 0.09184459 0.881595
vt 0.75 0.9655596
vt 0.765625 0.9656748
vt 0.78125 0.9659386
vt 0.796875 0.9662471
vt 0.8125 0.9665363
vt 0.828125 0.9667753
vt 0.84375 0.9669511
vt 0.859375 0.9670588
vt 0.875 0.9670954
vt 0.75 0.931227
vt 0.765625 0.9313727
vt 0.78125 0.9317102
vt 0.796875 0.9321127
vt 0.8125 0.9324994
vt 0.828125 0.9328269
vt 0.84375 0.9330733
vt 0.859375 0.9332273
vt 0.875 0.9332804
vt 0.75 0.8974041
vt 0.765625 0.8975215
vt 0.78125 0.8978
vt 0.796875 0.8981452
vt 0.8125 0.8984921
vt 0.828125 0.8987987
vt 0.84375 0.8990382
vt 0.859375 0.8991923
vt 0.875 0.8992467
vt 0.75 0.8644927
vt 0.765625 0.864549
vt 0.78125 0.864693
vt 0.796875 0.8648928
vt 0.8125 0.8651172
vt 0.828125 0.8653347
vt 0.84375 0.865517
vt 0.859375 0.8656405
vt 0.875 0.8656858
vt 0.75 0.8328947
vt 0.765625 0.8328828
vt 0.78125 0.8328744
vt 0.796875 0.8329037
vt 0.8125 0.8329777
vt 0.828125 0.8330789
vt 0.84375 0.8331812
vt 0.859375 0.8332587
vt 0.875 0.8332891
vt 0.75 0.803012
vt 0.765625 0.8029508
vt 0.78125 0.8028293
vt 0.796875 0.8027264
vt 0.8125 0.8026763
vt 0.828125 0.8026752
vt 0.84375 0.8027022
vt 0.859375 0.8027335
vt 0.875 0.8027483
vt 0.75 0.7752464
vt 0.765625 0.7751806
vt 0.78125 0.7750428
vt 0.796875 0.7749091
vt 0.8125 0.7748162
vt 0.828125 0.7747676
vt 0.84375 0.7747513
vt 0.859375 0.7747517
vt 0.875 0.7747548
vt 0.875 0.75
vt 0.75 0.9806163
vt 0.765625 0.9820144
vt 0.78125 0.9826812
vt 0.796875 0.9827497
vt 0.8104153 0.9824721
vt 0.8125 0.9827673
vt 0.828125 0.9845614
vt 0.84375 0.9857053
vt 0.8498824 0.9858409
vt 0.859375 0.9871614
vt 0.875 0.9871035
vt 0.75 0.9823192
vt 0.75 0.9840221
vt 0.75 0.985725
vt 0.765625 0.9837173
vt 0.765625 0.9854202
vt 0.765625 0.9871231
vt 0.78125 0.9843841
vt 0.78125 0.986087
vt 0.78125 0.9877899
vt 0.7968749 0.9844526
vt 0.796875 0.9861555
vt 0.796875 0.9878585
vt 0.8104153 0.984175
vt 0.8104153 0.985878
vt 0.8104153 0.9875809
vt 0.8125 0.9844701
vt 0.8125 0.9861732
vt 0.8125 0.9878761
vt 0.828125 0.9862643
vt 0.828125 0.9879673
vt 0.828125 0.9896702
vt 0.8437499 0.9874082
vt 0.84375 0.9891111
vt 0.84375 0.990814
vt 0.8498824 0.9875438
vt 0.8498824 0.9892467
vt 0.8498824 0.9909497
vt 0.859375 0.9888643
vt 0.859375 0.9905672
vt 0.859375 0.9922702
vt 0.875 0.9888064
vt 0.875 0.9905094
vt 0.875 0.9922123
vt 1 0.9655596
vt 0.984375 0.9656748
vt 0.96875 0.9659386
vt 0.953125 0.9662471
vt 0.9375 0.9665363
vt 0.921875 0.9667753
vt 0.90625 0.9669511
vt 0.890625 0.9670588
vt 1 0.931227
vt 0.984375 0.9313727
vt 0.96875 0.9317102
vt 0.953125 0.9321127
vt 0.9375 0.9324994
vt 0.921875 0.9328269
vt 0.90625 0.9330733
vt 0.890625 0.9332273
vt 1 0.8974041
vt 0.984375 0.8975215
vt 0.96875 0.8978
vt 0.953125 0.8981452
vt 0.9375 0.8984921
vt 0.921875 0.8987987
vt 0.90625 0.8990382
vt 0.890625 0.8991923
vt 1 0.8644927
vt 0.984375 0.864549
vt 0.96875 0.864693
vt 0.953125 0.8648928
vt 0.9375 0.8651172
vt 0.921875 0.8653347
vt 0.90625 0.865517
vt 0.890625 0.8656405
vt 1 0.8328947
vt 0.984375 0.8328828
vt 0.96875 0.8328744
vt 0.953125 0.8329037
vt 0.9375 0.8329777
vt 0.921875 0.8330789
vt 0.90625 0.8331812
vt 0.890625 0.8332587
vt 1 0.803012
vt 0.984375 0.8029508
vt 0.96875 0.8028293
vt 0.953125 0.8027264
vt 0.9375 0.8026763
vt 0.921875 0.8026752
vt 0.90625 0.8027022
vt 0.890625 0.8027335
vt 1 0.7752464
vt 0.984375 0.7751806
vt 0.96875 0.7750428
vt 0.953125 0.7749091
vt 0.9375 0.7748162
vt 0.921875 0.7747676
vt 0.90625 0.7747513
vt 0.890625 0.7747517
vt 1 0.75
vt 0.984375 0.75
vt 0.96875 0.75
vt 0.953125 0.75
vt 0.9375 0.75
vt 0.921875 0.75
vt 0.90625 0.75
vt 0.890625 0.75
vt 1 0.9806163
vt 0.984375 0.9820144
vt 0.96875 0.9826812
vt 0.953125 0.9827497
vt 0.9395847 0.9824721
vt 0.9375 0.9827673
vt 0.921875 0.9845614
vt 0.90625 0.9857053
vt 0.9001176 0.9858409
vt 0.890625 0.9871614
vt 1 0.9823192
vt 1 0.9840221
vt 1 0.985725
vt 0.984375 0.9837173
vt 0.984375 0.9854202
vt 0.984375 0.9871231
vt 0.96875 0.9843841
vt 0.96875 0.986087
vt 0.96875 0.9877899
vt 0.9531251 0.9844526
vt 0.953125 0.9861555
vt 0.953125 0.9878585
vt 0.9395847 0.984175
vt 0.9395847 0.985878
vt 0.9395847 0.9875809
vt 0.9375 0.9844701
vt 0.9375 0.9861732
vt 0.9375 0.9878761
vt 0.921875 0.9862643
vt 0.921875 0.9879673
vt 0.921875 0.9896702
vt 0.9062501 0.9874082
vt 0.90625 0.9891111
vt 0.90625 0.990814
vt 0.9001176 0.9875438
vt 0.9001176 0.9892467
vt 0.9001176 0.9909497
vt 0.890625 0.9888643
vt 0.890625 0.9905672
vt 0.890625 0.9922702
vt 0.375 0.875
vt 0.375 0.8647857
vt 0.3769927 0.8649818
vt 0.378909 0.8655629
vt 0.380675 0.8665068
vt 0.3822229 0.8677771
vt 0.3834932 0.869325
vt 0.3844371 0.8710911
vt 0.3850182 0.8730073
vt 0.3852144 0.875
vt 0.375 0.850345
vt 0.37981 0.8508185
vt 0.3844353 0.8522213
vt 0.388698 0.8544995
vt 0.3924343 0.8575657
vt 0.3955005 0.861302
vt 0.3977787 0.8655648
vt 0.3991815 0.87019
vt 0.399655 0.875
vt 0.375 0.8331578
vt 0.3831631 0.8339614
vt 0.3910126 0.8363421
vt 0.3982469 0.8402085
vt 0.4045878 0.8454121
vt 0.4097915 0.8517531
vt 0.4136579 0.8589873
vt 0.4160385 0.8668369
vt 0.4168423 0.875
vt 0.375 0.8147036
vt 0.3867633 0.8158618
vt 0.3980748 0.8192925
vt 0.4084997 0.8248641
vt 0.4176371 0.8323629
vt 0.4251358 0.8415003
vt 0.4307075 0.8519252
vt 0.4341381 0.8632367
vt 0.4352964 0.875
vt 0.375 0.7964624
vt 0.390322 0.797971
vt 0.4050555 0.8024397
vt 0.4186341 0.809697
vt 0.4305358 0.8194642
vt 0.440303 0.8313659
vt 0.4475604 0.8449445
vt 0.452029 0.859678
vt 0.4535376 0.875
vt 0.375 0.7799136
vt 0.3935505 0.7817403
vt 0.4113884 0.7871507
vt 0.427828 0.7959373
vt 0.4422374 0.8077626
vt 0.4540627 0.822172
vt 0.4628493 0.8386116
vt 0.4682597 0.8564495
vt 0.4700864 0.875
vt 0.375 0.7665371
vt 0.3961601 0.7686209
vt 0.4165072 0.7747927
vt 0.4352593 0.7848155
vt 0.4516956 0.7983044
vt 0.4651845 0.8147407
vt 0.4752073 0.8334928
vt 0.4813791 0.8538399
vt 0.4834629 0.875
vt 0.375 0.7578125
vt 0.3978621 0.7600642
vt 0.4198457 0.7667329
vt 0.4401059 0.7775621
vt 0.4578641 0.792136
vt 0.4724379 0.8098941
vt 0.4832671 0.8301543
vt 0.4899358 0.8521379
vt 0.4921875 0.875
vt 0.3850182 0.8769928
vt 0.3844371 0.8789089
vt 0.3834932 0.880675
vt 0.3822229 0.8822229
vt 0.380675 0.8834932
vt 0.378909 0.8844371
vt 0.3769927 0.8850182
vt 0.375 0.8852144
vt 0.3991815 0.87981
vt 0.3977787 0.8844352
vt 0.3955005 0.888698
vt 0.3924343 0.8924343
vt 0.388698 0.8955005
vt 0.3844353 0.8977787
vt 0.37981 0.8991815
vt 0.375 0.899655
vt 0.4160385 0.8831631
vt 0.4136579 0.8910127
vt 0.4097915 0.8982469
vt 0.4045878 0.9045879
vt 0.3982469 0.9097915
vt 0.3910126 0.913658
vt 0.3831631 0.9160386
vt 0.375 0.9168422
vt 0.4341381 0.8867633
vt 0.4307075 0.8980748
vt 0.4251358 0.9084997
vt 0.4176371 0.9176371
vt 0.4084997 0.9251359
vt 0.3980748 0.9307075
vt 0.3867633 0.9341382
vt 0.375 0.9352964
vt 0.452029 0.890322
vt 0.4475603 0.9050555
vt 0.440303 0.9186341
vt 0.4305358 0.9305358
vt 0.4186341 0.940303
vt 0.4050555 0.9475604
vt 0.390322 0.952029
vt 0.375 0.9535376
vt 0.4682597 0.8935505
vt 0.4628493 0.9113884
vt 0.4540627 0.927828
vt 0.4422374 0.9422374
vt 0.427828 0.9540627
vt 0.4113883 0.9628493
vt 0.3935505 0.9682597
vt 0.375 0.9700864
vt 0.4813791 0.8961601
vt 0.4752073 0.9165072
vt 0.4651844 0.9352593
vt 0.4516956 0.9516956
vt 0.4352593 0.9651845
vt 0.4165072 0.9752073
vt 0.3961601 0.9813791
vt 0.375 0.9834629
vt 0.4899358 0.8978622
vt 0.4832671 0.9198457
vt 0.4724378 0.9401059
vt 0.457864 0.9578641
vt 0.4401059 0.9724379
vt 0.4198457 0.9832671
vt 0.3978622 0.9899358
vt 0.375 0.9921875
vt 0.3647856 0.875
vt 0.3649818 0.8769928
vt 0.3655629 0.8789089
vt 0.3665068 0.880675
vt 0.3677771 0.8822229
vt 0.369325 0.8834932
vt 0.371091 0.8844371
vt 0.3730073 0.8850182
vt 0.350345 0.875
vt 0.3508185 0.87981
vt 0.3522213 0.8844352
vt 0.3544995 0.888698
vt 0.3575657 0.8924343
vt 0.361302 0.8955005
vt 0.3655647 0.8977787
vt 0.37019 0.8991815
vt 0.3331577 0.875
vt 0.3339615 0.8831631
vt 0.3363421 0.8910127
vt 0.3402085 0.8982469
vt 0.3454122 0.9045879
vt 0.3517531 0.9097915
vt 0.3589874 0.913658
vt 0.3668369 0.9160386
vt 0.3147036 0.875
vt 0.3158619 0.8867633
vt 0.3192925 0.8980748
vt 0.3248642 0.9084997
vt 0.3323629 0.9176371
vt 0.3415003 0.9251359
vt 0.3519252 0.9307075
vt 0.3632367 0.9341382
vt 0.2964624 0.875
vt 0.297971 0.890322
vt 0.3024397 0.9050555
vt 0.309697 0.9186341
vt 0.3194642 0.9305358
vt 0.3313659 0.940303
vt 0.3449445 0.9475604
vt 0.359678 0.952029
vt 0.2799136 0.875
vt 0.2817403 0.8935505
vt 0.2871507 0.9113884
vt 0.2959373 0.927828
vt 0.3077626 0.9422374
vt 0.322172 0.9540627
vt 0.3386117 0.9628493
vt 0.3564495 0.9682597
vt 0.2665371 0.875
vt 0.2686209 0.8961601
vt 0.2747927 0.9165072
vt 0.2848156 0.9352593
vt 0.2983044 0.9516956
vt 0.3147407 0.9651845
vt 0.3334928 0.9752073
vt 0.3538399 0.9813791
vt 0.2578125 0.875
vt 0.2600642 0.8978622
vt 0.2667329 0.9198457
vt 0.2775622 0.9401059
vt 0.292136 0.9578641
vt 0.3098941 0.9724379
vt 0.3301543 0.9832671
vt 0.3521378 0.9899358
vt 0.3730073 0.8649818
vt 0.371091 0.8655629
vt 0.369325 0.8665068
vt 0.3677771 0.8677771
vt 0.3665068 0.869325
vt 0.3655629 0.8710911
vt 0.3649818 0.8730073
vt 0.37019 0.8508185
vt 0.3655647 0.8522213
vt 0.361302 0.8544995
vt 0.3575657 0.8575657
vt 0.3544995 0.861302
vt 0.3522213 0.8655648
vt 0.3508185 0.87019
vt 0.3668369 0.8339614
vt 0.3589874 0.8363421
vt 0.3517531 0.8402085
vt 0.3454122 0.8454121
vt 0.3402085 0.8517531
vt 0.3363421 0.8589873
vt 0.3339615 0.8668369
vt 0.3632367 0.8158618
vt 0.3519252 0.8192925
vt 0.3415003 0.8248641
vt 0.3323629 0.8323629
vt 0.3248642 0.8415003
vt 0.3192925 0.8519252
vt 0.3158619 0.8632367
vt 0.359678 0.797971
vt 0.3449445 0.8024397
vt 0.3313659 0.809697
vt 0.3194642 0.8194642
vt 0.309697 0.8313659
vt 0.3024396 0.8449445
vt 0.297971 0.859678
vt 0.3564495 0.7817403
vt 0.3386116 0.7871507
vt 0.322172 0.7959373
vt 0.3077626 0.8077626
vt 0.2959373 0.822172
vt 0.2871507 0.8386116
vt 0.2817403 0.8564495
vt 0.3538399 0.7686209
vt 0.3334928 0.7747927
vt 0.3147407 0.7848155
vt 0.2983044 0.7983044
vt 0.2848155 0.8147407
vt 0.2747927 0.8334928
vt 0.2686209 0.8538399
vt 0.3521379 0.7600642
vt 0.3301543 0.7667329
vt 0.3098941 0.7775621
vt 0.2921359 0.792136
vt 0.2775621 0.8098941
vt 0.2667329 0.8301543
vt 0.2600642 0.8521379
vt 0 0.5
vt 0.03125 0.5
vt 0.0625 0.5
vt 0.09375 0.5
vt 0.125 0.5
vt 0.15625 0.5
vt 0.1875 0.5
vt 0.21875 0.5
vt 0.25 0.5
vt 0 0.4948529
vt 0.03125 0.4948509
vt 0.0625 0.4948475
vt 0.09375 0.494845
vt 0.125 0.4948441
vt 0.15625 0.494845
vt 0.1875 0.4948475
vt 0.21875 0.4948509
vt 0.25 0.4948529
vt 0 0.4864038
vt 0.03125 0.4863988
vt 0.0625 0.4863905
vt 0.09375 0.4863844
vt 0.125 0.4863822
vt 0.15625 0.4863844
vt 0.1875 0.4863905
vt 0.21875 0.4863988
vt 0.25 0.4864038
vt 0 0.4747956
vt 0.03125 0.4747875
vt 0.0625 0.474774
vt 0.09375 0.4747642
vt 0.125 0.4747607
vt 0.15625 0.4747642
vt 0.1875 0.474774
vt 0.21875 0.4747875
vt 0.25 0.4747956
vt 0 0.4601715
vt 0.03125 0.4601607
vt 0.0625 0.4601431
vt 0.09375 0.4601302
vt 0.125 0.4601256
vt 0.15625 0.4601302
vt 0.1875 0.4601431
vt 0.21875 0.4601607
vt 0.25 0.4601715
vt 0 0.4426743
vt 0.03125 0.4426624
vt 0.0625 0.4426428
vt 0.09375 0.4426284
vt 0.125 0.4426234
vt 0.15625 0.4426284
vt 0.1875 0.4426428
vt 0.21875 0.4426624
vt 0.25 0.4426743
vt 0 0.4224471
vt 0.03125 0.4224361
vt 0.0625 0.422418
vt 0.09375 0.4224046
vt 0.125 0.4224
vt 0.15625 0.4224046
vt 0.1875 0.422418
vt 0.21875 0.4224361
vt 0.25 0.4224471
vt 0 0.399633
vt 0.03125 0.3996257
vt 0.0625 0.3996137
vt 0.09375 0.3996049
vt 0.125 0.3996018
vt 0.15625 0.3996049
vt 0.1875 0.3996137
vt 0.21875 0.3996257
vt 0.25 0.399633
vt 0 0.374375
vt 0.03125 0.374375
vt 0.0625 0.374375
vt 0.09375 0.374375
vt 0.125 0.374375
vt 0.15625 0.374375
vt 0.1875 0.374375
vt 0.21875 0.374375
vt 0.25 0.374375
vt 0.28125 0.5
vt 0.3125 0.5
vt 0.34375 0.5
vt 0.375 0.5
vt 0.40625 0.5
vt 0.4375 0.5
vt 0.46875 0.5
vt 0.5 0.5
vt 0.28125 0.4948509
vt 0.3125 0.4948475
vt 0.34375 0.494845
vt 0.375 0.4948441
vt 0.40625 0.494845
vt 0.4375 0.4948475
vt 0.46875 0.4948509
vt 0.5 0.4948529
vt 0.28125 0.4863988
vt 0.3125 0.4863905
vt 0.34375 0.4863844
vt 0.375 0.4863822
vt 0.40625 0.4863844
vt 0.4375 0.4863905
vt 0.46875 0.4863988
vt 0.5 0.4864038
vt 0.28125 0.4747875
vt 0.3125 0.474774
vt 0.34375 0.4747642
vt 0.375 0.4747607
vt 0.40625 0.4747642
vt 0.4375 0.474774
vt 0.46875 0.4747875
vt 0.5 0.4747956
vt 0.28125 0.4601607
vt 0.3125 0.4601431
vt 0.34375 0.4601302
vt 0.375 0.4601256
vt 0.40625 0.4601302
vt 0.4375 0.4601431
vt 0.46875 0.4601607
vt 0.5 0.4601715
vt 0.28125 0.4426624
vt 0.3125 0.4426428
vt 0.34375 0.4426284
vt 0.375 0.4426234
vt 0.40625 0.4426284
vt 0.4375 0.4426428
vt 0.46875 0.4426624
vt 0.5 0.4426743
vt 0.28125 0.4224361
vt 0.3125 0.422418
vt 0.34375 0.4224046
vt 0.375 0.4224
vt 0.40625 0.4224046
vt 0.4375 0.422418
vt 0.46875 0.4224361
vt 0.28125 0.3996257
vt 0.3125 0.3996137
vt 0.34375 0.3996049
vt 0.375 0.3996018
vt 0.40625 0.3996049
vt 0.4375 0.3996137
vt 0.46875 0.3996257
vt 0.28125 0.374375
vt 0.3125 0.374375
vt 0.34375 0.374375
vt 0.375 0.374375
vt 0.40625 0.374375
vt 0.4375 0.374375
vt 0.46875 0.374375
vt 0.5 0.374375
vt 0.5 0.3761289
vt 0.487599 0.3785253
vt 0.4789414 0.3844512
vt 0.4741652 0.3922493
vt 0.4729481 0.3996267
vt 0.4727109 0.4009559
vt 0.4741835 0.4108985
vt 0.4790835 0.4198553
vt 0.4824856 0.422441
vt 0.4877804 0.4272918
vt 0.5 0.430079
vt 0.75 0.5
vt 0.71875 0.5
vt 0.6875 0.5
vt 0.65625 0.5
vt 0.625 0.5
vt 0.59375 0.5
vt 0.5625 0.5
vt 0.53125 0.5
vt 0.75 0.4948529
vt 0.71875 0.4948509
vt 0.6875 0.4948475
vt 0.65625 0.494845
vt 0.625 0.4948441
vt 0.59375 0.494845
vt 0.5625 0.4948475
vt 0.53125 0.4948509
vt 0.75 0.4864038
vt 0.71875 0.4863988
vt 0.6875 0.4863905
vt 0.65625 0.4863844
vt 0.625 0.4863822
vt 0.59375 0.4863844
vt 0.5625 0.4863905
vt 0.53125 0.4863988
vt 0.75 0.4747956
vt 0.71875 0.4747875
vt 0.6875 0.474774
vt 0.65625 0.4747642
vt 0.625 0.4747607
vt 0.59375 0.4747642
vt 0.5625 0.474774
vt 0.53125 0.4747875
vt 0.75 0.4601715
vt 0.71875 0.4601607
vt 0.6875 0.4601431
vt 0.65625 0.4601302
vt 0.625 0.4601256
vt 0.59375 0.4601302
vt 0.5625 0.4601431
vt 0.53125 0.4601607
vt 0.75 0.4426743
vt 0.71875 0.4426624
vt 0.6875 0.4426428
vt 0.65625 0.4426284
vt 0.625 0.4426234
vt 0.59375 0.4426284
vt 0.5625 0.4426428
vt 0.53125 0.4426624
vt 0.75 0.4224471
vt 0.71875 0.4224361
vt 0.6875 0.422418
vt 0.65625 0.4224046
vt 0.625 0.4224
vt 0.59375 0.4224046
vt 0.5625 0.422418
vt 0.53125 0.4224361
vt 0.75 0.399633
vt 0.71875 0.3996257
vt 0.6875 0.3996137
vt 0.65625 0.3996049
vt 0.625 0.3996018
vt 0.59375 0.3996049
vt 0.5625 0.3996137
vt 0.53125 0.3996257
vt 0.75 0.374375
vt 0.71875 0.374375
vt 0.6875 0.374375
vt 0.65625 0.374375
vt 0.625 0.374375
vt 0.59375 0.374375
vt 0.5625 0.374375
vt 0.53125 0.374375
vt 0.512401 0.3785253
vt 0.5210586 0.3844512
vt 0.5258348 0.3922493
vt 0.5270519 0.3996267
vt 0.5272892 0.4009559
vt 0.5258165 0.4108985
vt 0.5209165 0.4198553
vt 0.5175144 0.422441
vt 0.5122197 0.4272918
vt 1 0.5
vt 0.96875 0.5
vt 0.9375 0.5
vt 0.90625 0.5
vt 0.875 0.5
vt 0.84375 0.5
vt 0.8125 0.5
vt 0.78125 0.5
vt 1 0.4948529
vt 0.96875 0.4948509
vt 0.9375 0.4948475
vt 0.90625 0.494845
vt 0.875 0.4948441
vt 0.84375 0.494845
vt 0.8125 0.4948475
vt 0.78125 0.4948509
vt 1 0.4864038
vt 0.96875 0.4863988
vt 0.9375 0.4863905
vt 0.90625 0.4863844
vt 0.875 0.4863822
vt 0.84375 0.4863844
vt 0.8125 0.4863905
vt 0.78125 0.4863988
vt 1 0.4747956
vt 0.96875 0.4747875
vt 0.9375 0.474774
vt 0.90625 0.4747642
vt 0.875 0.4747607
vt 0.84375 0.4747642
vt 0.8125 0.474774
vt 0.78125 0.4747875
vt 1 0.4601715
vt 0.96875 0.4601607
vt 0.9375 0.4601431
vt 0.90625 0.4601302
vt 0.875 0.4601256
vt 0.84375 0.4601302
vt 0.8125 0.4601431
vt 0.78125 0.4601607
vt 1 0.4426743
vt 0.96875 0.4426624
vt 0.9375 0.4426428
vt 0.90625 0.4426284
vt 0.875 0.4426234
vt 0.84375 0.4426284
vt 0.8125 0.4426428
vt 0.78125 0.4426624
vt 1 0.4224471
vt 0.96875 0.4224361
vt 0.9375 0.422418
vt 0.90625 0.4224046
vt 0.875 0.4224
vt 0.84375 0.4224046
vt 0.8125 0.422418
vt 0.78125 0.4224361
vt 1 0.399633
vt 0.96875 0.3996257
vt 0.9375 0.3996137
vt 0.90625 0.3996049
vt 0.875 0.3996018
vt 0.84375 0.3996049
vt 0.8125 0.3996137
vt 0.78125 0.3996257
vt 1 0.374375
vt 0.96875 0.374375
vt 0.9375 0.374375
vt 0.90625 0.374375
vt 0.875 0.374375
vt 0.84375 0.374375
vt 0.8125 0.374375
vt 0.78125 0.374375
vt 0 0.3471199
vt 0.03125 0.3471208
vt 0.0625 0.3471223
vt 0.09375 0.3471233
vt 0.125 0.3471237
vt 0.15625 0.3471234
vt 0.1875 0.3471223
vt 0.21875 0.3471208
vt 0.25 0.3471199
vt 0 0.3248222
vt 0.03125 0.3248235
vt 0.0625 0.3248256
vt 0.09375 0.3248272
vt 0.125 0.3248277
vt 0.15625 0.3248272
vt 0.1875 0.3248256
vt 0.21875 0.3248234
vt 0.25 0.3248222
vt 0 0.3069687
vt 0.03125 0.30697
vt 0.0625 0.3069721
vt 0.09375 0.3069737
vt 0.125 0.3069742
vt 0.15625 0.3069737
vt 0.1875 0.3069721
vt 0.21875 0.30697
vt 0.25 0.3069687
vt 0 0.2930461
vt 0.03125 0.2930472
vt 0.0625 0.2930489
vt 0.09375 0.2930501
vt 0.125 0.2930506
vt 0.15625 0.2930501
vt 0.1875 0.2930489
vt 0.21875 0.2930472
vt 0.25 0.2930461
vt 0 0.2825412
vt 0.03125 0.2825419
vt 0.0625 0.2825429
vt 0.09375 0.2825437
vt 0.125 0.282544
vt 0.15625 0.2825438
vt 0.1875 0.2825429
vt 0.21875 0.2825419
vt 0.25 0.2825412
vt 0 0.2749407
vt 0.03125 0.274941
vt 0.0625 0.2749414
vt 0.09375 0.2749417
vt 0.125 0.2749419
vt 0.15625 0.2749418
vt 0.1875 0.2749414
vt 0.21875 0.274941
vt 0.25 0.2749407
vt 0 0.2697314
vt 0.03125 0.2697314
vt 0.0625 0.2697314
vt 0.09375 0.2697314
vt 0.125 0.2697314
vt 0.15625 0.2697314
vt 0.1875 0.2697314
vt 0.21875 0.2697314
vt 0.25 0.2697314
vt 0 0.2664
vt 0.03125 0.2664
vt 0.0625 0.2664
vt 0.09375 0.2664
vt 0.125 0.2664
vt 0.15625 0.2664
vt 0.1875 0.2664
vt 0.21875 0.2664
vt 0.25 0.2664
vt 0.28125 0.3471208
vt 0.3125 0.3471223
vt 0.34375 0.3471233
vt 0.375 0.3471237
vt 0.40625 0.3471234
vt 0.4375 0.3471223
vt 0.46875 0.3471208
vt 0.5 0.3471199
vt 0.28125 0.3248235
vt 0.3125 0.3248256
vt 0.34375 0.3248272
vt 0.375 0.3248277
vt 0.40625 0.3248272
vt 0.4375 0.3248256
vt 0.46875 0.3248234
vt 0.5 0.3248222
vt 0.28125 0.30697
vt 0.3125 0.3069721
vt 0.34375 0.3069737
vt 0.375 0.3069742
vt 0.40625 0.3069737
vt 0.4375 0.3069721
vt 0.46875 0.30697
vt 0.5 0.3069687
vt 0.28125 0.2930472
vt 0.3125 0.2930489
vt 0.34375 0.2930501
vt 0.375 0.2930506
vt 0.40625 0.2930501
vt 0.4375 0.2930489
vt 0.46875 0.2930472
vt 0.5 0.2930461
vt 0.28125 0.2825419
vt 0.3125 0.2825429
vt 0.34375 0.2825437
vt 0.375 0.282544
vt 0.40625 0.2825438
vt 0.4375 0.2825429
vt 0.46875 0.2825419
vt 0.5 0.2825412
vt 0.28125 0.274941
vt 0.3125 0.2749414
vt 0.34375 0.2749417
vt 0.375 0.2749419
vt 0.40625 0.2749418
vt 0.4375 0.2749414
vt 0.46875 0.274941
vt 0.5 0.2749407
vt 0.28125 0.2697314
vt 0.3125 0.2697314
vt 0.34375 0.2697314
vt 0.375 0.2697314
vt 0.40625 0.2697314
vt 0.4375 0.2697314
vt 0.46875 0.2697314
vt 0.5 0.2697314
vt 0.28125 0.2664
vt 0.3125 0.2664
vt 0.34375 0.2664
vt 0.375 0.2664
vt 0.40625 0.2664
vt 0.4375 0.2664
vt 0.46875 0.2664
vt 0.5 0.2664
vt 0.75 0.3471199
vt 0.71875 0.3471208
vt 0.6875 0.3471223
vt 0.65625 0.3471233
vt 0.625 0.3471237
vt 0.59375 0.3471234
vt 0.5625 0.3471223
vt 0.53125 0.3471208
vt 0.75 0.3248222
vt 0.71875 0.3248235
vt 0.6875 0.3248256
vt 0.65625 0.3248272
vt 0.625 0.3248277
vt 0.59375 0.3248272
vt 0.5625 0.3248256
vt 0.53125 0.3248234
vt 0.75 0.3069687
vt 0.71875 0.30697
vt 0.6875 0.3069721
vt 0.65625 0.3069737
vt 0.625 0.3069742
vt 0.59375 0.3069737
vt 0.5625 0.3069721
vt 0.53125 0.30697
vt 0.75 0.2930461
vt 0.71875 0.2930472
vt 0.6875 0.2930489
vt 0.65625 0.2930501
vt 0.625 0.2930506
vt 0.59375 0.2930501
vt 0.5625 0.2930489
vt 0.53125 0.2930472
vt 0.75 0.2825412
vt 0.71875 0.2825419
vt 0.6875 0.2825429
vt 0.65625 0.2825437
vt 0.625 0.282544
vt 0.59375 0.2825438
vt 0.5625 0.2825429
vt 0.53125 0.2825419
vt 0.75 0.2749407
vt 0.71875 0.274941
vt 0.6875 0.2749414
vt 0.65625 0.2749417
vt 0.625 0.2749419
vt 0.59375 0.2749418
vt 0.5625 0.2749414
vt 0.53125 0.274941
vt 0.75 0.2697314
vt 0.71875 0.2697314
vt 0.6875 0.2697314
vt 0.65625 0.2697314
vt 0.625 0.2697314
vt 0.59375 0.2697314
vt 0.5625 0.2697314
vt 0.53125 0.2697314
vt 0.75 0.2664
vt 0.71875 0.2664
vt 0.6875 0.2664
vt 0.65625 0.2664
vt 0.625 0.2664
vt 0.59375 0.2664
vt 0.5625 0.2664
vt 0.53125 0.2664
vt 1 0.3471199
vt 0.96875 0.3471208
vt 0.9375 0.3471223
vt 0.90625 0.3471233
vt 0.875 0.3471237
vt 0.84375 0.3471234
vt 0.8125 0.3471223
vt 0.78125 0.3471208
vt 1 0.3248222
vt 0.96875 0.3248235
vt 0.9375 0.3248256
vt 0.90625 0.3248272
vt 0.875 0.3248277
vt 0.84375 0.3248272
vt 0.8125 0.3248256
vt 0.78125 0.3248234
vt 1 0.3069687
vt 0.96875 0.30697
vt 0.9375 0.3069721
vt 0.90625 0.3069737
vt 0.875 0.3069742
vt 0.84375 0.3069737
vt 0.8125 0.3069721
vt 0.78125 0.30697
vt 1 0.2930461
vt 0.96875 0.2930472
vt 0.9375 0.2930489
vt 0.90625 0.2930501
vt 0.875 0.2930506
vt 0.84375 0.2930501
vt 0.8125 0.2930489
vt 0.78125 0.2930472
vt 1 0.2825412
vt 0.96875 0.2825419
vt 0.9375 0.2825429
vt 0.90625 0.2825437
vt 0.875 0.282544
vt 0.84375 0.2825438
vt 0.8125 0.2825429
vt 0.78125 0.2825419
vt 1 0.2749407
vt 0.96875 0.274941
vt 0.9375 0.2749414
vt 0.90625 0.2749417
vt 0.875 0.2749419
vt 0.84375 0.2749418
vt 0.8125 0.2749414
vt 0.78125 0.274941
vt 1 0.2697314
vt 0.96875 0.2697314
vt 0.9375 0.2697314
vt 0.90625 0.2697314
vt 0.875 0.2697314
vt 0.84375 0.2697314
vt 0.8125 0.2697314
vt 0.78125 0.2697314
vt 1 0.2664
vt 0.96875 0.2664
vt 0.9375 0.2664
vt 0.90625 0.2664
vt 0.875 0.2664
vt 0.84375 0.2664
vt 0.8125 0.2664
vt 0.78125 0.2664
vt 0 0.2647598
vt 0.03125 0.2647607
vt 0.0625 0.2647622
vt 0.09375 0.2647632
vt 0.125 0.2647637
vt 0.15625 0.2647632
vt 0.1875 0.2647622
vt 0.21875 0.2647607
vt 0.25 0.2647598
vt 0 0.2629557
vt 0.03125 0.2629572
vt 0.0625 0.2629595
vt 0.09375 0.2629612
vt 0.125 0.2629618
vt 0.15625 0.2629612
vt 0.1875 0.2629595
vt 0.21875 0.2629572
vt 0.25 0.2629557
vt 0 0.2610111
vt 0.03125 0.2610128
vt 0.0625 0.2610155
vt 0.09375 0.2610175
vt 0.125 0.2610182
vt 0.15625 0.2610175
vt 0.1875 0.2610155
vt 0.21875 0.2610128
vt 0.25 0.2610111
vt 0 0.2589495
vt 0.03125 0.2589511
vt 0.0625 0.2589538
vt 0.09375 0.2589557
vt 0.125 0.2589564
vt 0.15625 0.2589557
vt 0.1875 0.2589538
vt 0.21875 0.2589511
vt 0.25 0.2589495
vt 0 0.256794
vt 0.03125 0.2567955
vt 0.0625 0.2567977
vt 0.09375 0.2567994
vt 0.125 0.2568
vt 0.15625 0.2567994
vt 0.1875 0.2567977
vt 0.21875 0.2567955
vt 0.25 0.256794
vt 0 0.2545684
vt 0.03125 0.2545694
vt 0.0625 0.2545711
vt 0.09375 0.2545723
vt 0.125 0.2545727
vt 0.15625 0.2545723
vt 0.1875 0.2545711
vt 0.21875 0.2545694
vt 0.25 0.2545684
vt 0 0.2522959
vt 0.03125 0.2522964
vt 0.0625 0.2522973
vt 0.09375 0.2522979
vt 0.125 0.2522982
vt 0.15625 0.2522979
vt 0.1875 0.2522973
vt 0.21875 0.2522964
vt 0.25 0.2522959
vt 0.28125 0.2647607
vt 0.3125 0.2647622
vt 0.34375 0.2647632
vt 0.375 0.2647637
vt 0.40625 0.2647632
vt 0.4375 0.2647622
vt 0.46875 0.2647607
vt 0.5 0.2647598
vt 0.28125 0.2629572
vt 0.3125 0.2629595
vt 0.34375 0.2629612
vt 0.375 0.2629618
vt 0.40625 0.2629612
vt 0.4375 0.2629595
vt 0.46875 0.2629572
vt 0.5 0.2629557
vt 0.28125 0.2610128
vt 0.3125 0.2610155
vt 0.34375 0.2610175
vt 0.375 0.2610182
vt 0.40625 0.2610175
vt 0.4375 0.2610155
vt 0.46875 0.2610128
vt 0.5 0.2610111
vt 0.28125 0.2589511
vt 0.3125 0.2589538
vt 0.34375 0.2589557
vt 0.375 0.2589564
vt 0.40625 0.2589557
vt 0.4375 0.2589538
vt 0.46875 0.2589511
vt 0.5 0.2589495
vt 0.28125 0.2567955
vt 0.3125 0.2567977
vt 0.34375 0.2567994
vt 0.375 0.2568
vt 0.40625 0.2567994
vt 0.4375 0.2567977
vt 0.46875 0.2567955
vt 0.5 0.256794
vt 0.28125 0.2545694
vt 0.3125 0.2545711
vt 0.34375 0.2545723
vt 0.375 0.2545727
vt 0.40625 0.2545723
vt 0.4375 0.2545711
vt 0.46875 0.2545694
vt 0.5 0.2545684
vt 0.28125 0.2522964
vt 0.3125 0.2522973
vt 0.34375 0.2522979
vt 0.375 0.2522982
vt 0.40625 0.2522979
vt 0.4375 0.2522973
vt 0.46875 0.2522964
vt 0.5 0.2522959
vt 0.75 0.2647598
vt 0.71875 0.2647607
vt 0.6875 0.2647622
vt 0.65625 0.2647632
vt 0.625 0.2647637
vt 0.59375 0.2647632
vt 0.5625 0.2647622
vt 0.53125 0.2647607
vt 0.75 0.2629557
vt 0.71875 0.2629572
vt 0.6875 0.2629595
vt 0.65625 0.2629612
vt 0.625 0.2629618
vt 0.59375 0.2629612
vt 0.5625 0.2629595
vt 0.53125 0.2629572
vt 0.75 0.2610111
vt 0.71875 0.2610128
vt 0.6875 0.2610155
vt 0.65625 0.2610175
vt 0.625 0.2610182
vt 0.59375 0.2610175
vt 0.5625 0.2610155
vt 0.53125 0.2610128
vt 0.75 0.2589495
vt 0.71875 0.2589511
vt 0.6875 0.2589538
vt 0.65625 0.2589557
vt 0.625 0.2589564
vt 0.59375 0.2589557
vt 0.5625 0.2589538
vt 0.53125 0.2589511
vt 0.75 0.256794
vt 0.71875 0.2567955
vt 0.6875 0.2567977
vt 0.65625 0.2567994
vt 0.625 0.2568
vt 0.59375 0.2567994
vt 0.5625 0.2567977
vt 0.53125 0.2567955
vt 0.75 0.2545684
vt 0.71875 0.2545694
vt 0.6875 0.2545711
vt 0.65625 0.2545723
vt 0.625 0.2545727
vt 0.59375 0.2545723
vt 0.5625 0.2545711
vt 0.53125 0.2545694
vt 0.75 0.2522959
vt 0.71875 0.2522964
vt 0.6875 0.2522973
vt 0.65625 0.2522979
vt 0.625 0.2522982
vt 0.59375 0.2522979
vt 0.5625 0.2522973
vt 0.53125 0.2522964
vt 1 0.2647598
vt 0.96875 0.2647607
vt 0.9375 0.2647622
vt 0.90625 0.2647632
vt 0.875 0.2647637
vt 0.84375 0.2647632
vt 0.8125 0.2647622
vt 0.78125 0.2647607
vt 1 0.2629557
vt 0.96875 0.2629572
vt 0.9375 0.2629595
vt 0.90625 0.2629612
vt 0.875 0.2629618
vt 0.84375 0.2629612
vt 0.8125 0.2629595
vt 0.78125 0.2629572
vt 1 0.2610111
vt 0.96875 0.2610128
vt 0.9375 0.2610155
vt 0.90625 0.2610175
vt 0.875 0.2610182
vt 0.84375 0.2610175
vt 0.8125 0.2610155
vt 0.78125 0.2610128
vt 1 0.2589495
vt 0.96875 0.2589511
vt 0.9375 0.2589538
vt 0.90625 0.2589557
vt 0.875 0.2589564
vt 0.84375 0.2589557
vt 0.8125 0.2589538
vt 0.78125 0.2589511
vt 1 0.256794
vt 0.96875 0.2567955
vt 0.9375 0.2567977
vt 0.90625 0.2567994
vt 0.875 0.2568
vt 0.84375 0.2567994
vt 0.8125 0.2567977
vt 0.78125 0.2567955
vt 1 0.2545684
vt 0.96875 0.2545694
vt 0.9375 0.2545711
vt 0.90625 0.2545723
vt 0.875 0.2545727
vt 0.84375 0.2545723
vt 0.8125 0.2545711
vt 0.78125 0.2545694
vt 1 0.2522959
vt 0.96875 0.2522964
vt 0.9375 0.2522973
vt 0.90625 0.2522979
vt 0.875 0.2522982
vt 0.84375 0.2522979
vt 0.8125 0.2522973
vt 0.78125 0.2522964
vt 0.625 0.9921875
vt 0.6478621 0.9899358
vt 0.6698457 0.9832671
vt 0.6901059 0.9724379
vt 0.707864 0.957864
vt 0.7224379 0.9401059
vt 0.7332671 0.9198457
vt 0.7399358 0.8978621
vt 0.7421875 0.875
vt 0.625 0.9896868
vt 0.6473742 0.9874823
vt 0.6688879 0.9809548
vt 0.6887149 0.970356
vt 0.7060934 0.9560934
vt 0.720356 0.9387148
vt 0.7309548 0.9188879
vt 0.7374823 0.8973742
vt 0.7396868 0.875
vt 0.625 0.9876271
vt 0.6469722 0.9854616
vt 0.6680991 0.9790504
vt 0.6875693 0.9686415
vt 0.7046351 0.9546351
vt 0.7186415 0.9375692
vt 0.7290504 0.918099
vt 0.7354617 0.8969722
vt 0.7376271 0.875
vt 0.625 0.9858978
vt 0.6466348 0.9837652
vt 0.6674369 0.9774517
vt 0.6866077 0.9672023
vt 0.7034111 0.9534111
vt 0.7172023 0.9366076
vt 0.7274518 0.9174369
vt 0.7337652 0.8966348
vt 0.7358978 0.875
vt 0.625 0.9843884
vt 0.6463402 0.9822845
vt 0.6668591 0.9760568
vt 0.6857686 0.9659467
vt 0.7023432 0.9523432
vt 0.7159467 0.9357686
vt 0.7260568 0.916859
vt 0.7322845 0.8963402
vt 0.7343884 0.875
vt 0.625 0.982988
vt 0.646067 0.9809111
vt 0.6663233 0.9747632
vt 0.6849908 0.9647826
vt 0.7013533 0.9513533
vt 0.7147826 0.9349908
vt 0.7247632 0.9163232
vt 0.7309111 0.896067
vt 0.732988 0.875
vt 0.625 0.9815862
vt 0.6457936 0.9795367
vt 0.6657872 0.973469
vt 0.6842128 0.9636182
vt 0.7003631 0.9503631
vt 0.7136182 0.9342127
vt 0.723469 0.9157872
vt 0.7295367 0.8957936
vt 0.7315862 0.875
vt 0.625 0.9800724
vt 0.6454985 0.9780526
vt 0.6652085 0.9720719
vt 0.6833731 0.9623615
vt 0.6992946 0.9492946
vt 0.7123615 0.9333731
vt 0.722072 0.9152085
vt 0.7280526 0.8954984
vt 0.7300724 0.875
vt 0.625 0.9783359
vt 0.6451598 0.9763504
vt 0.6645449 0.97047
vt 0.6824104 0.9609207
vt 0.6980696 0.9480696
vt 0.7109207 0.9324104
vt 0.72047 0.9145449
vt 0.7263504 0.8951598
vt 0.7283359 0.875
vt 0.7399358 0.8521378
vt 0.7332671 0.8301543
vt 0.7224379 0.8098941
vt 0.707864 0.7921359
vt 0.6901059 0.7775621
vt 0.6698457 0.7667328
vt 0.6478621 0.7600642
vt 0.625 0.7578125
vt 0.7374823 0.8526258
vt 0.7309548 0.8311121
vt 0.720356 0.8112851
vt 0.7060934 0.7939066
vt 0.6887148 0.779644
vt 0.6688879 0.7690452
vt 0.6473742 0.7625177
vt 0.625 0.7603132
vt 0.7354616 0.8530278
vt 0.7290504 0.8319009
vt 0.7186415 0.8124307
vt 0.7046351 0.7953649
vt 0.6875692 0.7813585
vt 0.668099 0.7709496
vt 0.6469722 0.7645384
vt 0.625 0.7623729
vt 0.7337652 0.8533652
vt 0.7274517 0.8325631
vt 0.7172023 0.8133924
vt 0.703411 0.7965889
vt 0.6866076 0.7827977
vt 0.6674369 0.7725482
vt 0.6466348 0.7662349
vt 0.625 0.7641022
vt 0.7322845 0.8536597
vt 0.7260568 0.8331409
vt 0.7159467 0.8142314
vt 0.7023432 0.7976568
vt 0.6857686 0.7840533
vt 0.666859 0.7739432
vt 0.6463403 0.7677155
vt 0.625 0.7656116
vt 0.7309111 0.853933
vt 0.7247632 0.8336767
vt 0.7147826 0.8150092
vt 0.7013533 0.7986467
vt 0.6849908 0.7852174
vt 0.6663232 0.7752368
vt 0.646067 0.7690889
vt 0.625 0.767012
vt 0.7295367 0.8542063
vt 0.723469 0.8342128
vt 0.7136182 0.8157872
vt 0.7003631 0.7996368
vt 0.6842127 0.7863818
vt 0.6657872 0.776531
vt 0.6457936 0.7704633
vt 0.625 0.7684138
vt 0.7280526 0.8545015
vt 0.7220719 0.8347915
vt 0.7123615 0.8166269
vt 0.6992946 0.8007054
vt 0.6833731 0.7876384
vt 0.6652085 0.777928
vt 0.6454985 0.7719474
vt 0.625 0.7699276
vt 0.7263504 0.8548402
vt 0.72047 0.8354551
vt 0.7109207 0.8175896
vt 0.6980695 0.8019304
vt 0.6824104 0.7890793
vt 0.6645449 0.77953
vt 0.6451598 0.7736496
vt 0.625 0.771664
vt 0.5078125 0.875
vt 0.5100642 0.8521378
vt 0.5167329 0.8301543
vt 0.5275621 0.8098941
vt 0.542136 0.7921359
vt 0.5598941 0.7775621
vt 0.5801543 0.7667328
vt 0.6021379 0.7600642
vt 0.5103132 0.875
vt 0.5125177 0.8526258
vt 0.5190452 0.8311121
vt 0.529644 0.8112851
vt 0.5439066 0.7939066
vt 0.5612852 0.779644
vt 0.5811121 0.7690452
vt 0.6026258 0.7625177
vt 0.5123729 0.875
vt 0.5145384 0.8530278
vt 0.5209496 0.8319009
vt 0.5313585 0.8124307
vt 0.5453649 0.7953649
vt 0.5624308 0.7813585
vt 0.581901 0.7709496
vt 0.6030278 0.7645384
vt 0.5141022 0.875
vt 0.5162348 0.8533652
vt 0.5225483 0.8325631
vt 0.5327977 0.8133924
vt 0.546589 0.7965889
vt 0.5633924 0.7827977
vt 0.5825631 0.7725482
vt 0.6033652 0.7662349
vt 0.5156116 0.875
vt 0.5177155 0.8536597
vt 0.5239432 0.8331409
vt 0.5340533 0.8142314
vt 0.5476568 0.7976568
vt 0.5642314 0.7840533
vt 0.583141 0.7739432
vt 0.6036597 0.7677155
vt 0.517012 0.875
vt 0.5190889 0.853933
vt 0.5252368 0.8336767
vt 0.5352174 0.8150092
vt 0.5486467 0.7986467
vt 0.5650092 0.7852174
vt 0.5836768 0.7752368
vt 0.603933 0.7690889
vt 0.5184138 0.875
vt 0.5204633 0.8542063
vt 0.526531 0.8342128
vt 0.5363818 0.8157872
vt 0.5496369 0.7996368
vt 0.5657873 0.7863818
vt 0.5842128 0.776531
vt 0.6042064 0.7704633
vt 0.5199276 0.875
vt 0.5219474 0.8545015
vt 0.5279281 0.8347915
vt 0.5376385 0.8166269
vt 0.5507054 0.8007054
vt 0.5666269 0.7876384
vt 0.5847915 0.777928
vt 0.6045015 0.7719474
vt 0.5216641 0.875
vt 0.5236496 0.8548402
vt 0.52953 0.8354551
vt 0.5390793 0.8175896
vt 0.5519305 0.8019304
vt 0.5675896 0.7890793
vt 0.5854551 0.77953
vt 0.6048402 0.7736496
vt 0.6021379 0.9899358
vt 0.5801543 0.9832671
vt 0.5598941 0.9724379
vt 0.542136 0.957864
vt 0.5275621 0.9401059
vt 0.5167329 0.9198457
vt 0.5100642 0.8978621
vt 0.6026258 0.9874823
vt 0.5811121 0.9809548
vt 0.5612851 0.970356
vt 0.5439066 0.9560934
vt 0.529644 0.9387148
vt 0.5190452 0.9188879
vt 0.5125177 0.8973742
vt 0.6030278 0.9854616
vt 0.5819009 0.9790504
vt 0.5624307 0.9686415
vt 0.5453649 0.9546351
vt 0.5313585 0.9375692
vt 0.5209496 0.918099
vt 0.5145383 0.8969722
vt 0.6033652 0.9837652
vt 0.5825631 0.9774517
vt 0.5633923 0.9672023
vt 0.5465889 0.9534111
vt 0.5327977 0.9366076
vt 0.5225482 0.9174369
vt 0.5162348 0.8966348
vt 0.6036598 0.9822845
vt 0.5831409 0.9760568
vt 0.5642314 0.9659467
vt 0.5476568 0.9523432
vt 0.5340533 0.9357686
vt 0.5239432 0.916859
vt 0.5177155 0.8963402
vt 0.603933 0.9809111
vt 0.5836767 0.9747632
vt 0.5650092 0.9647826
vt 0.5486467 0.9513533
vt 0.5352174 0.9349908
vt 0.5252368 0.9163232
vt 0.5190889 0.896067
vt 0.6042064 0.9795367
vt 0.5842128 0.973469
vt 0.5657872 0.9636182
vt 0.5496369 0.9503631
vt 0.5363818 0.9342127
vt 0.526531 0.9157872
vt 0.5204633 0.8957936
vt 0.6045015 0.9780526
vt 0.5847915 0.9720719
vt 0.5666269 0.9623615
vt 0.5507054 0.9492946
vt 0.5376385 0.9333731
vt 0.527928 0.9152085
vt 0.5219474 0.8954984
vt 0.6048402 0.9763504
vt 0.5854551 0.97047
vt 0.5675896 0.9609207
vt 0.5519304 0.9480696
vt 0.5390793 0.9324104
vt 0.52953 0.9145449
vt 0.5236496 0.8951598
vt 0.625 0.9766057
vt 0.6448224 0.9746536
vt 0.6638831 0.968872
vt 0.6814497 0.9594828
vt 0.6968468 0.9468468
vt 0.7094828 0.9314497
vt 0.7188721 0.913883
vt 0.7246536 0.8948224
vt 0.7266057 0.875
vt 0.625 0.9747861
vt 0.6444674 0.9728691
vt 0.6631869 0.9671913
vt 0.680439 0.9579703
vt 0.6955606 0.9455606
vt 0.7079704 0.930439
vt 0.7171913 0.9131868
vt 0.7228691 0.8944674
vt 0.7247861 0.875
vt 0.625 0.9728802
vt 0.6440955 0.9709998
vt 0.6624576 0.9654306
vt 0.6793802 0.9563858
vt 0.694213 0.944213
vt 0.7063858 0.9293802
vt 0.7154306 0.9124576
vt 0.7209999 0.8940955
vt 0.7228802 0.875
vt 0.625 0.9708911
vt 0.6437075 0.969049
vt 0.6616964 0.9635928
vt 0.6782751 0.9547318
vt 0.6928065 0.9428065
vt 0.7047318 0.9282751
vt 0.7135928 0.9116963
vt 0.719049 0.8937075
vt 0.7208911 0.875
vt 0.625 0.9688219
vt 0.6433038 0.9670194
vt 0.6609044 0.9616809
vt 0.6771253 0.953011
vt 0.6913431 0.9413431
vt 0.703011 0.9271253
vt 0.7116809 0.9109044
vt 0.7170194 0.8933038
vt 0.7188219 0.875
vt 0.625 0.9666756
vt 0.642885 0.9649142
vt 0.6600829 0.9596977
vt 0.6759326 0.9512261
vt 0.6898251 0.9398251
vt 0.7012261 0.9259326
vt 0.7096977 0.9100829
vt 0.7149142 0.892885
vt 0.7166756 0.875
vt 0.625 0.9644552
vt 0.6424519 0.9627365
vt 0.6592332 0.9576461
vt 0.6746989 0.9493796
vt 0.6882547 0.9382547
vt 0.6993797 0.9246989
vt 0.7076461 0.9092332
vt 0.7127365 0.8924519
vt 0.7144552 0.875
vt 0.625 0.962164
vt 0.6420048 0.9604892
vt 0.6583562 0.9555291
vt 0.6734258 0.9474742
vt 0.6866343 0.9366343
vt 0.6974743 0.9234257
vt 0.7055291 0.9083562
vt 0.7104892 0.8920048
vt 0.712164 0.875
vt 0.7246536 0.8551776
vt 0.718872 0.8361169
vt 0.7094828 0.8185503
vt 0.6968468 0.8031532
vt 0.6814496 0.7905171
vt 0.663883 0.7811279
vt 0.6448224 0.7753464
vt 0.625 0.7733943
vt 0.7228691 0.8555326
vt 0.7171913 0.8368131
vt 0.7079703 0.819561
vt 0.6955606 0.8044394
vt 0.680439 0.7920296
vt 0.6631868 0.7828087
vt 0.6444674 0.7771309
vt 0.625 0.7752139
vt 0.7209998 0.8559045
vt 0.7154306 0.8375424
vt 0.7063858 0.8206198
vt 0.694213 0.805787
vt 0.6793802 0.7936142
vt 0.6624575 0.7845694
vt 0.6440955 0.7790002
vt 0.625 0.7771198
vt 0.719049 0.8562925
vt 0.7135928 0.8383037
vt 0.7047318 0.8217249
vt 0.6928064 0.8071935
vt 0.678275 0.7952682
vt 0.6616963 0.7864072
vt 0.6437075 0.780951
vt 0.625 0.7791089
vt 0.7170194 0.8566962
vt 0.7116809 0.8390956
vt 0.703011 0.8228747
vt 0.691343 0.8086569
vt 0.6771253 0.796989
vt 0.6609043 0.7883191
vt 0.6433038 0.7829806
vt 0.625 0.7811781
vt 0.7149142 0.8571149
vt 0.7096977 0.8399171
vt 0.7012261 0.8240674
vt 0.6898251 0.8101749
vt 0.6759326 0.7987739
vt 0.6600829 0.7903023
vt 0.642885 0.7850858
vt 0.625 0.7833245
vt 0.7127365 0.8575481
vt 0.7076461 0.8407668
vt 0.6993796 0.8253011
vt 0.6882547 0.8117453
vt 0.6746989 0.8006203
vt 0.6592331 0.7923539
vt 0.6424519 0.7872635
vt 0.625 0.7855448
vt 0.7104892 0.8579952
vt 0.7055291 0.8416438
vt 0.6974742 0.8265742
vt 0.6866343 0.8133657
vt 0.6734257 0.8025258
vt 0.6583562 0.7944709
vt 0.6420048 0.7895108
vt 0.625 0.787836
vt 0.5233943 0.875
vt 0.5253464 0.8551776
vt 0.531128 0.8361169
vt 0.5405172 0.8185503
vt 0.5531532 0.8031532
vt 0.5685504 0.7905171
vt 0.586117 0.7811279
vt 0.6051776 0.7753464
vt 0.5252139 0.875
vt 0.5271309 0.8555326
vt 0.5328087 0.8368131
vt 0.5420297 0.819561
vt 0.5544394 0.8044394
vt 0.569561 0.7920296
vt 0.5868132 0.7828087
vt 0.6055326 0.7771309
vt 0.5271198 0.875
vt 0.5290002 0.8559045
vt 0.5345694 0.8375424
vt 0.5436142 0.8206198
vt 0.555787 0.805787
vt 0.5706198 0.7936142
vt 0.5875425 0.7845694
vt 0.6059045 0.7790002
vt 0.5291089 0.875
vt 0.530951 0.8562925
vt 0.5364072 0.8383037
vt 0.5452682 0.8217249
vt 0.5571936 0.8071935
vt 0.571725 0.7952682
vt 0.5883037 0.7864072
vt 0.6062925 0.780951
vt 0.5311781 0.875
vt 0.5329806 0.8566962
vt 0.5383191 0.8390956
vt 0.546989 0.8228747
vt 0.558657 0.8086569
vt 0.5728747 0.796989
vt 0.5890957 0.7883191
vt 0.6066962 0.7829806
vt 0.5333244 0.875
vt 0.5350858 0.8571149
vt 0.5403023 0.8399171
vt 0.5487739 0.8240674
vt 0.5601749 0.8101749
vt 0.5740674 0.7987739
vt 0.5899171 0.7903023
vt 0.607115 0.7850858
vt 0.5355448 0.875
vt 0.5372635 0.8575481
vt 0.5423539 0.8407668
vt 0.5506204 0.8253011
vt 0.5617453 0.8117453
vt 0.5753011 0.8006203
vt 0.5907669 0.7923539
vt 0.6075481 0.7872635
vt 0.537836 0.875
vt 0.5395108 0.8579952
vt 0.5444709 0.8416438
vt 0.5525258 0.8265742
vt 0.5633657 0.8133657
vt 0.5765743 0.8025258
vt 0.5916438 0.7944709
vt 0.6079952 0.7895108
vt 0.6051776 0.9746536
vt 0.5861169 0.968872
vt 0.5685503 0.9594828
vt 0.5531532 0.9468468
vt 0.5405172 0.9314497
vt 0.5311279 0.913883
vt 0.5253464 0.8948224
vt 0.6055326 0.9728691
vt 0.5868131 0.9671913
vt 0.569561 0.9579703
vt 0.5544394 0.9455606
vt 0.5420296 0.930439
vt 0.5328087 0.9131868
vt 0.5271309 0.8944674
vt 0.6059045 0.9709998
vt 0.5875424 0.9654306
vt 0.5706198 0.9563858
vt 0.555787 0.944213
vt 0.5436142 0.9293802
vt 0.5345694 0.9124576
vt 0.5290001 0.8940955
vt 0.6062925 0.969049
vt 0.5883036 0.9635928
vt 0.5717249 0.9547318
vt 0.5571935 0.9428065
vt 0.5452682 0.9282751
vt 0.5364072 0.9116963
vt 0.530951 0.8937075
vt 0.6066962 0.9670194
vt 0.5890956 0.9616809
vt 0.5728747 0.953011
vt 0.5586569 0.9413431
vt 0.546989 0.9271253
vt 0.5383191 0.9109044
vt 0.5329806 0.8933038
vt 0.607115 0.9649142
vt 0.5899171 0.9596977
vt 0.5740674 0.9512261
vt 0.5601749 0.9398251
vt 0.5487739 0.9259326
vt 0.5403023 0.9100829
vt 0.5350858 0.892885
vt 0.6075481 0.9627365
vt 0.5907668 0.9576461
vt 0.5753011 0.9493796
vt 0.5617453 0.9382547
vt 0.5506203 0.9246989
vt 0.5423539 0.9092332
vt 0.5372635 0.8924519
vt 0.6079952 0.9604892
vt 0.5916438 0.9555291
vt 0.5765742 0.9474742
vt 0.5633657 0.9366343
vt 0.5525257 0.9234257
vt 0.5444709 0.9083562
vt 0.5395108 0.8920048
vt 0.625 0.9575753
vt 0.6411099 0.9559901
vt 0.6566017 0.9512931
vt 0.6708794 0.9436634
vt 0.6833938 0.9333938
vt 0.6936634 0.9208794
vt 0.7012931 0.9066016
vt 0.7059901 0.8911099
vt 0.7075753 0.875
vt 0.625 0.9498438
vt 0.6396017 0.9484079
vt 0.6536438 0.9441521
vt 0.6665858 0.9372375
vt 0.6779293 0.9279293
vt 0.6872376 0.9165858
vt 0.6941522 0.9036437
vt 0.6984079 0.8896017
vt 0.6998438 0.875
vt 0.625 0.9396398
vt 0.6376111 0.9384003
vt 0.6497393 0.9347258
vt 0.6609176 0.9287544
vt 0.6707152 0.9207152
vt 0.6787544 0.9109176
vt 0.6847258 0.8997392
vt 0.6884003 0.8876111
vt 0.6896398 0.875
vt 0.625 0.9276339
vt 0.6352689 0.9266251
vt 0.6451448 0.9236337
vt 0.6542473 0.9187717
vt 0.6622256 0.9122256
vt 0.6687718 0.9042473
vt 0.6736337 0.8951448
vt 0.6766251 0.8852689
vt 0.6776339 0.875
vt 0.625 0.9144965
vt 0.6327058 0.9137398
vt 0.6401169 0.9114954
vt 0.6469479 0.9078473
vt 0.652935 0.902935
vt 0.6578473 0.8969479
vt 0.6614955 0.8901169
vt 0.6637398 0.8827058
vt 0.6644965 0.875
vt 0.625 0.9008981
vt 0.6300528 0.9004021
vt 0.6349124 0.8989307
vt 0.6393917 0.8965387
vt 0.6433176 0.8933176
vt 0.6465387 0.8893917
vt 0.6489307 0.8849124
vt 0.6504021 0.8800528
vt 0.6508981 0.875
vt 0.625 0.8875091
vt 0.6274406 0.8872696
vt 0.6297879 0.886559
vt 0.6319515 0.8854037
vt 0.6338479 0.8838479
vt 0.6354037 0.8819515
vt 0.636559 0.8797879
vt 0.6372696 0.8774406
vt 0.6375091 0.875
vt 0.625 0.875
vt 0.7059901 0.8588901
vt 0.7012931 0.8433983
vt 0.6936634 0.8291206
vt 0.6833938 0.8166062
vt 0.6708794 0.8063366
vt 0.6566016 0.7987069
vt 0.6411099 0.7940099
vt 0.625 0.7924247
vt 0.6984079 0.8603982
vt 0.6941521 0.8463563
vt 0.6872375 0.8334142
vt 0.6779293 0.8220707
vt 0.6665858 0.8127624
vt 0.6536437 0.8058478
vt 0.6396018 0.8015921
vt 0.625 0.8001562
vt 0.6884003 0.8623888
vt 0.6847258 0.8502607
vt 0.6787544 0.8390824
vt 0.6707152 0.8292848
vt 0.6609175 0.8212456
vt 0.6497392 0.8152742
vt 0.6376111 0.8115997
vt 0.625 0.8103602
vt 0.6766251 0.8647311
vt 0.6736337 0.8548552
vt 0.6687717 0.8457526
vt 0.6622256 0.8377744
vt 0.6542473 0.8312282
vt 0.6451447 0.8263663
vt 0.6352689 0.8233749
vt 0.625 0.8223661
vt 0.6637398 0.8672942
vt 0.6614954 0.8598831
vt 0.6578473 0.8530521
vt 0.652935 0.847065
vt 0.6469479 0.8421527
vt 0.6401169 0.8385046
vt 0.6327058 0.8362602
vt 0.625 0.8355035
vt 0.6504021 0.8699472
vt 0.6489307 0.8650876
vt 0.6465387 0.8606083
vt 0.6433176 0.8566824
vt 0.6393917 0.8534613
vt 0.6349124 0.8510693
vt 0.6300528 0.8495979
vt 0.625 0.8491019
vt 0.6372696 0.8725594
vt 0.636559 0.8702121
vt 0.6354037 0.8680485
vt 0.6338479 0.8661521
vt 0.6319515 0.8645963
vt 0.6297879 0.863441
vt 0.6274406 0.8627304
vt 0.625 0.8624909
vt 0.5424247 0.875
vt 0.5440099 0.8588901
vt 0.5487069 0.8433983
vt 0.5563366 0.8291206
vt 0.5666062 0.8166062
vt 0.5791206 0.8063366
vt 0.5933984 0.7987069
vt 0.6088901 0.7940099
vt 0.5501562 0.875
vt 0.5515921 0.8603982
vt 0.5558479 0.8463563
vt 0.5627625 0.8334142
vt 0.5720707 0.8220707
vt 0.5834142 0.8127624
vt 0.5963563 0.8058478
vt 0.6103982 0.8015921
vt 0.5603602 0.875
vt 0.5615997 0.8623888
vt 0.5652742 0.8502607
vt 0.5712456 0.8390824
vt 0.5792848 0.8292848
vt 0.5890825 0.8212456
vt 0.6002608 0.8152742
vt 0.6123889 0.8115997
vt 0.5723661 0.875
vt 0.5733749 0.8647311
vt 0.5763663 0.8548552
vt 0.5812283 0.8457526
vt 0.5877744 0.8377744
vt 0.5957527 0.8312282
vt 0.6048553 0.8263663
vt 0.6147311 0.8233749
vt 0.5855035 0.875
vt 0.5862602 0.8672942
vt 0.5885046 0.8598831
vt 0.5921527 0.8530521
vt 0.597065 0.847065
vt 0.6030521 0.8421527
vt 0.6098831 0.8385046
vt 0.6172942 0.8362602
vt 0.5991019 0.875
vt 0.5995979 0.8699472
vt 0.6010693 0.8650876
vt 0.6034613 0.8606083
vt 0.6066824 0.8566824
vt 0.6106083 0.8534613
vt 0.6150876 0.8510693
vt 0.6199472 0.8495979
vt 0.6124909 0.875
vt 0.6127304 0.8725594
vt 0.613441 0.8702121
vt 0.6145963 0.8680485
vt 0.6161521 0.8661521
vt 0.6180485 0.8645963
vt 0.6202121 0.863441
vt 0.6225594 0.8627304
vt 0.6088901 0.9559901
vt 0.5933983 0.9512931
vt 0.5791206 0.9436634
vt 0.5666062 0.9333938
vt 0.5563366 0.9208794
vt 0.5487069 0.9066016
vt 0.5440099 0.8911099
vt 0.6103983 0.9484079
vt 0.5963562 0.9441521
vt 0.5834142 0.9372375
vt 0.5720707 0.9279293
vt 0.5627624 0.9165858
vt 0.5558478 0.9036437
vt 0.5515921 0.8896017
vt 0.6123889 0.9384003
vt 0.6002607 0.9347258
vt 0.5890824 0.9287544
vt 0.5792848 0.9207152
vt 0.5712456 0.9109176
vt 0.5652742 0.8997392
vt 0.5615997 0.8876111
vt 0.6147311 0.9266251
vt 0.6048552 0.9236337
vt 0.5957527 0.9187717
vt 0.5877744 0.9122256
vt 0.5812282 0.9042473
vt 0.5763663 0.8951448
vt 0.5733749 0.8852689
vt 0.6172942 0.9137398
vt 0.6098831 0.9114954
vt 0.6030521 0.9078473
vt 0.597065 0.902935
vt 0.5921527 0.8969479
vt 0.5885045 0.8901169
vt 0.5862602 0.8827058
vt 0.6199472 0.9004021
vt 0.6150876 0.8989307
vt 0.6106083 0.8965387
vt 0.6066824 0.8933176
vt 0.6034613 0.8893917
vt 0.6010693 0.8849124
vt 0.5995979 0.8800528
vt 0.6225594 0.8872696
vt 0.6202121 0.886559
vt 0.6180485 0.8854037
vt 0.6161521 0.8838479
vt 0.6145963 0.8819515
vt 0.613441 0.8797879
vt 0.6127304 0.8774406

f 2/2/2 11/11/11 10/10/10 1/1/1
f 3/3/3 12/12/12 11/11/11 2/2/2
f 4/4/4 13/13/13 12/12/12 3/3/3
f 5/5/5 14/14/14 13/13/13 4/4/4
f 6/6/6 15/15/15 14/14/14 5/5/5
f 7/7/7 16/16/16 15/15/15 6/6/6
f 8/8/8 17/17/17 16/16/16 7/7/7
f 9/9/9 18/18/18 17/17/17 8/8/8
f 11/11/11 20/20/20 19/19/19 10/10/10
f 12/12/12 21/21/21 20/20/20 11/11/11
f 13/13/13 22/22/22 21/21/21 12/12/12
f 14/14/14 23/23/23 22/22/22 13/13/13
f 15/15/15 24/24/24 23/23/23 14/14/14
f 16/16/16 25/25/25 24/24/24 15/15/15
f 17/17/17 26/26/26 25/25/25 16/16/16
f 18/18/18 27/27/27 26/26/26 17/17/17
f 20/20/20 29/29/29 28/28/28 19/19/19
f 21/21/21 30/30/30 29/29/29 20/20/20
f 22/22/22 31/31/31 30/30/30 21/21/21
f 23/23/23 32/32/32 31/31/31 22/22/22
f 24/24/24 33/33/33 32/32/32 23/23/23
f 25/25/25 34/34/34 33/33/33 24/24/24
f 26/26/26 35/35/35 34/34/34 25/25/25
f 27/27/27 36/36/36 35/35/35 26/26/26
f 29/29/29 38/38/38 37/37/37 28/28/28
f 30/30/30 39/39/39 38/38/38 29/29/29
f 31/31/31 40/40/40 39/39/39 30/30/30
f 32/32/32 41/41/41 40/40/40 31/31/31
f 33/33/33 42/42/42 41/41/41 32/32/32
f 34/34/34 43/43/43 42/42/42 33/33/33
f 35/35/35 44/44/44 43/43/43 34/34/34
f 36/36/36 45/45/45 44/44/44 35/35/35
f 38/38/38 47/47/47 46/46/46 37/37/37
f 39/39/39 48/48/48 47/47/47 38/38/38
f 40/40/40 49/49/49 48/48/48 39/39/39
f 41/41/41 50/50/50 49/49/49 40/40/40
f 42/42/42 51/51/51 50/50/50 41/41/41
f 43/43/43 52/52/52 51/51/51 42/42/42
f 44/44/44 53/53/53 52/52/52 43/43/43
f 45/45/45 54/54/54 53/53/53 44/44/44
f 47/47/47 56/56/56 55/55/55 46/46/46
f 48/48/48 57/57/57 56/56/56 47/47/47
f 49/49/49 58/58/58 57/57/57 48/48/48
f 50/50/50 59/59/59 58/58/58 49/49/49
f 51/51/51 60/60/60 59/59/59 50/50/50
f 52/52/52 61/61/61 60/60/60 51/51/51
f 53/53/53 62/62/62 61/61/61 52/52/52
f 54/54/54 63/63/63 62/62/62 53/53/53
f 56/56/56 65/65/65 64/64/64 55/55/55
f 57/57/57 66/66/66 65/65/65 56/56/56
f 58/58/58 67/67/67 66/66/66 57/57/57
f 59/59/59 68/68/68 67/67/67 58/58/58
f 60/60/60 69/69/69 68/68/68 59/59/59
f 61/61/61 70/70/70 69/69/69 60/60/60
f 62/62/62 71/71/71 70/70/70 61/61/61
f 63/63/63 72/72/72 71/71/71 62/62/62
f 73/73/73 74/74/74 2/2/2
f 73/73/73 2/2/2 1/1/1
f 75/75/75 2/2/2 74/74/74
f 75/75/75 3/3/3 2/2/2
f 76/76/76 3/3/3 75/75/75
f 76/76/76 4/4/4 3/3/3
f 77/77/77 4/4/4 76/76/76
f 78/78/78 4/4/4 77/77/77
f 78/78/78 5/5/5 4/4/4
f 79/79/79 5/5/5 78/78/78
f 79/79/79 6/6/6 5/5/5
f 80/80/80 6/6/6 79/79/79
f 80/80/80 7/7/7 6/6/6
f 81/81/81 7/7/7 80/80/80
f 82/82/82 7/7/7 81/81/81
f 82/82/82 8/8/8 7/7/7
f 83/83/83 8/8/8 82/82/82
f 83/83/83 9/9/9 8/8/8
f 73/73/73 84/84/84 87/87/87 74/74/74
f 84/84/84 85/85/85 88/88/88 87/87/87
f 85/85/85 86/86/86 89/89/89 88/88/88
f 74/74/74 87/87/87 90/90/90 75/75/75
f 87/87/87 88/88/88 91/91/91 90/90/90
f 88/88/88 89/89/89 92/92/92 91/91/91
f 75/75/75 90/90/90 93/93/93 76/76/76
f 90/90/90 91/91/91 94/94/94 93/93/93
f 91/91/91 92/92/92 95/95/95 94/94/94
f 76/76/76 93/93/93 96/96/96 77/77/77
f 93/93/93 94/94/94 97/97/97 96/96/96
f 94/94/94 95/95/95 98/98/98 97/97/97
f 77/77/77 96/96/96 99/99/99 78/78/78
f 96/96/96 97/97/97 100/100/100 99/99/99
f 97/97/97 98/98/98 101/101/101 100/100/100
f 78/78/78 99/99/99 102/102/102 79/79/79
f 99/99/99 100/100/100 103/103/103 102/102/102
f 100/100/100 101/101/101 104/104/104 103/103/103
f 79/79/79 102/102/102 105/105/105 80/80/80
f 102/102/102 103/103/103 106/106/106 105/105/105
f 103/103/103 104/104/104 107/107/107 106/106/106
f 80/80/80 105/105/105 108/108/108 81/81/81
f 105/105/105 106/106/106 109/109/109 108/108/108
f 106/106/106 107/107/107 110/110/110 109/109/109
f 81/81/81 108/108/108 111/111/111 82/82/82
f 108/108/108 109/109/109 112/112/112 111/111/111
f 109/109/109 110/110/110 113/113/113 112/112/112
f 82/82/82 111/111/111 114/114/114 83/83/83
f 111/111/111 112/112/112 115/115/115 114/114/114
f 112/112/112 113/113/113 116/116/116 115/115/115
f 10/10/10 124/125/124 117/117/117 1/1/1
f 124/125/124 125/126/125 118/118/118 117/117/117
f 125/126/125 126/127/126 119/119/119 118/118/118
f 126/127/126 127/128/127 120/120/120 119/119/119
f 127/128/127 128/129/128 121/121/121 120/120/120
f 128/129/128 129/130/129 122/122/122 121/121/121
f 129/130/129 130/131/130 123/123/123 122/122/122
f 130/131/130 18/132/18 9/124/9 123/123/123
f 19/19/19 131/133/131 124/125/124 10/10/10
f 131/133/131 132/134/132 125/126/125 124/125/124
f 132/134/132 133/135/133 126/127/126 125/126/125
f 133/135/133 134/136/134 127/128/127 126/127/126
f 134/136/134 135/137/135 128/129/128 127/128/127
f 135/137/135 136/138/136 129/130/129 128/129/128
f 136/138/136 137/139/137 130/131/130 129/130/129
f 137/139/137 27/140/27 18/132/18 130/131/130
f 28/28/28 138/141/138 131/133/131 19/19/19
f 138/141/138 139/142/139 132/134/132 131/133/131
f 139/142/139 140/143/140 133/135/133 132/134/132
f 140/143/140 141/144/141 134/136/134 133/135/133
f 141/144/141 142/145/142 135/137/135 134/136/134
f 142/145/142 143/146/143 136/138/136 135/137/135
f 143/146/143 144/147/144 137/139/137 136/138/136
f 144/147/144 36/148/36 27/140/27 137/139/137
f 37/37/37 145/149/145 138/141/138 28/28/28
f 145/149/145 146/150/146 139/142/139 138/141/138
f 146/150/146 147/151/147 140/143/140 139/142/139
f 147/151/147 148/152/148 141/144/141 140/143/140
f 148/152/148 149/153/149 142/145/142 141/144/141
f 149/153/149 150/154/150 143/146/143 142/145/142
f 150/154/150 151/155/151 144/147/144 143/146/143
f 151/155/151 45/156/45 36/148/36 144/147/144
f 46/46/46 152/157/152 145/149/145 37/37/37
f 152/157/152 153/158/153 146/150/146 145/149/145
f 153/158/153 154/159/154 147/151/147 146/150/146
f 154/159/154 155/160/155 148/152/148 147/151/147
f 155/160/155 156/161/156 149/153/149 148/152/148
f 156/161/156 157/162/157 150/154/150 149/153/149
f 157/162/157 158/163/158 151/155/151 150/154/150
f 158/163/158 54/164/54 45/156/45 151/155/151
f 55/55/55 159/165/159 152/157/152 46/46/46
f 159/165/159 160/166/160 153/158/153 152/157/152
f 160/166/160 161/167/161 154/159/154 153/158/153
f 161/167/161 162/168/162 155/160/155 154/159/154
f 162/168/162 163/169/163 156/161/156 155/160/155
f 163/169/163 164/170/164 157/162/157 156/161/156
f 164/170/164 165/171/165 158/163/158 157/162/157
f 165/171/165 63/172/63 54/164/54 158/163/158
f 64/64/64 166/173/166 159/165/159 55/55/55
f 166/173/166 167/174/167 160/166/160 159/165/159
f 167/174/167 168/175/168 161/167/161 160/166/160
f 168/175/168 169/176/169 162/168/162 161/167/161
f 169/176/169 170/177/170 163/169/163 162/168/162
f 170/177/170 171/178/171 164/170/164 163/169/163
f 171/178/171 172/179/172 165/171/165 164/170/164
f 172/179/172 72/180/72 63/172/63 165/171/165
f 117/117/117 173/181/173 73/73/73
f 1/1/1 117/117/117 73/73/73
f 173/181/173 117/117/117 174/182/174
f 117/117/117 118/118/118 174/182/174
f 174/182/174 118/118/118 175/183/175
f 118/118/118 119/119/119 175/183/175
f 175/183/175 119/119/119 176/184/176
f 176/184/176 119/119/119 177/185/177
f 119/119/119 120/120/120 177/185/177
f 177/185/177 120/120/120 178/186/178
f 120/120/120 121/121/121 178/186/178
f 178/186/178 121/121/121 179/187/179
f 121/121/121 122/122/122 179/187/179
f 179/187/179 122/122/122 180/188/180
f 180/188/180 122/122/122 181/189/181
f 122/122/122 123/123/123 181/189/181
f 181/189/181 123/123/123 83/190/83
f 123/123/123 9/124/9 83/190/83
f 182/191/182 84/84/84 73/73/73 173/181/173
f 183/192/183 85/85/85 84/84/84 182/191/182
f 184/193/184 86/86/86 85/85/85 183/192/183
f 185/194/185 182/191/182 173/181/173 174/182/174
f 186/195/186 183/192/183 182/191/182 185/194/185
f 187/196/187 184/193/184 183/192/183 186/195/186
f 188/197/188 185/194/185 174/182/174 175/183/175
f 189/198/189 186/195/186 185/194/185 188/197/188
f 190/199/190 187/196/187 186/195/186 189/198/189
f 191/200/191 188/197/188 175/183/175 176/184/176
f 192/201/192 189/198/189 188/197/188 191/200/191
f 193/202/193 190/199/190 189/198/189 192/201/192
f 194/203/194 191/200/191 176/184/176 177/185/177
f 195/204/195 192/201/192 191/200/191 194/203/194
f 196/205/196 193/202/193 192/201/192 195/204/195
f 197/206/197 194/203/194 177/185/177 178/186/178
f 198/207/198 195/204/195 194/203/194 197/206/197
f 199/208/199 196/205/196 195/204/195 198/207/198
f 200/209/200 197/206/197 178/186/178 179/187/179
f 201/210/201 198/207/198 197/206/197 200/209/200
f 202/211/202 199/208/199 198/207/198 201/210/201
f 203/212/203 200/209/200 179/187/179 180/188/180
f 204/213/204 201/210/201 200/209/200 203/212/203
f 205/214/205 202/211/202 201/210/201 204/213/204
f 206/215/206 203/212/203 180/188/180 181/189/181
f 207/216/207 204/213/204 203/212/203 206/215/206
f 208/217/208 205/214/205 204/213/204 207/216/207
f 114/218/114 206/215/206 181/189/181 83/190/83
f 115/219/115 207/216/207 206/215/206 114/218/114
f 116/220/116 208/217/208 207/216/207 115/219/115
f 65/65/65 210/222/210 209/221/209 64/64/64
f 66/66/66 211/223/211 210/222/210 65/65/65
f 67/67/67 212/224/212 211/223/211 66/66/66
f 68/68/68 213/225/213 212/224/212 67/67/67
f 69/69/69 214/226/214 213/225/213 68/68/68
f 70/70/70 215/227/215 214/226/214 69/69/69
f 71/71/71 216/228/216 215/227/215 70/70/70
f 72/72/72 217/229/217 216/228/216 71/71/71
f 210/222/210 219/231/219 218/230/218 209/221/209
f 211/223/211 220/232/220 219/231/219 210/222/210
f 212/224/212 221/233/221 220/232/220 211/223/211
f 213/225/213 222/234/222 221/233/221 212/224/212
f 214/226/214 223/235/223 222/234/222 213/225/213
f 215/227/215 224/236/224 223/235/223 214/226/214
f 216/228/216 225/237/225 224/236/224 215/227/215
f 217/229/217 226/238/226 225/237/225 216/228/216
f 219/231/219 228/240/228 227/239/227 218/230/218
f 220/232/220 229/241/229 228/240/228 219/231/219
f 221/233/221 230/242/230 229/241/229 220/232/220
f 222/234/222 231/243/231 230/242/230 221/233/221
f 223/235/223 232/244/232 231/243/231 222/234/222
f 224/236/224 233/245/233 232/244/232 223/235/223
f 225/237/225 234/246/234 233/245/233 224/236/224
f 226/238/226 235/247/235 234/246/234 225/237/225
f 228/240/228 237/249/237 236/248/236 227/239/227
f 229/241/229 238/250/238 237/249/237 228/240/228
f 230/242/230 239/251/239 238/250/238 229/241/229
f 231/243/231 240/252/240 239/251/239 230/242/230
f 232/244/232 241/253/241 240/252/240 231/243/231
f 233/245/233 242/254/242 241/253/241 232/244/232
f 234/246/234 243/255/243 242/254/242 233/245/233
f 235/247/235 244/256/244 243/255/243 234/246/234
f 237/249/237 246/258/246 245/257/245 236/248/236
f 238/250/238 247/259/247 246/258/246 237/249/237
f 239/251/239 248/260/248 247/259/247 238/250/238
f 240/252/240 249/261/249 248/260/248 239/251/239
f 241/253/241 250/262/250 249/261/249 240/252/240
f 242/254/242 251/263/251 250/262/250 241/253/241
f 243/255/243 252/264/252 251/263/251 242/254/242
f 244/256/244 253/265/253 252/264/252 243/255/243
f 246/258/246 255/267/255 254/266/254 245/257/245
f 247/259/247 256/268/256 255/267/255 246/258/246
f 248/260/248 257/269/257 256/268/256 247/259/247
f 249/261/249 258/270/258 257/269/257 248/260/248
f 250/262/250 259/271/259 258/270/258 249/261/249
f 251/263/251 260/272/260 259/271/259 250/262/250
f 252/264/252 261/273/261 260/272/260 251/263/251
f 253/265/253 262/274/262 261/273/261 252/264/252
f 255/267/255 264/276/264 263/275/263 254/266/254
f 256/268/256 265/277/265 264/276/264 255/267/255
f 257/269/257 266/278/266 265/277/265 256/268/256
f 258/270/258 267/279/267 266/278/266 257/269/257
f 259/271/259 268/280/268 267/279/267 258/270/258
f 260/272/260 269/281/269 268/280/268 259/271/259
f 261/273/261 270/282/270 269/281/269 260/272/260
f 262/274/262 271/283/271 270/282/270 261/273/261
f 272/284/272 273/285/273 270/282/270
f 272/284/272 270/282/270 271/283/271
f 273/285/273 274/286/274 269/281/269
f 273/285/273 269/281/269 270/282/270
f 274/286/274 275/287/275 268/280/268
f 274/286/274 268/280/268 269/281/269
f 275/287/275 276/288/276 268/280/268
f 276/288/276 277/289/277 267/279/267
f 276/288/276 267/279/267 268/280/268
f 277/289/277 278/290/278 266/278/266
f 277/289/277 266/278/266 267/279/267
f 278/290/278 279/291/279 266/278/266
f 279/291/279 280/292/280 265/277/265
f 279/291/279 265/277/265 266/278/266
f 280/292/280 281/293/281 264/276/264
f 280/292/280 264/276/264 265/277/265
f 282/294/282 264/276/264 281/293/281
f 282/294/282 263/275/263 264/276/264
f 283/295/283 263/275/263 282/294/282
f 272/284/272 284/296/284 287/299/287 273/285/273
f 284/296/284 285/297/285 288/300/288 287/299/287
f 285/297/285 286/298/286 289/301/289 288/300/288
f 273/285/273 287/299/287 290/302/290 274/286/274
f 287/299/287 288/300/288 291/303/291 290/302/290
f 288/300/288 289/301/289 292/304/292 291/303/291
f 274/286/274 290/302/290 293/305/293 275/287/275
f 290/302/290 291/303/291 294/306/294 293/305/293
f 291/303/291 292/304/292 295/307/295 294/306/294
f 275/287/275 293/305/293 296/308/296 276/288/276
f 293/305/293 294/306/294 297/309/297 296/308/296
f 294/306/294 295/307/295 298/310/298 297/309/297
f 276/288/276 296/308/296 299/311/299 277/289/277
f 296/308/296 297/309/297 300/312/300 299/311/299
f 297/309/297 298/310/298 301/313/301 300/312/300
f 277/289/277 299/311/299 302/314/302 278/290/278
f 299/311/299 300/312/300 303/315/303 302/314/302
f 300/312/300 301/313/301 304/316/304 303/315/303
f 278/290/278 302/314/302 305/317/305 279/291/279
f 302/314/302 303/315/303 306/318/306 305/317/305
f 303/315/303 304/316/304 307/319/307 306/318/306
f 279/291/279 305/317/305 308/320/308 280/292/280
f 305/317/305 306/318/306 309/321/309 308/320/308
f 306/318/306 307/319/307 310/322/310 309/321/309
f 280/292/280 308/320/308 311/323/311 281/293/281
f 308/320/308 309/321/309 312/324/312 311/323/311
f 309/321/309 310/322/310 313/325/313 312/324/312
f 281/293/281 311/323/311 314/326/314 282/294/282
f 311/323/311 312/324/312 315/327/315 314/326/314
f 312/324/312 313/325/313 316/328/316 315/327/315
f 282/294/282 314/326/314 317/329/317 283/295/283
f 314/326/314 315/327/315 318/330/318 317/329/317
f 315/327/315 316/328/316 319/331/319 318/330/318
f 209/221/209 320/332/320 166/173/166 64/64/64
f 320/332/320 321/333/321 167/174/167 166/173/166
f 321/333/321 322/334/322 168/175/168 167/174/167
f 322/334/322 323/335/323 169/176/169 168/175/168
f 323/335/323 324/336/324 170/177/170 169/176/169
f 324/336/324 325/337/325 171/178/171 170/177/170
f 325/337/325 326/338/326 172/179/172 171/178/171
f 326/338/326 217/339/217 72/180/72 172/179/172
f 218/230/218 327/340/327 320/332/320 209/221/209
f 327/340/327 328/341/328 321/333/321 320/332/320
f 328/341/328 329/342/329 322/334/322 321/333/321
f 329/342/329 330/343/330 323/335/323 322/334/322
f 330/343/330 331/344/331 324/336/324 323/335/323
f 331/344/331 332/345/332 325/337/325 324/336/324
f 332/345/332 333/346/333 326/338/326 325/337/325
f 333/346/333 226/347/226 217/339/217 326/338/326
f 227/239/227 334/348/334 327/340/327 218/230/218
f 334/348/334 335/349/335 328/341/328 327/340/327
f 335/349/335 336/350/336 329/342/329 328/341/328
f 336/350/336 337/351/337 330/343/330 329/342/329
f 337/351/337 338/352/338 331/344/331 330/343/330
f 338/352/338 339/353/339 332/345/332 331/344/331
f 339/353/339 340/354/340 333/346/333 332/345/332
f 340/354/340 235/355/235 226/347/226 333/346/333
f 236/248/236 341/356/341 334/348/334 227/239/227
f 341/356/341 342/357/342 335/349/335 334/348/334
f 342/357/342 343/358/343 336/350/336 335/349/335
f 343/358/343 344/359/344 337/351/337 336/350/336
f 344/359/344 345/360/345 338/352/338 337/351/337
f 345/360/345 346/361/346 339/353/339 338/352/338
f 346/361/346 347/362/347 340/354/340 339/353/339
f 347/362/347 244/363/244 235/355/235 340/354/340
f 245/257/245 348/364/348 341/356/341 236/248/236
f 348/364/348 349/365/349 342/357/342 341/356/341
f 349/365/349 350/366/350 343/358/343 342/357/342
f 350/366/350 351/367/351 344/359/344 343/358/343
f 351/367/351 352/368/352 345/360/345 344/359/344
f 352/368/352 353/369/353 346/361/346 345/360/345
f 353/369/353 354/370/354 347/362/347 346/361/346
f 354/370/354 253/371/253 244/363/244 347/362/347
f 254/266/254 355/372/355 348/364/348 245/257/245
f 355/372/355 356/373/356 349/365/349 348/364/348
f 356/373/356 357/374/357 350/366/350 349/365/349
f 357/374/357 358/375/358 351/367/351 350/366/350
f 358/375/358 359/376/359 352/368/352 351/367/351
f 359/376/359 360/377/360 353/369/353 352/368/352
f 360/377/360 361/378/361 354/370/354 353/369/353
f 361/378/361 262/379/262 253/371/253 354/370/354
f 263/275/263 362/380/362 355/372/355 254/266/254
f 362/380/362 363/381/363 356/373/356 355/372/355
f 363/381/363 364/382/364 357/374/357 356/373/356
f 364/382/364 365/383/365 358/375/358 357/374/357
f 365/383/365 366/384/366 359/376/359 358/375/358
f 366/384/366 367/385/367 360/377/360 359/376/359
f 367/385/367 368/386/368 361/378/361 360/377/360
f 368/386/368 271/387/271 262/379/262 361/378/361
f 368/386/368 369/389/369 272/388/272
f 271/387/271 368/386/368 272/388/272
f 367/385/367 370/390/370 369/389/369
f 368/386/368 367/385/367 369/389/369
f 366/384/366 371/391/371 370/390/370
f 367/385/367 366/384/366 370/390/370
f 366/384/366 372/392/372 371/391/371
f 365/383/365 373/393/373 372/392/372
f 366/384/366 365/383/365 372/392/372
f 364/382/364 374/394/374 373/393/373
f 365/383/365 364/382/364 373/393/373
f 364/382/364 375/395/375 374/394/374
f 363/381/363 376/396/376 375/395/375
f 364/382/364 363/381/363 375/395/375
f 362/380/362 377/397/377 376/396/376
f 363/381/363 362/380/362 376/396/376
f 377/397/377 362/380/362 378/398/378
f 362/380/362 263/275/263 378/398/378
f 378/398/378 263/275/263 283/295/283
f 379/402/379 284/399/284 272/388/272 369/389/369
f 380/403/380 285/400/285 284/399/284 379/402/379
f 381/404/381 286/401/286 285/400/285 380/403/380
f 382/405/382 379/402/379 369/389/369 370/390/370
f 383/406/383 380/403/380 379/402/379 382/405/382
f 384/407/384 381/404/381 380/403/380 383/406/383
f 385/408/385 382/405/382 370/390/370 371/391/371
f 386/409/386 383/406/383 382/405/382 385/408/385
f 387/410/387 384/407/384 383/406/383 386/409/386
f 388/411/388 385/408/385 371/391/371 372/392/372
f 389/412/389 386/409/386 385/408/385 388/411/388
f 390/413/390 387/410/387 386/409/386 389/412/389
f 391/414/391 388/411/388 372/392/372 373/393/373
f 392/415/392 389/412/389 388/411/388 391/414/391
f 393/416/393 390/413/390 389/412/389 392/415/392
f 394/417/394 391/414/391 373/393/373 374/394/374
f 395/418/395 392/415/392 391/414/391 394/417/394
f 396/419/396 393/416/393 392/415/392 395/418/395
f 397/420/397 394/417/394 374/394/374 375/395/375
f 398/421/398 395/418/395 394/417/394 397/420/397
f 399/422/399 396/419/396 395/418/395 398/421/398
f 400/423/400 397/420/397 375/395/375 376/396/376
f 401/424/401 398/421/398 397/420/397 400/423/400
f 402/425/402 399/422/399 398/421/398 401/424/401
f 403/426/403 400/423/400 376/396/376 377/397/377
f 404/427/404 401/424/401 400/423/400 403/426/403
f 405/428/405 402/425/402 401/424/401 404/427/404
f 406/429/406 403/426/403 377/397/377 378/398/378
f 407/430/407 404/427/404 403/426/403 406/429/406
f 408/431/408 405/428/405 404/427/404 407/430/407
f 317/329/317 406/429/406 378/398/378 283/295/283
f 318/330/318 407/430/407 406/429/406 317/329/317
f 319/331/319 408/431/408 407/430/407 318/330/318
f 410/433/410 419/442/419 418/441/418 409/432/409
f 411/434/411 420/443/420 419/442/419 410/433/410
f 412/435/412 421/444/421 420/443/420 411/434/411
f 413/436/413 422/445/422 421/444/421 412/435/412
f 414/437/414 423/446/423 422/445/422 413/436/413
f 415/438/415 424/447/424 423/446/423 414/437/414
f 416/439/416 425/448/425 424/447/424 415/438/415
f 417/440/417 426/449/426 425/448/425 416/439/416
f 419/442/419 428/451/428 427/450/427 418/441/418
f 420/443/420 429/452/429 428/451/428 419/442/419
f 421/444/421 430/453/430 429/452/429 420/443/420
f 422/445/422 431/454/431 430/453/430 421/444/421
f 423/446/423 432/455/432 431/454/431 422/445/422
f 424/447/424 433/456/433 432/455/432 423/446/423
f 425/448/425 434/457/434 433/456/433 424/447/424
f 426/449/426 435/458/435 434/457/434 425/448/425
f 428/451/428 437/460/437 436/459/436 427/450/427
f 429/452/429 438/461/438 437/460/437 428/451/428
f 430/453/430 439/462/439 438/461/438 429/452/429
f 431/454/431 440/463/440 439/462/439 430/453/430
f 432/455/432 441/464/441 440/463/440 431/454/431
f 433/456/433 442/465/442 441/464/441 432/455/432
f 434/457/434 443/466/443 442/465/442 433/456/433
f 435/458/435 444/467/444 443/466/443 434/457/434
f 437/460/437 446/469/446 445/468/445 436/459/436
f 438/461/438 447/470/447 446/469/446 437/460/437
f 439/462/439 448/471/448 447/470/447 438/461/438
f 440/463/440 449/472/449 448/471/448 439/462/439
f 441/464/441 450/473/450 449/472/449 440/463/440
f 442/465/442 451/474/451 450/473/450 441/464/441
f 443/466/443 452/475/452 451/474/451 442/465/442
f 444/467/444 453/476/453 452/475/452 443/466/443
f 446/469/446 455/478/455 454/477/454 445/468/445
f 447/470/447 456/479/456 455/478/455 446/469/446
f 448/471/448 457/480/457 456/479/456 447/470/447
f 449/472/449 458/481/458 457/480/457 448/471/448
f 450/473/450 459/482/459 458/481/458 449/472/449
f 451/474/451 460/483/460 459/482/459 450/473/450
f 452/475/452 461/484/461 460/483/460 451/474/451
f 453/476/453 462/485/462 461/484/461 452/475/452
f 455/478/455 464/487/464 463/486/463 454/477/454
f 456/479/456 465/488/465 464/487/464 455/478/455
f 457/480/457 466/489/466 465/488/465 456/479/456
f 458/481/458 467/490/467 466/489/466 457/480/457
f 459/482/459 468/491/468 467/490/467 458/481/458
f 460/483/460 469/492/469 468/491/468 459/482/459
f 461/484/461 470/493/470 469/492/469 460/483/460
f 462/485/462 471/494/471 470/493/470 461/484/461
f 464/487/464 473/496/473 472/495/472 463/486/463
f 465/488/465 474/497/474 473/496/473 464/487/464
f 466/489/466 475/498/475 474/497/474 465/488/465
f 467/490/467 476/499/476 475/498/475 466/489/466
f 468/491/468 477/500/477 476/499/476 467/490/467
f 469/492/469 478/501/478 477/500/477 468/491/468
f 470/493/470 479/502/479 478/501/478 469/492/469
f 471/494/471 480/503/480 479/502/479 470/493/470
f 473/496/473 482/505/482 481/504/481 472/495/472
f 474/497/474 483/506/483 482/505/482 473/496/473
f 475/498/475 484/507/484 483/506/483 474/497/474
f 476/499/476 485/508/485 484/507/484 475/498/475
f 477/500/477 486/509/486 485/508/485 476/499/476
f 478/501/478 487/510/487 486/509/486 477/500/477
f 479/502/479 488/511/488 487/510/487 478/501/478
f 480/503/480 489/512/489 488/511/488 479/502/479
f 418/521/418 497/522/497 490/514/490 409/513/409
f 497/522/497 498/523/498 491/515/491 490/514/490
f 498/523/498 499/524/499 492/516/492 491/515/491
f 499/524/499 500/525/500 493/517/493 492/516/492
f 500/525/500 501/526/501 494/518/494 493/517/493
f 501/526/501 502/527/502 495/519/495 494/518/494
f 502/527/502 503/528/503 496/520/496 495/519/495
f 503/528/503 426/449/426 417/440/417 496/520/496
f 427/529/427 504/530/504 497/522/497 418/521/418
f 504/530/504 505/531/505 498/523/498 497/522/497
f 505/531/505 506/532/506 499/524/499 498/523/498
f 506/532/506 507/533/507 500/525/500 499/524/499
f 507/533/507 508/534/508 501/526/501 500/525/500
f 508/534/508 509/535/509 502/527/502 501/526/501
f 509/535/509 510/536/510 503/528/503 502/527/502
f 510/536/510 435/458/435 426/449/426 503/528/503
f 436/537/436 511/538/511 504/530/504 427/529/427
f 511/538/511 512/539/512 505/531/505 504/530/504
f 512/539/512 513/540/513 506/532/506 505/531/505
f 513/540/513 514/541/514 507/533/507 506/532/506
f 514/541/514 515/542/515 508/534/508 507/533/507
f 515/542/515 516/543/516 509/535/509 508/534/508
f 516/543/516 517/544/517 510/536/510 509/535/509
f 517/544/517 444/467/444 435/458/435 510/536/510
f 445/545/445 518/546/518 511/538/511 436/537/436
f 518/546/518 519/547/519 512/539/512 511/538/511
f 519/547/519 520/548/520 513/540/513 512/539/512
f 520/548/520 521/549/521 514/541/514 513/540/513
f 521/549/521 522/550/522 515/542/515 514/541/514
f 522/550/522 523/551/523 516/543/516 515/542/515
f 523/551/523 524/552/524 517/544/517 516/543/516
f 524/552/524 453/476/453 444/467/444 517/544/517
f 454/553/454 525/554/525 518/546/518 445/545/445
f 525/554/525 526/555/526 519/547/519 518/546/518
f 526/555/526 527/556/527 520/548/520 519/547/519
f 527/556/527 528/557/528 521/549/521 520/548/520
f 528/557/528 529/558/529 522/550/522 521/549/521
f 529/558/529 530/559/530 523/551/523 522/550/522
f 530/559/530 531/560/531 524/552/524 523/551/523
f 531/560/531 462/485/462 453/476/453 524/552/524
f 463/561/463 532/562/532 525/554/525 454/553/454
f 532/562/532 533/563/533 526/555/526 525/554/525
f 533/563/533 534/564/534 527/556/527 526/555/526
f 534/564/534 535/565/535 528/557/528 527/556/527
f 535/565/535 536/566/536 529/558/529 528/557/528
f 536/566/536 537/567/537 530/559/530 529/558/529
f 537/567/537 538/568/538 531/560/531 530/559/530
f 538/568/538 471/494/471 462/485/462 531/560/531
f 472/569/472 539/570/539 532/562/532 463/561/463
f 539/570/539 540/571/540 533/563/533 532/562/532
f 540/571/540 541/572/541 534/564/534 533/563/533
f 541/572/541 542/573/542 535/565/535 534/564/534
f 542/573/542 543/574/543 536/566/536 535/565/535
f 543/574/543 544/575/544 537/567/537 536/566/536
f 544/575/544 545/576/545 538/568/538 537/567/537
f 545/576/545 480/503/480 471/494/471 538/568/538
f 481/577/481 546/578/546 539/570/539 472/569/472
f 546/578/546 547/579/547 540/571/540 539/570/539
f 547/579/547 548/580/548 541/572/541 540/571/540
f 548/580/548 549/581/549 542/573/542 541/572/541
f 549/581/549 550/582/550 543/574/543 542/573/542
f 550/582/550 551/583/551 544/575/544 543/574/543
f 551/583/551 552/584/552 545/576/545 544/575/544
f 552/584/552 489/512/489 480/503/480 545/576/545
f 482/505/482 554/586/554 553/585/553 481/504/481
f 483/506/483 555/587/555 554/586/554 482/505/482
f 484/507/484 556/588/556 555/587/555 483/506/483
f 485/508/485 557/589/557 556/588/556 484/507/484
f 486/509/486 558/590/558 557/589/557 485/508/485
f 487/510/487 559/591/559 558/590/558 486/509/486
f 488/511/488 560/592/560 559/591/559 487/510/487
f 489/512/489 561/593/561 560/592/560 488/511/488
f 554/586/554 563/595/563 562/594/562 553/585/553
f 555/587/555 564/596/564 563/595/563 554/586/554
f 556/588/556 565/597/565 564/596/564 555/587/555
f 557/589/557 566/598/566 565/597/565 556/588/556
f 558/590/558 567/599/567 566/598/566 557/589/557
f 559/591/559 568/600/568 567/599/567 558/590/558
f 560/592/560 569/601/569 568/600/568 559/591/559
f 561/593/561 570/602/570 569/601/569 560/592/560
f 563/595/563 572/604/572 571/603/571 562/594/562
f 564/596/564 573/605/573 572/604/572 563/595/563
f 565/597/565 574/606/574 573/605/573 564/596/564
f 566/598/566 575/607/575 574/606/574 565/597/565
f 567/599/567 576/608/576 575/607/575 566/598/566
f 568/600/568 577/609/577 576/608/576 567/599/567
f 569/601/569 578/610/578 577/609/577 568/600/568
f 570/602/570 579/611/579 578/610/578 569/601/569
f 572/604/572 581/613/581 580/612/580 571/603/571
f 573/605/573 582/614/582 581/613/581 572/604/572
f 574/606/574 583/615/583 582/614/582 573/605/573
f 575/607/575 584/616/584 583/615/583 574/606/574
f 576/608/576 585/617/585 584/616/584 575/607/575
f 577/609/577 586/618/586 585/617/585 576/608/576
f 578/610/578 587/619/587 586/618/586 577/609/577
f 579/611/579 588/620/588 587/619/587 578/610/578
f 581/613/581 590/622/590 589/621/589 580/612/580
f 582/614/582 591/623/591 590/622/590 581/613/581
f 583/615/583 592/624/592 591/623/591 582/614/582
f 584/616/584 593/625/593 592/624/592 583/615/583
f 585/617/585 594/626/594 593/625/593 584/616/584
f 586/618/586 595/627/595 594/626/594 585/617/585
f 587/619/587 596/628/596 595/627/595 586/618/586
f 588/620/588 597/629/597 596/628/596 587/619/587
f 590/622/590 599/631/599 598/630/598 589/621/589
f 591/623/591 600/632/600 599/631/599 590/622/590
f 592/624/592 601/633/601 600/632/600 591/623/591
f 593/625/593 602/634/602 601/633/601 592/624/592
f 594/626/594 603/635/603 602/634/602 593/625/593
f 595/627/595 604/636/604 603/635/603 594/626/594
f 596/628/596 605/637/605 604/636/604 595/627/595
f 597/629/597 606/638/606 605/637/605 596/628/596
f 599/631/599 608/640/608 607/639/607 598/630/598
f 600/632/600 609/641/609 608/640/608 599/631/599
f 601/633/601 610/642/610 609/641/609 600/632/600
f 602/634/602 611/643/611 610/642/610 601/633/601
f 603/635/603 612/644/612 611/643/611 602/634/602
f 604/636/604 613/645/613 612/644/612 603/635/603
f 605/637/605 614/646/614 613/645/613 604/636/604
f 606/638/606 615/647/615 614/646/614 605/637/605
f 616/648/616 608/640/608 617/649/617
f 616/648/616 607/639/607 608/640/608
f 618/650/618 617/649/617 608/640/608
f 618/650/618 608/640/608 609/641/609
f 619/651/619 618/650/618 609/641/609
f 620/652/620 619/651/619 609/641/609
f 620/652/620 609/641/609 610/642/610
f 621/653/621 620/652/620 610/642/610
f 622/654/622 621/653/621 610/642/610
f 622/654/622 611/643/611 623/655/623
f 622/654/622 610/642/610 611/643/611
f 623/655/623 611/643/611 624/656/624
f 624/656/624 612/644/612 625/657/625
f 624/656/624 611/643/611 612/644/612
f 626/658/626 625/657/625 612/644/612
f 626/658/626 612/644/612 613/645/613
f 627/659/627 626/658/626 613/645/613
f 627/659/627 613/645/613 628/660/628
f 629/661/629 628/660/628 613/645/613
f 629/661/629 613/645/613 614/646/614
f 630/662/630 629/661/629 614/646/614
f 631/663/631 630/662/630 614/646/614
f 631/663/631 614/646/614 615/647/615
f 617/649/617 635/667/635 632/664/632 616/648/616
f 635/667/635 636/668/636 633/665/633 632/664/632
f 636/668/636 637/669/637 634/666/634 633/665/633
f 618/650/618 638/670/638 635/667/635 617/649/617
f 638/670/638 639/671/639 636/668/636 635/667/635
f 639/671/639 640/672/640 637/669/637 636/668/636
f 619/651/619 641/673/641 638/670/638 618/650/618
f 641/673/641 642/674/642 639/671/639 638/670/638
f 642/674/642 643/675/643 640/672/640 639/671/639
f 620/652/620 644/676/644 641/673/641 619/651/619
f 644/676/644 645/677/645 642/674/642 641/673/641
f 645/677/645 646/678/646 643/675/643 642/674/642
f 621/653/621 647/679/647 644/676/644 620/652/620
f 647/679/647 648/680/648 645/677/645 644/676/644
f 648/680/648 649/681/649 646/678/646 645/677/645
f 622/654/622 650/682/650 647/679/647 621/653/621
f 650/682/650 651/683/651 648/680/648 647/679/647
f 651/683/651 652/684/652 649/681/649 648/680/648
f 623/655/623 653/685/653 650/682/650 622/654/622
f 653/685/653 654/686/654 651/683/651 650/682/650
f 654/686/654 655/687/655 652/684/652 651/683/651
f 624/656/624 656/688/656 653/685/653 623/655/623
f 656/688/656 657/689/657 654/686/654 653/685/653
f 657/689/657 658/690/658 655/687/655 654/686/654
f 625/657/625 659/691/659 656/688/656 624/656/624
f 659/691/659 660/692/660 657/689/657 656/688/656
f 660/692/660 661/693/661 658/690/658 657/689/657
f 626/658/626 662/694/662 659/691/659 625/657/625
f 662/694/662 663/695/663 660/692/660 659/691/659
f 663/695/663 664/696/664 661/693/661 660/692/660
f 627/659/627 665/697/665 662/694/662 626/658/626
f 665/697/665 666/698/666 663/695/663 662/694/662
f 666/698/666 667/699/667 664/696/664 663/695/663
f 628/660/628 668/700/668 665/697/665 627/659/627
f 668/700/668 669/701/669 666/698/666 665/697/665
f 669/701/669 670/702/670 667/699/667 666/698/666
f 629/661/629 671/703/671 668/700/668 628/660/628
f 671/703/671 672/704/672 669/701/669 668/700/668
f 672/704/672 673/705/673 670/702/670 669/701/669
f 630/662/630 674/706/674 671/703/671 629/661/629
f 674/706/674 675/707/675 672/704/672 671/703/671
f 675/707/675 676/708/676 673/705/673 672/704/672
f 631/663/631 677/709/677 674/706/674 630/662/630
f 677/709/677 678/710/678 675/707/675 674/706/674
f 678/710/678 679/711/679 676/708/676 675/707/675
f 553/712/553 680/713/680 546/578/546 481/577/481
f 680/713/680 681/714/681 547/579/547 546/578/546
f 681/714/681 682/715/682 548/580/548 547/579/547
f 682/715/682 683/716/683 549/581/549 548/580/548
f 683/716/683 684/717/684 550/582/550 549/581/549
f 684/717/684 685/718/685 551/583/551 550/582/550
f 685/718/685 686/719/686 552/584/552 551/583/551
f 686/719/686 561/593/561 489/512/489 552/584/552
f 562/720/562 687/721/687 680/713/680 553/712/553
f 687/721/687 688/722/688 681/714/681 680/713/680
f 688/722/688 689/723/689 682/715/682 681/714/681
f 689/723/689 690/724/690 683/716/683 682/715/682
f 690/724/690 691/725/691 684/717/684 683/716/683
f 691/725/691 692/726/692 685/718/685 684/717/684
f 692/726/692 693/727/693 686/719/686 685/718/685
f 693/727/693 570/602/570 561/593/561 686/719/686
f 571/728/571 694/729/694 687/721/687 562/720/562
f 694/729/694 695/730/695 688/722/688 687/721/687
f 695/730/695 696/731/696 689/723/689 688/722/688
f 696/731/696 697/732/697 690/724/690 689/723/689
f 697/732/697 698/733/698 691/725/691 690/724/690
f 698/733/698 699/734/699 692/726/692 691/725/691
f 699/734/699 700/735/700 693/727/693 692/726/692
f 700/735/700 579/611/579 570/602/570 693/727/693
f 580/736/580 701/737/701 694/729/694 571/728/571
f 701/737/701 702/738/702 695/730/695 694/729/694
f 702/738/702 703/739/703 696/731/696 695/730/695
f 703/739/703 704/740/704 697/732/697 696/731/696
f 704/740/704 705/741/705 698/733/698 697/732/697
f 705/741/705 706/742/706 699/734/699 698/733/698
f 706/742/706 707/743/707 700/735/700 699/734/699
f 707/743/707 588/620/588 579/611/579 700/735/700
f 589/744/589 708/745/708 701/737/701 580/736/580
f 708/745/708 709/746/709 702/738/702 701/737/701
f 709/746/709 710/747/710 703/739/703 702/738/702
f 710/747/710 711/748/711 704/740/704 703/739/703
f 711/748/711 712/749/712 705/741/705 704/740/704
f 712/749/712 713/750/713 706/742/706 705/741/705
f 713/750/713 714/751/714 707/743/707 706/742/706
f 714/751/714 597/629/597 588/620/588 707/743/707
f 598/752/598 715/753/715 708/745/708 589/744/589
f 715/753/715 716/754/716 709/746/709 708/745/708
f 716/754/716 717/755/717 710/747/710 709/746/709
f 717/755/717 718/756/718 711/748/711 710/747/710
f 718/756/718 719/757/719 712/749/712 711/748/711
f 719/757/719 720/758/720 713/750/713 712/749/712
f 720/758/720 721/759/721 714/751/714 713/750/713
f 721/759/721 606/638/606 597/629/597 714/751/714
f 607/760/607 722/761/722 715/753/715 598/752/598
f 722/761/722 723/762/723 716/754/716 715/753/715
f 723/762/723 724/763/724 717/755/717 716/754/716
f 724/763/724 725/764/725 718/756/718 717/755/717
f 725/764/725 726/765/726 719/757/719 718/756/718
f 726/765/726 727/766/727 720/758/720 719/757/719
f 727/766/727 728/767/728 721/759/721 720/758/720
f 728/767/728 615/647/615 606/638/606 721/759/721
f 729/769/729 722/761/722 616/768/616
f 722/761/722 607/760/607 616/768/616
f 722/761/722 729/769/729 730/770/730
f 723/762/723 722/761/722 730/770/730
f 723/762/723 730/770/730 731/771/731
f 723/762/723 731/771/731 732/772/732
f 724/763/724 723/762/723 732/772/732
f 724/763/724 732/772/732 733/773/733
f 724/763/724 733/773/733 734/774/734
f 735/775/735 725/764/725 734/774/734
f 725/764/725 724/763/724 734/774/734
f 736/776/736 725/764/725 735/775/735
f 737/777/737 726/765/726 736/776/736
f 726/765/726 725/764/725 736/776/736
f 726/765/726 737/777/737 738/778/738
f 727/766/727 726/765/726 738/778/738
f 727/766/727 738/778/738 739/779/739
f 740/780/740 727/766/727 739/779/739
f 727/766/727 740/780/740 741/781/741
f 728/767/728 727/766/727 741/781/741
f 728/767/728 741/781/741 742/782/742
f 728/767/728 742/782/742 631/663/631
f 615/647/615 728/767/728 631/663/631
f 632/783/632 743/786/743 729/769/729 616/768/616
f 633/784/633 744/787/744 743/786/743 632/783/632
f 634/785/634 745/788/745 744/787/744 633/784/633
f 743/786/743 746/789/746 730/770/730 729/769/729
f 744/787/744 747/790/747 746/789/746 743/786/743
f 745/788/745 748/791/748 747/790/747 744/787/744
f 746/789/746 749/792/749 731/771/731 730/770/730
f 747/790/747 750/793/750 749/792/749 746/789/746
f 748/791/748 751/794/751 750/793/750 747/790/747
f 749/792/749 752/795/752 732/772/732 731/771/731
f 750/793/750 753/796/753 752/795/752 749/792/749
f 751/794/751 754/797/754 753/796/753 750/793/750
f 752/795/752 755/798/755 733/773/733 732/772/732
f 753/796/753 756/799/756 755/798/755 752/795/752
f 754/797/754 757/800/757 756/799/756 753/796/753
f 755/798/755 758/801/758 734/774/734 733/773/733
f 756/799/756 759/802/759 758/801/758 755/798/755
f 757/800/757 760/803/760 759/802/759 756/799/756
f 758/801/758 761/804/761 735/775/735 734/774/734
f 759/802/759 762/805/762 761/804/761 758/801/758
f 760/803/760 763/806/763 762/805/762 759/802/759
f 761/804/761 764/807/764 736/776/736 735/775/735
f 762/805/762 765/808/765 764/807/764 761/804/761
f 763/806/763 766/809/766 765/808/765 762/805/762
f 764/807/764 767/810/767 737/777/737 736/776/736
f 765/808/765 768/811/768 767/810/767 764/807/764
f 766/809/766 769/812/769 768/811/768 765/808/765
f 767/810/767 770/813/770 738/778/738 737/777/737
f 768/811/768 771/814/771 770/813/770 767/810/767
f 769/812/769 772/815/772 771/814/771 768/811/768
f 770/813/770 773/816/773 739/779/739 738/778/738
f 771/814/771 774/817/774 773/816/773 770/813/770
f 772/815/772 775/818/775 774/817/774 771/814/771
f 773/816/773 776/819/776 740/780/740 739/779/739
f 774/817/774 777/820/777 776/819/776 773/816/773
f 775/818/775 778/821/778 777/820/777 774/817/774
f 776/819/776 779/822/779 741/781/741 740/780/740
f 777/820/777 780/823/780 779/822/779 776/819/776
f 778/821/778 781/824/781 780/823/780 777/820/777
f 779/822/779 782/825/782 742/782/742 741/781/741
f 780/823/780 783/826/783 782/825/782 779/822/779
f 781/824/781 784/827/784 783/826/783 780/823/780
f 782/825/782 677/709/677 631/663/631 742/782/742
f 783/826/783 678/710/678 677/709/677 782/825/782
f 784/827/784 679/711/679 678/710/678 783/826/783
f 785/828/785 787/830/787 786/829/786
f 785/828/785 788/831/788 787/830/787
f 785/828/785 789/832/789 788/831/788
f 785/828/785 790/833/790 789/832/789
f 785/828/785 791/834/791 790/833/790
f 785/828/785 792/835/792 791/834/791
f 785/828/785 793/836/793 792/835/792
f 785/828/785 794/837/794 793/836/793
f 787/830/787 796/839/796 795/838/795 786/829/786
f 788/831/788 797/840/797 796/839/796 787/830/787
f 789/832/789 798/841/798 797/840/797 788/831/788
f 790/833/790 799/842/799 798/841/798 789/832/789
f 791/834/791 800/843/800 799/842/799 790/833/790
f 792/835/792 801/844/801 800/843/800 791/834/791
f 793/836/793 802/845/802 801/844/801 792/835/792
f 794/837/794 803/846/803 802/845/802 793/836/793
f 796/839/796 805/848/805 804/847/804 795/838/795
f 797/840/797 806/849/806 805/848/805 796/839/796
f 798/841/798 807/850/807 806/849/806 797/840/797
f 799/842/799 808/851/808 807/850/807 798/841/798
f 800/843/800 809/852/809 808/851/808 799/842/799
f 801/844/801 810/853/810 809/852/809 800/843/800
f 802/845/802 811/854/811 810/853/810 801/844/801
f 803/846/803 812/855/812 811/854/811 802/845/802
f 805/848/805 814/857/814 813/856/813 804/847/804
f 806/849/806 815/858/815 814/857/814 805/848/805
f 807/850/807 816/859/816 815/858/815 806/849/806
f 808/851/808 817/860/817 816/859/816 807/850/807
f 809/852/809 818/861/818 817/860/817 808/851/808
f 810/853/810 819/862/819 818/861/818 809/852/809
f 811/854/811 820/863/820 819/862/819 810/853/810
f 812/855/812 821/864/821 820/863/820 811/854/811
f 814/857/814 823/866/823 822/865/822 813/856/813
f 815/858/815 824/867/824 823/866/823 814/857/814
f 816/859/816 825/868/825 824/867/824 815/858/815
f 817/860/817 826/869/826 825/868/825 816/859/816
f 818/861/818 827/870/827 826/869/826 817/860/817
f 819/862/819 828/871/828 827/870/827 818/861/818
f 820/863/820 829/872/829 828/871/828 819/862/819
f 821/864/821 830/873/830 829/872/829 820/863/820
f 823/866/823 832/875/832 831/874/831 822/865/822
f 824/867/824 833/876/833 832/875/832 823/866/823
f 825/868/825 834/877/834 833/876/833 824/867/824
f 826/869/826 835/878/835 834/877/834 825/868/825
f 827/870/827 836/879/836 835/878/835 826/869/826
f 828/871/828 837/880/837 836/879/836 827/870/827
f 829/872/829 838/881/838 837/880/837 828/871/828
f 830/873/830 839/882/839 838/881/838 829/872/829
f 832/875/832 841/884/841 840/883/840 831/874/831
f 833/876/833 842/885/842 841/884/841 832/875/832
f 834/877/834 843/886/843 842/885/842 833/876/833
f 835/878/835 844/887/844 843/886/843 834/877/834
f 836/879/836 845/888/845 844/887/844 835/878/835
f 837/880/837 846/889/846 845/888/845 836/879/836
f 838/881/838 847/890/847 846/889/846 837/880/837
f 839/882/839 848/891/848 847/890/847 838/881/838
f 841/884/841 850/893/850 849/892/849 840/883/840
f 842/885/842 851/894/851 850/893/850 841/884/841
f 843/886/843 852/895/852 851/894/851 842/885/842
f 844/887/844 853/896/853 852/895/852 843/886/843
f 845/888/845 854/897/854 853/896/853 844/887/844
f 846/889/846 855/898/855 854/897/854 845/888/845
f 847/890/847 856/899/856 855/898/855 846/889/846
f 848/891/848 857/900/857 856/899/856 847/890/847
f 785/828/785 858/901/858 794/837/794
f 785/828/785 859/902/859 858/901/858
f 785/828/785 860/903/860 859/902/859
f 785/828/785 861/904/861 860/903/860
f 785/828/785 862/905/862 861/904/861
f 785/828/785 863/906/863 862/905/862
f 785/828/785 864/907/864 863/906/863
f 785/828/785 865/908/865 864/907/864
f 858/901/858 866/909/866 803/846/803 794/837/794
f 859/902/859 867/910/867 866/909/866 858/901/858
f 860/903/860 868/911/868 867/910/867 859/902/859
f 861/904/861 869/912/869 868/911/868 860/903/860
f 862/905/862 870/913/870 869/912/869 861/904/861
f 863/906/863 871/914/871 870/913/870 862/905/862
f 864/907/864 872/915/872 871/914/871 863/906/863
f 865/908/865 873/916/873 872/915/872 864/907/864
f 866/909/866 874/917/874 812/855/812 803/846/803
f 867/910/867 875/918/875 874/917/874 866/909/866
f 868/911/868 876/919/876 875/918/875 867/910/867
f 869/912/869 877/920/877 876/919/876 868/911/868
f 870/913/870 878/921/878 877/920/877 869/912/869
f 871/914/871 879/922/879 878/921/878 870/913/870
f 872/915/872 880/923/880 879/922/879 871/914/871
f 873/916/873 881/924/881 880/923/880 872/915/872
f 874/917/874 882/925/882 821/864/821 812/855/812
f 875/918/875 883/926/883 882/925/882 874/917/874
f 876/919/876 884/927/884 883/926/883 875/918/875
f 877/920/877 885/928/885 884/927/884 876/919/876
f 878/921/878 886/929/886 885/928/885 877/920/877
f 879/922/879 887/930/887 886/929/886 878/921/878
f 880/923/880 888/931/888 887/930/887 879/922/879
f 881/924/881 889/932/889 888/931/888 880/923/880
f 882/925/882 890/933/890 830/873/830 821/864/821
f 883/926/883 891/934/891 890/933/890 882/925/882
f 884/927/884 892/935/892 891/934/891 883/926/883
f 885/928/885 893/936/893 892/935/892 884/927/884
f 886/929/886 894/937/894 893/936/893 885/928/885
f 887/930/887 895/938/895 894/937/894 886/929/886
f 888/931/888 896/939/896 895/938/895 887/930/887
f 889/932/889 897/940/897 896/939/896 888/931/888
f 890/933/890 898/941/898 839/882/839 830/873/830
f 891/934/891 899/942/899 898/941/898 890/933/890
f 892/935/892 900/943/900 899/942/899 891/934/891
f 893/936/893 901/944/901 900/943/900 892/935/892
f 894/937/894 902/945/902 901/944/901 893/936/893
f 895/938/895 903/946/903 902/945/902 894/937/894
f 896/939/896 904/947/904 903/946/903 895/938/895
f 897/940/897 905/948/905 904/947/904 896/939/896
f 898/941/898 906/949/906 848/891/848 839/882/839
f 899/942/899 907/950/907 906/949/906 898/941/898
f 900/943/900 908/951/908 907/950/907 899/942/899
f 901/944/901 909/952/909 908/951/908 900/943/900
f 902/945/902 910/953/910 909/952/909 901/944/901
f 903/946/903 911/954/911 910/953/910 902/945/902
f 904/947/904 912/955/912 911/954/911 903/946/903
f 905/948/905 913/956/913 912/955/912 904/947/904
f 906/949/906 914/957/914 857/900/857 848/891/848
f 907/950/907 915/958/915 914/957/914 906/949/906
f 908/951/908 916/959/916 915/958/915 907/950/907
f 909/952/909 917/960/917 916/959/916 908/951/908
f 910/953/910 918/961/918 917/960/917 909/952/909
f 911/954/911 919/962/919 918/961/918 910/953/910
f 912/955/912 920/963/920 919/962/919 911/954/911
f 913/956/913 921/964/921 920/963/920 912/955/912
f 922/965/922 923/966/923 785/828/785
f 923/966/923 924/967/924 785/828/785
f 924/967/924 925/968/925 785/828/785
f 925/968/925 926/969/926 785/828/785
f 926/969/926 927/970/927 785/828/785
f 927/970/927 928/971/928 785/828/785
f 928/971/928 929/972/929 785/828/785
f 929/972/929 865/908/865 785/828/785
f 930/973/930 931/974/931 923/966/923 922/965/922
f 931/974/931 932/975/932 924/967/924 923/966/923
f 932/975/932 933/976/933 925/968/925 924/967/924
f 933/976/933 934/977/934 926/969/926 925/968/925
f 934/977/934 935/978/935 927/970/927 926/969/926
f 935/978/935 936/979/936 928/971/928 927/970/927
f 936/979/936 937/980/937 929/972/929 928/971/928
f 937/980/937 873/916/873 865/908/865 929/972/929
f 938/981/938 939/982/939 931/974/931 930/973/930
f 939/982/939 940/983/940 932/975/932 931/974/931
f 940/983/940 941/984/941 933/976/933 932/975/932
f 941/984/941 942/985/942 934/977/934 933/976/933
f 942/985/942 943/986/943 935/978/935 934/977/934
f 943/986/943 944/987/944 936/979/936 935/978/935
f 944/987/944 945/988/945 937/980/937 936/979/936
f 945/988/945 881/924/881 873/916/873 937/980/937
f 946/989/946 947/990/947 939/982/939 938/981/938
f 947/990/947 948/991/948 940/983/940 939/982/939
f 948/991/948 949/992/949 941/984/941 940/983/940
f 949/992/949 950/993/950 942/985/942 941/984/941
f 950/993/950 951/994/951 943/986/943 942/985/942
f 951/994/951 952/995/952 944/987/944 943/986/943
f 952/995/952 953/996/953 945/988/945 944/987/944
f 953/996/953 889/932/889 881/924/881 945/988/945
f 954/997/954 955/998/955 947/990/947 946/989/946
f 955/998/955 956/999/956 948/991/948 947/990/947
f 956/999/956 957/1000/957 949/992/949 948/991/948
f 957/1000/957 958/1001/958 950/993/950 949/992/949
f 958/1001/958 959/1002/959 951/994/951 950/993/950
f 959/1002/959 960/1003/960 952/995/952 951/994/951
f 960/1003/960 961/1004/961 953/996/953 952/995/952
f 961/1004/961 897/940/897 889/932/889 953/996/953
f 962/1005/962 963/1006/963 955/998/955 954/997/954
f 963/1006/963 964/1007/964 956/999/956 955/998/955
f 964/1007/964 965/1008/965 957/1000/957 956/999/956
f 965/1008/965 966/1009/966 958/1001/958 957/1000/957
f 966/1009/966 967/1010/967 959/1002/959 958/1001/958
f 967/1010/967 968/1011/968 960/1003/960 959/1002/959
f 968/1011/968 969/1012/969 961/1004/961 960/1003/960
f 969/1012/969 905/948/905 897/940/897 961/1004/961
f 970/1013/970 971/1014/971 963/1006/963 962/1005/962
f 971/1014/971 972/1015/972 964/1007/964 963/1006/963
f 972/1015/972 973/1016/973 965/1008/965 964/1007/964
f 973/1016/973 974/1017/974 966/1009/966 965/1008/965
f 974/1017/974 975/1018/975 967/1010/967 966/1009/966
f 975/1018/975 976/1019/976 968/1011/968 967/1010/967
f 976/1019/976 977/1020/977 969/1012/969 968/1011/968
f 977/1020/977 913/956/913 905/948/905 969/1012/969
f 978/1021/978 979/1022/979 971/1014/971 970/1013/970
f 979/1022/979 980/1023/980 972/1015/972 971/1014/971
f 980/1023/980 981/1024/981 973/1016/973 972/1015/972
f 981/1024/981 982/1025/982 974/1017/974 973/1016/973
f 982/1025/982 983/1026/983 975/1018/975 974/1017/974
f 983/1026/983 984/1027/984 976/1019/976 975/1018/975
f 984/1027/984 985/1028/985 977/1020/977 976/1019/976
f 985/1028/985 921/964/921 913/956/913 977/1020/977
f 786/829/786 986/1029/986 785/828/785
f 986/1029/986 987/1030/987 785/828/785
f 987/1030/987 988/1031/988 785/828/785
f 988/1031/988 989/1032/989 785/828/785
f 989/1032/989 990/1033/990 785/828/785
f 990/1033/990 991/1034/991 785/828/785
f 991/1034/991 992/1035/992 785/828/785
f 992/1035/992 922/965/922 785/828/785
f 795/838/795 993/1036/993 986/1029/986 786/829/786
f 993/1036/993 994/1037/994 987/1030/987 986/1029/986
f 994/1037/994 995/1038/995 988/1031/988 987/1030/987
f 995/1038/995 996/1039/996 989/1032/989 988/1031/988
f 996/1039/996 997/1040/997 990/1033/990 989/1032/989
f 997/1040/997 998/1041/998 991/1034/991 990/1033/990
f 998/1041/998 999/1042/999 992/1035/992 991/1034/991
f 999/1042/999 930/973/930 922/965/922 992/1035/992
f 804/847/804 1000/1043/1000 993/1036/993 795/838/795
f 1000/1043/1000 1001/1044/1001 994/1037/994 993/1036/993
f 1001/1044/1001 1002/1045/1002 995/1038/995 994/1037/994
f 1002/1045/1002 1003/1046/1003 996/1039/996 995/1038/995
f 1003/1046/1003 1004/1047/1004 997/1040/997 996/1039/996
f 1004/1047/1004 1005/1048/1005 998/1041/998 997/1040/997
f 1005/1048/1005 1006/1049/1006 999/1042/999 998/1041/998
f 1006/1049/1006 938/981/938 930/973/930 999/1042/999
f 813/856/813 1007/1050/1007 1000/1043/1000 804/847/804
f 1007/1050/1007 1008/1051/1008 1001/1044/1001 1000/1043/1000
f 1008/1051/1008 1009/1052/1009 1002/1045/1002 1001/1044/1001
f 1009/1052/1009 1010/1053/1010 1003/1046/1003 1002/1045/1002
f 1010/1053/1010 1011/1054/1011 1004/1047/1004 1003/1046/1003
f 1011/1054/1011 1012/1055/1012 1005/1048/1005 1004/1047/1004
f 1012/1055/1012 1013/1056/1013 1006/1049/1006 1005/1048/1005
f 1013/1056/1013 946/989/946 938/981/938 1006/1049/1006
f 822/865/822 1014/1057/1014 1007/1050/1007 813/856/813
f 1014/1057/1014 1015/1058/1015 1008/1051/1008 1007/1050/1007
f 1015/1058/1015 1016/1059/1016 1009/1052/1009 1008/1051/1008
f 1016/1059/1016 1017/1060/1017 1010/1053/1010 1009/1052/1009
f 1017/1060/1017 1018/1061/1018 1011/1054/1011 1010/1053/1010
f 1018/1061/1018 1019/1062/1019 1012/1055/1012 1011/1054/1011
f 1019/1062/1019 1020/1063/1020 1013/1056/1013 1012/1055/1012
f 1020/1063/1020 954/997/954 946/989/946 1013/1056/1013
f 831/874/831 1021/1064/1021 1014/1057/1014 822/865/822
f 1021/1064/1021 1022/1065/1022 1015/1058/1015 1014/1057/1014
f 1022/1065/1022 1023/1066/1023 1016/1059/1016 1015/1058/1015
f 1023/1066/1023 1024/1067/1024 1017/1060/1017 1016/1059/1016
f 1024/1067/1024 1025/1068/1025 1018/1061/1018 1017/1060/1017
f 1025/1068/1025 1026/1069/1026 1019/1062/1019 1018/1061/1018
f 1026/1069/1026 1027/1070/1027 1020/1063/1020 1019/1062/1019
f 1027/1070/1027 962/1005/962 954/997/954 1020/1063/1020
f 840/883/840 1028/1071/1028 1021/1064/1021 831/874/831
f 1028/1071/1028 1029/1072/1029 1022/1065/1022 1021/1064/1021
f 1029/1072/1029 1030/1073/1030 1023/1066/1023 1022/1065/1022
f 1030/1073/1030 1031/1074/1031 1024/1067/1024 1023/1066/1023
f 1031/1074/1031 1032/1075/1032 1025/1068/1025 1024/1067/1024
f 1032/1075/1032 1033/1076/1033 1026/1069/1026 1025/1068/1025
f 1033/1076/1033 1034/1077/1034 1027/1070/1027 1026/1069/1026
f 1034/1077/1034 970/1013/970 962/1005/962 1027/1070/1027
f 849/892/849 1035/1078/1035 1028/1071/1028 840/883/840
f 1035/1078/1035 1036/1079/1036 1029/1072/1029 1028/1071/1028
f 1036/1079/1036 1037/1080/1037 1030/1073/1030 1029/1072/1029
f 1037/1080/1037 1038/1081/1038 1031/1074/1031 1030/1073/1030
f 1038/1081/1038 1039/1082/1039 1032/1075/1032 1031/1074/1031
f 1039/1082/1039 1040/1083/1040 1033/1076/1033 1032/1075/1032
f 1040/1083/1040 1041/1084/1041 1034/1077/1034 1033/1076/1033
f 1041/1084/1041 978/1021/978 970/1013/970 1034/1077/1034
f 850/1086/850 1043/1095/1043 1042/1094/1042 849/1085/849
f 851/1087/851 1044/1096/1044 1043/1095/1043 850/1086/850
f 852/1088/852 1045/1097/1045 1044/1096/1044 851/1087/851
f 853/1089/853 1046/1098/1046 1045/1097/1045 852/1088/852
f 854/1090/854 1047/1099/1047 1046/1098/1046 853/1089/853
f 855/1091/855 1048/1100/1048 1047/1099/1047 854/1090/854
f 856/1092/856 1049/1101/1049 1048/1100/1048 855/1091/855
f 857/1093/857 1050/1102/1050 1049/1101/1049 856/1092/856
f 1043/1095/1043 1052/1104/1052 1051/1103/1051 1042/1094/1042
f 1044/1096/1044 1053/1105/1053 1052/1104/1052 1043/1095/1043
f 1045/1097/1045 1054/1106/1054 1053/1105/1053 1044/1096/1044
f 1046/1098/1046 1055/1107/1055 1054/1106/1054 1045/1097/1045
f 1047/1099/1047 1056/1108/1056 1055/1107/1055 1046/1098/1046
f 1048/1100/1048 1057/1109/1057 1056/1108/1056 1047/1099/1047
f 1049/1101/1049 1058/1110/1058 1057/1109/1057 1048/1100/1048
f 1050/1102/1050 1059/1111/1059 1058/1110/1058 1049/1101/1049
f 1052/1104/1052 1061/1113/1061 1060/1112/1060 1051/1103/1051
f 1053/1105/1053 1062/1114/1062 1061/1113/1061 1052/1104/1052
f 1054/1106/1054 1063/1115/1063 1062/1114/1062 1053/1105/1053
f 1055/1107/1055 1064/1116/1064 1063/1115/1063 1054/1106/1054
f 1056/1108/1056 1065/1117/1065 1064/1116/1064 1055/1107/1055
f 1057/1109/1057 1066/1118/1066 1065/1117/1065 1056/1108/1056
f 1058/1110/1058 1067/1119/1067 1066/1118/1066 1057/1109/1057
f 1059/1111/1059 1068/1120/1068 1067/1119/1067 1058/1110/1058
f 1061/1113/1061 1070/1122/1070 1069/1121/1069 1060/1112/1060
f 1062/1114/1062 1071/1123/1071 1070/1122/1070 1061/1113/1061
f 1063/1115/1063 1072/1124/1072 1071/1123/1071 1062/1114/1062
f 1064/1116/1064 1073/1125/1073 1072/1124/1072 1063/1115/1063
f 1065/1117/1065 1074/1126/1074 1073/1125/1073 1064/1116/1064
f 1066/1118/1066 1075/1127/1075 1074/1126/1074 1065/1117/1065
f 1067/1119/1067 1076/1128/1076 1075/1127/1075 1066/1118/1066
f 1068/1120/1068 1077/1129/1077 1076/1128/1076 1067/1119/1067
f 1070/1122/1070 1079/1131/1079 1078/1130/1078 1069/1121/1069
f 1071/1123/1071 1080/1132/1080 1079/1131/1079 1070/1122/1070
f 1072/1124/1072 1081/1133/1081 1080/1132/1080 1071/1123/1071
f 1073/1125/1073 1082/1134/1082 1081/1133/1081 1072/1124/1072
f 1074/1126/1074 1083/1135/1083 1082/1134/1082 1073/1125/1073
f 1075/1127/1075 1084/1136/1084 1083/1135/1083 1074/1126/1074
f 1076/1128/1076 1085/1137/1085 1084/1136/1084 1075/1127/1075
f 1077/1129/1077 1086/1138/1086 1085/1137/1085 1076/1128/1076
f 1079/1131/1079 1088/1140/1088 1087/1139/1087 1078/1130/1078
f 1080/1132/1080 1089/1141/1089 1088/1140/1088 1079/1131/1079
f 1081/1133/1081 1090/1142/1090 1089/1141/1089 1080/1132/1080
f 1082/1134/1082 1091/1143/1091 1090/1142/1090 1081/1133/1081
f 1083/1135/1083 1092/1144/1092 1091/1143/1091 1082/1134/1082
f 1084/1136/1084 1093/1145/1093 1092/1144/1092 1083/1135/1083
f 1085/1137/1085 1094/1146/1094 1093/1145/1093 1084/1136/1084
f 1086/1138/1086 1095/1147/1095 1094/1146/1094 1085/1137/1085
f 1088/1140/1088 1097/1149/1097 1096/1148/1096 1087/1139/1087
f 1089/1141/1089 1098/1150/1098 1097/1149/1097 1088/1140/1088
f 1090/1142/1090 1099/1151/1099 1098/1150/1098 1089/1141/1089
f 1091/1143/1091 1100/1152/1100 1099/1151/1099 1090/1142/1090
f 1092/1144/1092 1101/1153/1101 1100/1152/1100 1091/1143/1091
f 1093/1145/1093 1102/1154/1102 1101/1153/1101 1092/1144/1092
f 1094/1146/1094 1103/1155/1103 1102/1154/1102 1093/1145/1093
f 1095/1147/1095 1104/1156/1104 1103/1155/1103 1094/1146/1094
f 1097/1149/1097 1106/1158/1106 1105/1157/1105 1096/1148/1096
f 1098/1150/1098 1107/1159/1107 1106/1158/1106 1097/1149/1097
f 1099/1151/1099 1108/1160/1108 1107/1159/1107 1098/1150/1098
f 1100/1152/1100 1109/1161/1109 1108/1160/1108 1099/1151/1099
f 1101/1153/1101 1110/1162/1110 1109/1161/1109 1100/1152/1100
f 1102/1154/1102 1111/1163/1111 1110/1162/1110 1101/1153/1101
f 1103/1155/1103 1112/1164/1112 1111/1163/1111 1102/1154/1102
f 1104/1156/1104 1113/1165/1113 1112/1164/1112 1103/1155/1103
f 914/1166/914 1114/1174/1114 1050/1102/1050 857/1093/857
f 915/1167/915 1115/1175/1115 1114/1174/1114 914/1166/914
f 916/1168/916 1116/1176/1116 1115/1175/1115 915/1167/915
f 917/1169/917 1117/1177/1117 1116/1176/1116 916/1168/916
f 918/1170/918 1118/1178/1118 1117/1177/1117 917/1169/917
f 919/1171/919 1119/1179/1119 1118/1178/1118 918/1170/918
f 920/1172/920 1120/1180/1120 1119/1179/1119 919/1171/919
f 921/1173/921 1121/1181/1121 1120/1180/1120 920/1172/920
f 1114/1174/1114 1122/1182/1122 1059/1111/1059 1050/1102/1050
f 1115/1175/1115 1123/1183/1123 1122/1182/1122 1114/1174/1114
f 1116/1176/1116 1124/1184/1124 1123/1183/1123 1115/1175/1115
f 1117/1177/1117 1125/1185/1125 1124/1184/1124 1116/1176/1116
f 1118/1178/1118 1126/1186/1126 1125/1185/1125 1117/1177/1117
f 1119/1179/1119 1127/1187/1127 1126/1186/1126 1118/1178/1118
f 1120/1180/1120 1128/1188/1128 1127/1187/1127 1119/1179/1119
f 1121/1181/1121 1129/1189/1129 1128/1188/1128 1120/1180/1120
f 1122/1182/1122 1130/1190/1130 1068/1120/1068 1059/1111/1059
f 1123/1183/1123 1131/1191/1131 1130/1190/1130 1122/1182/1122
f 1124/1184/1124 1132/1192/1132 1131/1191/1131 1123/1183/1123
f 1125/1185/1125 1133/1193/1133 1132/1192/1132 1124/1184/1124
f 1126/1186/1126 1134/1194/1134 1133/1193/1133 1125/1185/1125
f 1127/1187/1127 1135/1195/1135 1134/1194/1134 1126/1186/1126
f 1128/1188/1128 1136/1196/1136 1135/1195/1135 1127/1187/1127
f 1129/1189/1129 1137/1197/1137 1136/1196/1136 1128/1188/1128
f 1130/1190/1130 1138/1198/1138 1077/1129/1077 1068/1120/1068
f 1131/1191/1131 1139/1199/1139 1138/1198/1138 1130/1190/1130
f 1132/1192/1132 1140/1200/1140 1139/1199/1139 1131/1191/1131
f 1133/1193/1133 1141/1201/1141 1140/1200/1140 1132/1192/1132
f 1134/1194/1134 1142/1202/1142 1141/1201/1141 1133/1193/1133
f 1135/1195/1135 1143/1203/1143 1142/1202/1142 1134/1194/1134
f 1136/1196/1136 1144/1204/1144 1143/1203/1143 1135/1195/1135
f 1137/1197/1137 1145/1205/1145 1144/1204/1144 1136/1196/1136
f 1138/1198/1138 1146/1206/1146 1086/1138/1086 1077/1129/1077
f 1139/1199/1139 1147/1207/1147 1146/1206/1146 1138/1198/1138
f 1140/1200/1140 1148/1208/1148 1147/1207/1147 1139/1199/1139
f 1141/1201/1141 1149/1209/1149 1148/1208/1148 1140/1200/1140
f 1142/1202/1142 1150/1210/1150 1149/1209/1149 1141/1201/1141
f 1143/1203/1143 1151/1211/1151 1150/1210/1150 1142/1202/1142
f 1144/1204/1144 1152/1212/1152 1151/1211/1151 1143/1203/1143
f 1145/1205/1145 1153/1213/1153 1152/1212/1152 1144/1204/1144
f 1146/1206/1146 1154/1214/1154 1095/1147/1095 1086/1138/1086
f 1147/1207/1147 1155/1215/1155 1154/1214/1154 1146/1206/1146
f 1148/1208/1148 1156/1216/1156 1155/1215/1155 1147/1207/1147
f 1149/1209/1149 1157/1217/1157 1156/1216/1156 1148/1208/1148
f 1150/1210/1150 1158/1218/1158 1157/1217/1157 1149/1209/1149
f 1151/1211/1151 1159/1219/1159 1158/1218/1158 1150/1210/1150
f 1152/1212/1152 1160/1220/1160 1159/1219/1159 1151/1211/1151
f 1153/1213/1153 1161/1221/1161 1160/1220/1160 1152/1212/1152
f 1154/1214/1154 1162/1222/1162 1104/1156/1104 1095/1147/1095
f 1155/1215/1155 1163/1223/1163 1162/1222/1162 1154/1214/1154
f 1156/1216/1156 1164/1224/1164 1163/1223/1163 1155/1215/1155
f 1157/1217/1157 1165/1225/1165 1164/1224/1164 1156/1216/1156
f 1158/1218/1158 1166/1226/1166 1165/1225/1165 1157/1217/1157
f 1159/1219/1159 1167/1227/1167 1166/1226/1166 1158/1218/1158
f 1160/1220/1160 1168/1228/1168 1167/1227/1167 1159/1219/1159
f 1161/1221/1161 1169/1229/1169 1168/1228/1168 1160/1220/1160
f 1162/1222/1162 1170/1230/1170 1113/1165/1113 1104/1156/1104
f 1163/1223/1163 1171/1231/1171 1170/1230/1170 1162/1222/1162
f 1164/1224/1164 1172/1232/1172 1171/1231/1171 1163/1223/1163
f 1165/1225/1165 1173/1233/1173 1172/1232/1172 1164/1224/1164
f 1166/1226/1166 1174/1234/1174 1173/1233/1173 1165/1225/1165
f 1167/1227/1167 1175/1235/1175 1174/1234/1174 1166/1226/1166
f 1168/1228/1168 1176/1236/1176 1175/1235/1175 1167/1227/1167
f 1169/1229/1169 1177/1237/1177 1176/1236/1176 1168/1228/1168
f 1178/1246/1178 1179/1247/1179 979/1239/979 978/1238/978
f 1179/1247/1179 1180/1248/1180 980/1240/980 979/1239/979
f 1180/1248/1180 1181/1249/1181 981/1241/981 980/1240/980
f 1181/1249/1181 1182/1250/1182 982/1242/982 981/1241/981
f 1182/1250/1182 1183/1251/1183 983/1243/983 982/1242/982
f 1183/1251/1183 1184/1252/1184 984/1244/984 983/1243/983
f 1184/1252/1184 1185/1253/1185 985/1245/985 984/1244/984
f 1185/1253/1185 1121/1181/1121 921/1173/921 985/1245/985
f 1186/1254/1186 1187/1255/1187 1179/1247/1179 1178/1246/1178
f 1187/1255/1187 1188/1256/1188 1180/1248/1180 1179/1247/1179
f 1188/1256/1188 1189/1257/1189 1181/1249/1181 1180/1248/1180
f 1189/1257/1189 1190/1258/1190 1182/1250/1182 1181/1249/1181
f 1190/1258/1190 1191/1259/1191 1183/1251/1183 1182/1250/1182
f 1191/1259/1191 1192/1260/1192 1184/1252/1184 1183/1251/1183
f 1192/1260/1192 1193/1261/1193 1185/1253/1185 1184/1252/1184
f 1193/1261/1193 1129/1189/1129 1121/1181/1121 1185/1253/1185
f 1194/1262/1194 1195/1263/1195 1187/1255/1187 1186/1254/1186
f 1195/1263/1195 1196/1264/1196 1188/1256/1188 1187/1255/1187
f 1196/1264/1196 1197/1265/1197 1189/1257/1189 1188/1256/1188
f 1197/1265/1197 1198/1266/1198 1190/1258/1190 1189/1257/1189
f 1198/1266/1198 1199/1267/1199 1191/1259/1191 1190/1258/1190
f 1199/1267/1199 1200/1268/1200 1192/1260/1192 1191/1259/1191
f 1200/1268/1200 1201/1269/1201 1193/1261/1193 1192/1260/1192
f 1201/1269/1201 1137/1197/1137 1129/1189/1129 1193/1261/1193
f 1202/1270/1202 1203/1271/1203 1195/1263/1195 1194/1262/1194
f 1203/1271/1203 1204/1272/1204 1196/1264/1196 1195/1263/1195
f 1204/1272/1204 1205/1273/1205 1197/1265/1197 1196/1264/1196
f 1205/1273/1205 1206/1274/1206 1198/1266/1198 1197/1265/1197
f 1206/1274/1206 1207/1275/1207 1199/1267/1199 1198/1266/1198
f 1207/1275/1207 1208/1276/1208 1200/1268/1200 1199/1267/1199
f 1208/1276/1208 1209/1277/1209 1201/1269/1201 1200/1268/1200
f 1209/1277/1209 1145/1205/1145 1137/1197/1137 1201/1269/1201
f 1210/1278/1210 1211/1279/1211 1203/1271/1203 1202/1270/1202
f 1211/1279/1211 1212/1280/1212 1204/1272/1204 1203/1271/1203
f 1212/1280/1212 1213/1281/1213 1205/1273/1205 1204/1272/1204
f 1213/1281/1213 1214/1282/1214 1206/1274/1206 1205/1273/1205
f 1214/1282/1214 1215/1283/1215 1207/1275/1207 1206/1274/1206
f 1215/1283/1215 1216/1284/1216 1208/1276/1208 1207/1275/1207
f 1216/1284/1216 1217/1285/1217 1209/1277/1209 1208/1276/1208
f 1217/1285/1217 1153/1213/1153 1145/1205/1145 1209/1277/1209
f 1218/1286/1218 1219/1287/1219 1211/1279/1211 1210/1278/1210
f 1219/1287/1219 1220/1288/1220 1212/1280/1212 1211/1279/1211
f 1220/1288/1220 1221/1289/1221 1213/1281/1213 1212/1280/1212
f 1221/1289/1221 1222/1290/1222 1214/1282/1214 1213/1281/1213
f 1222/1290/1222 1223/1291/1223 1215/1283/1215 1214/1282/1214
f 1223/1291/1223 1224/1292/1224 1216/1284/1216 1215/1283/1215
f 1224/1292/1224 1225/1293/1225 1217/1285/1217 1216/1284/1216
f 1225/1293/1225 1161/1221/1161 1153/1213/1153 1217/1285/1217
f 1226/1294/1226 1227/1295/1227 1219/1287/1219 1218/1286/1218
f 1227/1295/1227 1228/1296/1228 1220/1288/1220 1219/1287/1219
f 1228/1296/1228 1229/1297/1229 1221/1289/1221 1220/1288/1220
f 1229/1297/1229 1230/1298/1230 1222/1290/1222 1221/1289/1221
f 1230/1298/1230 1231/1299/1231 1223/1291/1223 1222/1290/1222
f 1231/1299/1231 1232/1300/1232 1224/1292/1224 1223/1291/1223
f 1232/1300/1232 1233/1301/1233 1225/1293/1225 1224/1292/1224
f 1233/1301/1233 1169/1229/1169 1161/1221/1161 1225/1293/1225
f 1234/1302/1234 1235/1303/1235 1227/1295/1227 1226/1294/1226
f 1235/1303/1235 1236/1304/1236 1228/1296/1228 1227/1295/1227
f 1236/1304/1236 1237/1305/1237 1229/1297/1229 1228/1296/1228
f 1237/1305/1237 1238/1306/1238 1230/1298/1230 1229/1297/1229
f 1238/1306/1238 1239/1307/1239 1231/1299/1231 1230/1298/1230
f 1239/1307/1239 1240/1308/1240 1232/1300/1232 1231/1299/1231
f 1240/1308/1240 1241/1309/1241 1233/1301/1233 1232/1300/1232
f 1241/1309/1241 1177/1237/1177 1169/1229/1169 1233/1301/1233
f 1042/1094/1042 1242/1317/1242 1035/1310/1035 849/1085/849
f 1242/1317/1242 1243/1318/1243 1036/1311/1036 1035/1310/1035
f 1243/1318/1243 1244/1319/1244 1037/1312/1037 1036/1311/1036
f 1244/1319/1244 1245/1320/1245 1038/1313/1038 1037/1312/1037
f 1245/1320/1245 1246/1321/1246 1039/1314/1039 1038/1313/1038
f 1246/1321/1246 1247/1322/1247 1040/1315/1040 1039/1314/1039
f 1247/1322/1247 1248/1323/1248 1041/1316/1041 1040/1315/1040
f 1248/1323/1248 1178/1246/1178 978/1238/978 1041/1316/1041
f 1051/1103/1051 1249/1324/1249 1242/1317/1242 1042/1094/1042
f 1249/1324/1249 1250/1325/1250 1243/1318/1243 1242/1317/1242
f 1250/1325/1250 1251/1326/1251 1244/1319/1244 1243/1318/1243
f 1251/1326/1251 1252/1327/1252 1245/1320/1245 1244/1319/1244
f 1252/1327/1252 1253/1328/1253 1246/1321/1246 1245/1320/1245
f 1253/1328/1253 1254/1329/1254 1247/1322/1247 1246/1321/1246
f 1254/1329/1254 1255/1330/1255 1248/1323/1248 1247/1322/1247
f 1255/1330/1255 1186/1254/1186 1178/1246/1178 1248/1323/1248
f 1060/1112/1060 1256/1331/1256 1249/1324/1249 1051/1103/1051
f 1256/1331/1256 1257/1332/1257 1250/1325/1250 1249/1324/1249
f 1257/1332/1257 1258/1333/1258 1251/1326/1251 1250/1325/1250
f 1258/1333/1258 1259/1334/1259 1252/1327/1252 1251/1326/1251
f 1259/1334/1259 1260/1335/1260 1253/1328/1253 1252/1327/1252
f 1260/1335/1260 1261/1336/1261 1254/1329/1254 1253/1328/1253
f 1261/1336/1261 1262/1337/1262 1255/1330/1255 1254/1329/1254
f 1262/1337/1262 1194/1262/1194 1186/1254/1186 1255/1330/1255
f 1069/1121/1069 1263/1338/1263 1256/1331/1256 1060/1112/1060
f 1263/1338/1263 1264/1339/1264 1257/1332/1257 1256/1331/1256
f 1264/1339/1264 1265/1340/1265 1258/1333/1258 1257/1332/1257
f 1265/1340/1265 1266/1341/1266 1259/1334/1259 1258/1333/1258
f 1266/1341/1266 1267/1342/1267 1260/1335/1260 1259/1334/1259
f 1267/1342/1267 1268/1343/1268 1261/1336/1261 1260/1335/1260
f 1268/1343/1268 1269/1344/1269 1262/1337/1262 1261/1336/1261
f 1269/1344/1269 1202/1270/1202 1194/1262/1194 1262/1337/1262
f 1078/1130/1078 1270/1345/1270 1263/1338/1263 1069/1121/1069
f 1270/1345/1270 1271/1346/1271 1264/1339/1264 1263/1338/1263
f 1271/1346/1271 1272/1347/1272 1265/1340/1265 1264/1339/1264
f 1272/1347/1272 1273/1348/1273 1266/1341/1266 1265/1340/1265
f 1273/1348/1273 1274/1349/1274 1267/1342/1267 1266/1341/1266
f 1274/1349/1274 1275/1350/1275 1268/1343/1268 1267/1342/1267
f 1275/1350/1275 1276/1351/1276 1269/1344/1269 1268/1343/1268
f 1276/1351/1276 1210/1278/1210 1202/1270/1202 1269/1344/1269
f 1087/1139/1087 1277/1352/1277 1270/1345/1270 1078/1130/1078
f 1277/1352/1277 1278/1353/1278 1271/1346/1271 1270/1345/1270
f 1278/1353/1278 1279/1354/1279 1272/1347/1272 1271/1346/1271
f 1279/1354/1279 1280/1355/1280 1273/1348/1273 1272/1347/1272
f 1280/1355/1280 1281/1356/1281 1274/1349/1274 1273/1348/1273
f 1281/1356/1281 1282/1357/1282 1275/1350/1275 1274/1349/1274
f 1282/1357/1282 1283/1358/1283 1276/1351/1276 1275/1350/1275
f 1283/1358/1283 1218/1286/1218 1210/1278/1210 1276/1351/1276
f 1096/1148/1096 1284/1359/1284 1277/1352/1277 1087/1139/1087
f 1284/1359/1284 1285/1360/1285 1278/1353/1278 1277/1352/1277
f 1285/1360/1285 1286/1361/1286 1279/1354/1279 1278/1353/1278
f 1286/1361/1286 1287/1362/1287 1280/1355/1280 1279/1354/1279
f 1287/1362/1287 1288/1363/1288 1281/1356/1281 1280/1355/1280
f 1288/1363/1288 1289/1364/1289 1282/1357/1282 1281/1356/1281
f 1289/1364/1289 1290/1365/1290 1283/1358/1283 1282/1357/1282
f 1290/1365/1290 1226/1294/1226 1218/1286/1218 1283/1358/1283
f 1105/1157/1105 1291/1366/1291 1284/1359/1284 1096/1148/1096
f 1291/1366/1291 1292/1367/1292 1285/1360/1285 1284/1359/1284
f 1292/1367/1292 1293/1368/1293 1286/1361/1286 1285/1360/1285
f 1293/1368/1293 1294/1369/1294 1287/1362/1287 1286/1361/1286
f 1294/1369/1294 1295/1370/1295 1288/1363/1288 1287/1362/1287
f 1295/1370/1295 1296/1371/1296 1289/1364/1289 1288/1363/1288
f 1296/1371/1296 1297/1372/1297 1290/1365/1290 1289/1364/1289
f 1297/1372/1297 1234/1302/1234 1226/1294/1226 1290/1365/1290
f 1299/1374/1299 1308/1383/1308 1307/1382/1307 1298/1373/1298
f 1300/1375/1300 1309/1384/1309 1308/1383/1308 1299/1374/1299
f 1301/1376/1301 1310/1385/1310 1309/1384/1309 1300/1375/1300
f 1302/1377/1302 1311/1386/1311 1310/1385/1310 1301/1376/1301
f 1303/1378/1303 1312/1387/1312 1311/1386/1311 1302/1377/1302
f 1304/1379/1304 1313/1388/1313 1312/1387/1312 1303/1378/1303
f 1305/1380/1305 1314/1389/1314 1313/1388/1313 1304/1379/1304
f 1306/1381/1306 1315/1390/1315 1314/1389/1314 1305/1380/1305
f 1308/1383/1308 1317/1392/1317 1316/1391/1316 1307/1382/1307
f 1309/1384/1309 1318/1393/1318 1317/1392/1317 1308/1383/1308
f 1310/1385/1310 1319/1394/1319 1318/1393/1318 1309/1384/1309
f 1311/1386/1311 1320/1395/1320 1319/1394/1319 1310/1385/1310
f 1312/1387/1312 1321/1396/1321 1320/1395/1320 1311/1386/1311
f 1313/1388/1313 1322/1397/1322 1321/1396/1321 1312/1387/1312
f 1314/1389/1314 1323/1398/1323 1322/1397/1322 1313/1388/1313
f 1315/1390/1315 1324/1399/1324 1323/1398/1323 1314/1389/1314
f 1317/1392/1317 1326/1401/1326 1325/1400/1325 1316/1391/1316
f 1318/1393/1318 1327/1402/1327 1326/1401/1326 1317/1392/1317
f 1319/1394/1319 1328/1403/1328 1327/1402/1327 1318/1393/1318
f 1320/1395/1320 1329/1404/1329 1328/1403/1328 1319/1394/1319
f 1321/1396/1321 1330/1405/1330 1329/1404/1329 1320/1395/1320
f 1322/1397/1322 1331/1406/1331 1330/1405/1330 1321/1396/1321
f 1323/1398/1323 1332/1407/1332 1331/1406/1331 1322/1397/1322
f 1324/1399/1324 1333/1408/1333 1332/1407/1332 1323/1398/1323
f 1326/1401/1326 1335/1410/1335 1334/1409/1334 1325/1400/1325
f 1327/1402/1327 1336/1411/1336 1335/1410/1335 1326/1401/1326
f 1328/1403/1328 1337/1412/1337 1336/1411/1336 1327/1402/1327
f 1329/1404/1329 1338/1413/1338 1337/1412/1337 1328/1403/1328
f 1330/1405/1330 1339/1414/1339 1338/1413/1338 1329/1404/1329
f 1331/1406/1331 1340/1415/1340 1339/1414/1339 1330/1405/1330
f 1332/1407/1332 1341/1416/1341 1340/1415/1340 1331/1406/1331
f 1333/1408/1333 1342/1417/1342 1341/1416/1341 1332/1407/1332
f 1335/1410/1335 1344/1419/1344 1343/1418/1343 1334/1409/1334
f 1336/1411/1336 1345/1420/1345 1344/1419/1344 1335/1410/1335
f 1337/1412/1337 1346/1421/1346 1345/1420/1345 1336/1411/1336
f 1338/1413/1338 1347/1422/1347 1346/1421/1346 1337/1412/1337
f 1339/1414/1339 1348/1423/1348 1347/1422/1347 1338/1413/1338
f 1340/1415/1340 1349/1424/1349 1348/1423/1348 1339/1414/1339
f 1341/1416/1341 1350/1425/1350 1349/1424/1349 1340/1415/1340
f 1342/1417/1342 1351/1426/1351 1350/1425/1350 1341/1416/1341
f 1344/1419/1344 1353/1428/1353 1352/1427/1352 1343/1418/1343
f 1345/1420/1345 1354/1429/1354 1353/1428/1353 1344/1419/1344
f 1346/1421/1346 1355/1430/1355 1354/1429/1354 1345/1420/1345
f 1347/1422/1347 1356/1431/1356 1355/1430/1355 1346/1421/1346
f 1348/1423/1348 1357/1432/1357 1356/1431/1356 1347/1422/1347
f 1349/1424/1349 1358/1433/1358 1357/1432/1357 1348/1423/1348
f 1350/1425/1350 1359/1434/1359 1358/1433/1358 1349/1424/1349
f 1351/1426/1351 1360/1435/1360 1359/1434/1359 1350/1425/1350
f 1353/1428/1353 1362/1437/1362 1361/1436/1361 1352/1427/1352
f 1354/1429/1354 1363/1438/1363 1362/1437/1362 1353/1428/1353
f 1355/1430/1355 1364/1439/1364 1363/1438/1363 1354/1429/1354
f 1356/1431/1356 1365/1440/1365 1364/1439/1364 1355/1430/1355
f 1357/1432/1357 1366/1441/1366 1365/1440/1365 1356/1431/1356
f 1358/1433/1358 1367/1442/1367 1366/1441/1366 1357/1432/1357
f 1359/1434/1359 1368/1443/1368 1367/1442/1367 1358/1433/1358
f 1360/1435/1360 1369/1444/1369 1368/1443/1368 1359/1434/1359
f 1362/1437/1362 1371/1446/1371 1370/1445/1370 1361/1436/1361
f 1363/1438/1363 1372/1447/1372 1371/1446/1371 1362/1437/1362
f 1364/1439/1364 1373/1448/1373 1372/1447/1372 1363/1438/1363
f 1365/1440/1365 1374/1449/1374 1373/1448/1373 1364/1439/1364
f 1366/1441/1366 1375/1450/1375 1374/1449/1374 1365/1440/1365
f 1367/1442/1367 1376/1451/1376 1375/1450/1375 1366/1441/1366
f 1368/1443/1368 1377/1452/1377 1376/1451/1376 1367/1442/1367
f 1369/1444/1369 1378/1453/1378 1377/1452/1377 1368/1443/1368
f 1379/1454/1379 1387/1462/1387 1315/1390/1315 1306/1381/1306
f 1380/1455/1380 1388/1463/1388 1387/1462/1387 1379/1454/1379
f 1381/1456/1381 1389/1464/1389 1388/1463/1388 1380/1455/1380
f 1382/1457/1382 1390/1465/1390 1389/1464/1389 1381/1456/1381
f 1383/1458/1383 1391/1466/1391 1390/1465/1390 1382/1457/1382
f 1384/1459/1384 1392/1467/1392 1391/1466/1391 1383/1458/1383
f 1385/1460/1385 1393/1468/1393 1392/1467/1392 1384/1459/1384
f 1386/1461/1386 1394/1469/1394 1393/1468/1393 1385/1460/1385
f 1387/1462/1387 1395/1470/1395 1324/1399/1324 1315/1390/1315
f 1388/1463/1388 1396/1471/1396 1395/1470/1395 1387/1462/1387
f 1389/1464/1389 1397/1472/1397 1396/1471/1396 1388/1463/1388
f 1390/1465/1390 1398/1473/1398 1397/1472/1397 1389/1464/1389
f 1391/1466/1391 1399/1474/1399 1398/1473/1398 1390/1465/1390
f 1392/1467/1392 1400/1475/1400 1399/1474/1399 1391/1466/1391
f 1393/1468/1393 1401/1476/1401 1400/1475/1400 1392/1467/1392
f 1394/1469/1394 1402/1477/1402 1401/1476/1401 1393/1468/1393
f 1395/1470/1395 1403/1478/1403 1333/1408/1333 1324/1399/1324
f 1396/1471/1396 1404/1479/1404 1403/1478/1403 1395/1470/1395
f 1397/1472/1397 1405/1480/1405 1404/1479/1404 1396/1471/1396
f 1398/1473/1398 1406/1481/1406 1405/1480/1405 1397/1472/1397
f 1399/1474/1399 1407/1482/1407 1406/1481/1406 1398/1473/1398
f 1400/1475/1400 1408/1483/1408 1407/1482/1407 1399/1474/1399
f 1401/1476/1401 1409/1484/1409 1408/1483/1408 1400/1475/1400
f 1402/1477/1402 1410/1485/1410 1409/1484/1409 1401/1476/1401
f 1403/1478/1403 1411/1486/1411 1342/1417/1342 1333/1408/1333
f 1404/1479/1404 1412/1487/1412 1411/1486/1411 1403/1478/1403
f 1405/1480/1405 1413/1488/1413 1412/1487/1412 1404/1479/1404
f 1406/1481/1406 1414/1489/1414 1413/1488/1413 1405/1480/1405
f 1407/1482/1407 1415/1490/1415 1414/1489/1414 1406/1481/1406
f 1408/1483/1408 1416/1491/1416 1415/1490/1415 1407/1482/1407
f 1409/1484/1409 1417/1492/1417 1416/1491/1416 1408/1483/1408
f 1410/1485/1410 1418/1493/1418 1417/1492/1417 1409/1484/1409
f 1411/1486/1411 1419/1494/1419 1351/1426/1351 1342/1417/1342
f 1412/1487/1412 1420/1495/1420 1419/1494/1419 1411/1486/1411
f 1413/1488/1413 1421/1496/1421 1420/1495/1420 1412/1487/1412
f 1414/1489/1414 1422/1497/1422 1421/1496/1421 1413/1488/1413
f 1415/1490/1415 1423/1498/1423 1422/1497/1422 1414/1489/1414
f 1416/1491/1416 1424/1499/1424 1423/1498/1423 1415/1490/1415
f 1417/1492/1417 1425/1500/1425 1424/1499/1424 1416/1491/1416
f 1418/1493/1418 1426/1501/1426 1425/1500/1425 1417/1492/1417
f 1419/1494/1419 1427/1502/1427 1360/1435/1360 1351/1426/1351
f 1420/1495/1420 1428/1503/1428 1427/1502/1427 1419/1494/1419
f 1421/1496/1421 1429/1504/1429 1428/1503/1428 1420/1495/1420
f 1422/1497/1422 1430/1505/1430 1429/1504/1429 1421/1496/1421
f 1423/1498/1423 1431/1506/1431 1430/1505/1430 1422/1497/1422
f 1424/1499/1424 1432/1507/1432 1431/1506/1431 1423/1498/1423
f 1425/1500/1425 1433/1508/1433 1432/1507/1432 1424/1499/1424
f 1426/1501/1426 1434/1509/1434 1433/1508/1433 1425/1500/1425
f 1427/1502/1427 1435/1510/1435 1369/1444/1369 1360/1435/1360
f 1428/1503/1428 1436/1511/1436 1435/1510/1435 1427/1502/1427
f 1429/1504/1429 1437/1512/1437 1436/1511/1436 1428/1503/1428
f 1430/1505/1430 1438/1513/1438 1437/1512/1437 1429/1504/1429
f 1431/1506/1431 1439/1514/1439 1438/1513/1438 1430/1505/1430
f 1432/1507/1432 1440/1515/1440 1439/1514/1439 1431/1506/1431
f 1433/1508/1433 1441/1516/1441 1440/1515/1440 1432/1507/1432
f 1434/1509/1434 1442/1517/1442 1441/1516/1441 1433/1508/1433
f 1435/1510/1435 1443/1518/1443 1378/1453/1378 1369/1444/1369
f 1436/1511/1436 1444/1519/1444 1443/1518/1443 1435/1510/1435
f 1437/1512/1437 1445/1520/1445 1444/1519/1444 1436/1511/1436
f 1438/1513/1438 1446/1521/1446 1445/1520/1445 1437/1512/1437
f 1439/1514/1439 1447/1522/1447 1446/1521/1446 1438/1513/1438
f 1440/1515/1440 1448/1523/1448 1447/1522/1447 1439/1514/1439
f 1441/1516/1441 1449/1524/1449 1448/1523/1448 1440/1515/1440
f 1442/1517/1442 1450/1525/1450 1449/1524/1449 1441/1516/1441
f 1459/1534/1459 1460/1535/1460 1452/1527/1452 1451/1526/1451
f 1460/1535/1460 1461/1536/1461 1453/1528/1453 1452/1527/1452
f 1461/1536/1461 1462/1537/1462 1454/1529/1454 1453/1528/1453
f 1462/1537/1462 1463/1538/1463 1455/1530/1455 1454/1529/1454
f 1463/1538/1463 1464/1539/1464 1456/1531/1456 1455/1530/1455
f 1464/1539/1464 1465/1540/1465 1457/1532/1457 1456/1531/1456
f 1465/1540/1465 1466/1541/1466 1458/1533/1458 1457/1532/1457
f 1466/1541/1466 1394/1469/1394 1386/1461/1386 1458/1533/1458
f 1467/1542/1467 1468/1543/1468 1460/1535/1460 1459/1534/1459
f 1468/1543/1468 1469/1544/1469 1461/1536/1461 1460/1535/1460
f 1469/1544/1469 1470/1545/1470 1462/1537/1462 1461/1536/1461
f 1470/1545/1470 1471/1546/1471 1463/1538/1463 1462/1537/1462
f 1471/1546/1471 1472/1547/1472 1464/1539/1464 1463/1538/1463
f 1472/1547/1472 1473/1548/1473 1465/1540/1465 1464/1539/1464
f 1473/1548/1473 1474/1549/1474 1466/1541/1466 1465/1540/1465
f 1474/1549/1474 1402/1477/1402 1394/1469/1394 1466/1541/1466
f 1475/1550/1475 1476/1551/1476 1468/1543/1468 1467/1542/1467
f 1476/1551/1476 1477/1552/1477 1469/1544/1469 1468/1543/1468
f 1477/1552/1477 1478/1553/1478 1470/1545/1470 1469/1544/1469
f 1478/1553/1478 1479/1554/1479 1471/1546/1471 1470/1545/1470
f 1479/1554/1479 1480/1555/1480 1472/1547/1472 1471/1546/1471
f 1480/1555/1480 1481/1556/1481 1473/1548/1473 1472/1547/1472
f 1481/1556/1481 1482/1557/1482 1474/1549/1474 1473/1548/1473
f 1482/1557/1482 1410/1485/1410 1402/1477/1402 1474/1549/1474
f 1483/1558/1483 1484/1559/1484 1476/1551/1476 1475/1550/1475
f 1484/1559/1484 1485/1560/1485 1477/1552/1477 1476/1551/1476
f 1485/1560/1485 1486/1561/1486 1478/1553/1478 1477/1552/1477
f 1486/1561/1486 1487/1562/1487 1479/1554/1479 1478/1553/1478
f 1487/1562/1487 1488/1563/1488 1480/1555/1480 1479/1554/1479
f 1488/1563/1488 1489/1564/1489 1481/1556/1481 1480/1555/1480
f 1489/1564/1489 1490/1565/1490 1482/1557/1482 1481/1556/1481
f 1490/1565/1490 1418/1493/1418 1410/1485/1410 1482/1557/1482
f 1491/1566/1491 1492/1567/1492 1484/1559/1484 1483/1558/1483
f 1492/1567/1492 1493/1568/1493 1485/1560/1485 1484/1559/1484
f 1493/1568/1493 1494/1569/1494 1486/1561/1486 1485/1560/1485
f 1494/1569/1494 1495/1570/1495 1487/1562/1487 1486/1561/1486
f 1495/1570/1495 1496/1571/1496 1488/1563/1488 1487/1562/1487
f 1496/1571/1496 1497/1572/1497 1489/1564/1489 1488/1563/1488
f 1497/1572/1497 1498/1573/1498 1490/1565/1490 1489/1564/1489
f 1498/1573/1498 1426/1501/1426 1418/1493/1418 1490/1565/1490
f 1499/1574/1499 1500/1575/1500 1492/1567/1492 1491/1566/1491
f 1500/1575/1500 1501/1576/1501 1493/1568/1493 1492/1567/1492
f 1501/1576/1501 1502/1577/1502 1494/1569/1494 1493/1568/1493
f 1502/1577/1502 1503/1578/1503 1495/1570/1495 1494/1569/1494
f 1503/1578/1503 1504/1579/1504 1496/1571/1496 1495/1570/1495
f 1504/1579/1504 1505/1580/1505 1497/1572/1497 1496/1571/1496
f 1505/1580/1505 1506/1581/1506 1498/1573/1498 1497/1572/1497
f 1506/1581/1506 1434/1509/1434 1426/1501/1426 1498/1573/1498
f 1507/1582/1507 1508/1583/1508 1500/1575/1500 1499/1574/1499
f 1508/1583/1508 1509/1584/1509 1501/1576/1501 1500/1575/1500
f 1509/1584/1509 1510/1585/1510 1502/1577/1502 1501/1576/1501
f 1510/1585/1510 1511/1586/1511 1503/1578/1503 1502/1577/1502
f 1511/1586/1511 1512/1587/1512 1504/1579/1504 1503/1578/1503
f 1512/1587/1512 1513/1588/1513 1505/1580/1505 1504/1579/1504
f 1513/1588/1513 1514/1589/1514 1506/1581/1506 1505/1580/1505
f 1514/1589/1514 1442/1517/1442 1434/1509/1434 1506/1581/1506
f 1515/1590/1515 1516/1591/1516 1508/1583/1508 1507/1582/1507
f 1516/1591/1516 1517/1592/1517 1509/1584/1509 1508/1583/1508
f 1517/1592/1517 1518/1593/1518 1510/1585/1510 1509/1584/1509
f 1518/1593/1518 1519/1594/1519 1511/1586/1511 1510/1585/1510
f 1519/1594/1519 1520/1595/1520 1512/1587/1512 1511/1586/1511
f 1520/1595/1520 1521/1596/1521 1513/1588/1513 1512/1587/1512
f 1521/1596/1521 1522/1597/1522 1514/1589/1514 1513/1588/1513
f 1522/1597/1522 1450/1525/1450 1442/1517/1442 1514/1589/1514
f 1307/1606/1307 1530/1607/1530 1523/1599/1523 1298/1598/1298
f 1530/1607/1530 1531/1608/1531 1524/1600/1524 1523/1599/1523
f 1531/1608/1531 1532/1609/1532 1525/1601/1525 1524/1600/1524
f 1532/1609/1532 1533/1610/1533 1526/1602/1526 1525/1601/1525
f 1533/1610/1533 1534/1611/1534 1527/1603/1527 1526/1602/1526
f 1534/1611/1534 1535/1612/1535 1528/1604/1528 1527/1603/1527
f 1535/1612/1535 1536/1613/1536 1529/1605/1529 1528/1604/1528
f 1536/1613/1536 1459/1534/1459 1451/1526/1451 1529/1605/1529
f 1316/1614/1316 1537/1615/1537 1530/1607/1530 1307/1606/1307
f 1537/1615/1537 1538/1616/1538 1531/1608/1531 1530/1607/1530
f 1538/1616/1538 1539/1617/1539 1532/1609/1532 1531/1608/1531
f 1539/1617/1539 1540/1618/1540 1533/1610/1533 1532/1609/1532
f 1540/1618/1540 1541/1619/1541 1534/1611/1534 1533/1610/1533
f 1541/1619/1541 1542/1620/1542 1535/1612/1535 1534/1611/1534
f 1542/1620/1542 1543/1621/1543 1536/1613/1536 1535/1612/1535
f 1543/1621/1543 1467/1542/1467 1459/1534/1459 1536/1613/1536
f 1325/1622/1325 1544/1623/1544 1537/1615/1537 1316/1614/1316
f 1544/1623/1544 1545/1624/1545 1538/1616/1538 1537/1615/1537
f 1545/1624/1545 1546/1625/1546 1539/1617/1539 1538/1616/1538
f 1546/1625/1546 1547/1626/1547 1540/1618/1540 1539/1617/1539
f 1547/1626/1547 1548/1627/1548 1541/1619/1541 1540/1618/1540
f 1548/1627/1548 1549/1628/1549 1542/1620/1542 1541/1619/1541
f 1549/1628/1549 1550/1629/1550 1543/1621/1543 1542/1620/1542
f 1550/1629/1550 1475/1550/1475 1467/1542/1467 1543/1621/1543
f 1334/1630/1334 1551/1631/1551 1544/1623/1544 1325/1622/1325
f 1551/1631/1551 1552/1632/1552 1545/1624/1545 1544/1623/1544
f 1552/1632/1552 1553/1633/1553 1546/1625/1546 1545/1624/1545
f 1553/1633/1553 1554/1634/1554 1547/1626/1547 1546/1625/1546
f 1554/1634/1554 1555/1635/1555 1548/1627/1548 1547/1626/1547
f 1555/1635/1555 1556/1636/1556 1549/1628/1549 1548/1627/1548
f 1556/1636/1556 1557/1637/1557 1550/1629/1550 1549/1628/1549
f 1557/1637/1557 1483/1558/1483 1475/1550/1475 1550/1629/1550
f 1343/1638/1343 1558/1639/1558 1551/1631/1551 1334/1630/1334
f 1558/1639/1558 1559/1640/1559 1552/1632/1552 1551/1631/1551
f 1559/1640/1559 1560/1641/1560 1553/1633/1553 1552/1632/1552
f 1560/1641/1560 1561/1642/1561 1554/1634/1554 1553/1633/1553
f 1561/1642/1561 1562/1643/1562 1555/1635/1555 1554/1634/1554
f 1562/1643/1562 1563/1644/1563 1556/1636/1556 1555/1635/1555
f 1563/1644/1563 1564/1645/1564 1557/1637/1557 1556/1636/1556
f 1564/1645/1564 1491/1566/1491 1483/1558/1483 1557/1637/1557
f 1352/1646/1352 1565/1647/1565 1558/1639/1558 1343/1638/1343
f 1565/1647/1565 1566/1648/1566 1559/1640/1559 1558/1639/1558
f 1566/1648/1566 1567/1649/1567 1560/1641/1560 1559/1640/1559
f 1567/1649/1567 1568/1650/1568 1561/1642/1561 1560/1641/1560
f 1568/1650/1568 1569/1651/1569 1562/1643/1562 1561/1642/1561
f 1569/1651/1569 1570/1652/1570 1563/1644/1563 1562/1643/1562
f 1570/1652/1570 1571/1653/1571 1564/1645/1564 1563/1644/1563
f 1571/1653/1571 1499/1574/1499 1491/1566/1491 1564/1645/1564
f 1361/1654/1361 1572/1655/1572 1565/1647/1565 1352/1646/1352
f 1572/1655/1572 1573/1656/1573 1566/1648/1566 1565/1647/1565
f 1573/1656/1573 1574/1657/1574 1567/1649/1567 1566/1648/1566
f 1574/1657/1574 1575/1658/1575 1568/1650/1568 1567/1649/1567
f 1575/1658/1575 1576/1659/1576 1569/1651/1569 1568/1650/1568
f 1576/1659/1576 1577/1660/1577 1570/1652/1570 1569/1651/1569
f 1577/1660/1577 1578/1661/1578 1571/1653/1571 1570/1652/1570
f 1578/1661/1578 1507/1582/1507 1499/1574/1499 1571/1653/1571
f 1370/1662/1370 1579/1663/1579 1572/1655/1572 1361/1654/1361
f 1579/1663/1579 1580/1664/1580 1573/1656/1573 1572/1655/1572
f 1580/1664/1580 1581/1665/1581 1574/1657/1574 1573/1656/1573
f 1581/1665/1581 1582/1666/1582 1575/1658/1575 1574/1657/1574
f 1582/1666/1582 1583/1667/1583 1576/1659/1576 1575/1658/1575
f 1583/1667/1583 1584/1668/1584 1577/1660/1577 1576/1659/1576
f 1584/1668/1584 1585/1669/1585 1578/1661/1578 1577/1660/1577
f 1585/1669/1585 1515/1590/1515 1507/1582/1507 1578/1661/1578
f 1372/1447/1372 1587/1671/1587 1586/1670/1586 1371/1446/1371
f 1373/1448/1373 1588/1672/1588 1587/1671/1587 1372/1447/1372
f 1374/1449/1374 1589/1673/1589 1588/1672/1588 1373/1448/1373
f 1375/1450/1375 1590/1674/1590 1589/1673/1589 1374/1449/1374
f 1376/1451/1376 1591/1675/1591 1590/1674/1590 1375/1450/1375
f 1377/1452/1377 1592/1676/1592 1591/1675/1591 1376/1451/1376
f 1378/1453/1378 1593/1677/1593 1592/1676/1592 1377/1452/1377
f 1587/1671/1587 1595/1679/1595 1594/1678/1594 1586/1670/1586
f 1588/1672/1588 1596/1680/1596 1595/1679/1595 1587/1671/1587
f 1589/1673/1589 1597/1681/1597 1596/1680/1596 1588/1672/1588
f 1590/1674/1590 1598/1682/1598 1597/1681/1597 1589/1673/1589
f 1591/1675/1591 1599/1683/1599 1598/1682/1598 1590/1674/1590
f 1592/1676/1592 1600/1684/1600 1599/1683/1599 1591/1675/1591
f 1593/1677/1593 1601/1685/1601 1600/1684/1600 1592/1676/1592
f 1595/1679/1595 1604/1688/1604 1603/1687/1603 1594/1678/1594
f 1596/1680/1596 1605/1689/1605 1604/1688/1604 1595/1679/1595
f 1597/1681/1597 1606/1690/1606 1605/1689/1605 1596/1680/1596
f 1598/1682/1598 1607/1691/1607 1606/1690/1606 1597/1681/1597
f 1599/1683/1599 1608/1692/1608 1607/1691/1607 1598/1682/1598
f 1600/1684/1600 1609/1693/1609 1608/1692/1608 1599/1683/1599
f 1601/1685/1601 1610/1694/1610 1609/1693/1609 1600/1684/1600
f 1603/1687/1603 1612/1696/1612 1611/1695/1611 1602/1686/1602
f 1604/1688/1604 1613/1697/1613 1612/1696/1612 1603/1687/1603
f 1605/1689/1605 1614/1698/1614 1613/1697/1613 1604/1688/1604
f 1606/1690/1606 1615/1699/1615 1614/1698/1614 1605/1689/1605
f 1607/1691/1607 1616/1700/1616 1615/1699/1615 1606/1690/1606
f 1608/1692/1608 1617/1701/1617 1616/1700/1616 1607/1691/1607
f 1609/1693/1609 1618/1702/1618 1617/1701/1617 1608/1692/1608
f 1610/1694/1610 1619/1703/1619 1618/1702/1618 1609/1693/1609
f 1612/1696/1612 1621/1705/1621 1620/1704/1620 1611/1695/1611
f 1613/1697/1613 1622/1706/1622 1621/1705/1621 1612/1696/1612
f 1614/1698/1614 1623/1707/1623 1622/1706/1622 1613/1697/1613
f 1615/1699/1615 1624/1708/1624 1623/1707/1623 1614/1698/1614
f 1616/1700/1616 1625/1709/1625 1624/1708/1624 1615/1699/1615
f 1617/1701/1617 1626/1710/1626 1625/1709/1625 1616/1700/1616
f 1618/1702/1618 1627/1711/1627 1626/1710/1626 1617/1701/1617
f 1619/1703/1619 1628/1712/1628 1627/1711/1627 1618/1702/1618
f 1621/1705/1621 1630/1714/1630 1629/1713/1629 1620/1704/1620
f 1622/1706/1622 1631/1715/1631 1630/1714/1630 1621/1705/1621
f 1623/1707/1623 1632/1716/1632 1631/1715/1631 1622/1706/1622
f 1624/1708/1624 1633/1717/1633 1632/1716/1632 1623/1707/1623
f 1625/1709/1625 1634/1718/1634 1633/1717/1633 1624/1708/1624
f 1626/1710/1626 1635/1719/1635 1634/1718/1634 1625/1709/1625
f 1627/1711/1627 1636/1720/1636 1635/1719/1635 1626/1710/1626
f 1628/1712/1628 1637/1721/1637 1636/1720/1636 1627/1711/1627
f 1630/1714/1630 1639/1723/1639 1638/1722/1638 1629/1713/1629
f 1631/1715/1631 1640/1724/1640 1639/1723/1639 1630/1714/1630
f 1632/1716/1632 1641/1725/1641 1640/1724/1640 1631/1715/1631
f 1633/1717/1633 1642/1726/1642 1641/1725/1641 1632/1716/1632
f 1634/1718/1634 1643/1727/1643 1642/1726/1642 1633/1717/1633
f 1635/1719/1635 1644/1728/1644 1643/1727/1643 1634/1718/1634
f 1636/1720/1636 1645/1729/1645 1644/1728/1644 1635/1719/1635
f 1637/1721/1637 1646/1730/1646 1645/1729/1645 1636/1720/1636
f 1640/1724/1640 1648/1732/1648 1647/1731/1647 1639/1723/1639
f 1641/1725/1641 1649/1733/1649 1648/1732/1648 1640/1724/1640
f 1642/1726/1642 1650/1734/1650 1649/1733/1649 1641/1725/1641
f 1643/1727/1643 1651/1735/1651 1650/1734/1650 1642/1726/1642
f 1644/1728/1644 1652/1736/1652 1651/1735/1651 1643/1727/1643
f 1645/1729/1645 1653/1737/1653 1652/1736/1652 1644/1728/1644
f 1646/1730/1646 1654/1738/1654 1653/1737/1653 1645/1729/1645
f 89/1740/89 86/1739/86 1370/1445/1370
f 89/1740/89 1370/1445/1370 1371/1446/1371
f 92/1741/92 89/1740/89 1371/1446/1371
f 92/1741/92 1371/1446/1371 1586/1670/1586
f 95/1742/95 92/1741/92 1586/1670/1586
f 98/1743/98 95/1742/95 1586/1670/1586
f 101/1744/101 98/1743/98 1586/1670/1586
f 101/1744/101 1586/1670/1586 1594/1678/1594
f 104/1745/104 101/1744/101 1594/1678/1594
f 104/1745/104 1594/1678/1594 107/1746/107
f 110/1747/110 107/1746/107 1594/1678/1594
f 110/1747/110 1594/1678/1594 1603/1687/1603
f 110/1747/110 1603/1687/1603 1602/1686/1602
f 113/1748/113 110/1747/110 1602/1686/1602
f 116/1749/116 113/1748/113 1602/1686/1602
f 289/1751/289 286/1750/286 1638/1722/1638
f 289/1751/289 1638/1722/1638 1639/1723/1639
f 292/1752/292 289/1751/289 1639/1723/1639
f 292/1752/292 1639/1723/1639 1647/1731/1647
f 295/1753/295 292/1752/292 1647/1731/1647
f 1443/1518/1443 1655/1754/1655 1593/1677/1593 1378/1453/1378
f 1444/1519/1444 1656/1755/1656 1655/1754/1655 1443/1518/1443
f 1445/1520/1445 1657/1756/1657 1656/1755/1656 1444/1519/1444
f 1446/1521/1446 1658/1757/1658 1657/1756/1657 1445/1520/1445
f 1447/1522/1447 1659/1758/1659 1658/1757/1658 1446/1521/1446
f 1448/1523/1448 1660/1759/1660 1659/1758/1659 1447/1522/1447
f 1449/1524/1449 1661/1760/1661 1660/1759/1660 1448/1523/1448
f 1450/1525/1450 1662/1761/1662 1661/1760/1661 1449/1524/1449
f 1655/1754/1655 1663/1762/1663 1601/1685/1601 1593/1677/1593
f 1656/1755/1656 1664/1763/1664 1663/1762/1663 1655/1754/1655
f 1657/1756/1657 1665/1764/1665 1664/1763/1664 1656/1755/1656
f 1658/1757/1658 1666/1765/1666 1665/1764/1665 1657/1756/1657
f 1659/1758/1659 1667/1766/1667 1666/1765/1666 1658/1757/1658
f 1660/1759/1660 1668/1767/1668 1667/1766/1667 1659/1758/1659
f 1661/1760/1661 1669/1768/1669 1668/1767/1668 1660/1759/1660
f 1662/1761/1662 1670/1769/1670 1669/1768/1669 1661/1760/1661
f 1663/1762/1663 1671/1770/1671 1610/1694/1610 1601/1685/1601
f 1664/1763/1664 1672/1771/1672 1671/1770/1671 1663/1762/1663
f 1665/1764/1665 1673/1772/1673 1672/1771/1672 1664/1763/1664
f 1666/1765/1666 1674/1773/1674 1673/1772/1673 1665/1764/1665
f 1667/1766/1667 1675/1774/1675 1674/1773/1674 1666/1765/1666
f 1668/1767/1668 1676/1775/1676 1675/1774/1675 1667/1766/1667
f 1669/1768/1669 1677/1776/1677 1676/1775/1676 1668/1767/1668
f 1670/1769/1670 1678/1777/1678 1677/1776/1677 1669/1768/1669
f 1671/1770/1671 1679/1778/1679 1619/1703/1619 1610/1694/1610
f 1672/1771/1672 1680/1779/1680 1679/1778/1679 1671/1770/1671
f 1673/1772/1673 1681/1780/1681 1680/1779/1680 1672/1771/1672
f 1674/1773/1674 1682/1781/1682 1681/1780/1681 1673/1772/1673
f 1675/1774/1675 1683/1782/1683 1682/1781/1682 1674/1773/1674
f 1676/1775/1676 1684/1783/1684 1683/1782/1683 1675/1774/1675
f 1677/1776/1677 1685/1784/1685 1684/1783/1684 1676/1775/1676
f 1678/1777/1678 1686/1785/1686 1685/1784/1685 1677/1776/1677
f 1679/1778/1679 1687/1786/1687 1628/1712/1628 1619/1703/1619
f 1680/1779/1680 1688/1787/1688 1687/1786/1687 1679/1778/1679
f 1681/1780/1681 1689/1788/1689 1688/1787/1688 1680/1779/1680
f 1682/1781/1682 1690/1789/1690 1689/1788/1689 1681/1780/1681
f 1683/1782/1683 1691/1790/1691 1690/1789/1690 1682/1781/1682
f 1684/1783/1684 1692/1791/1692 1691/1790/1691 1683/1782/1683
f 1685/1784/1685 1693/1792/1693 1692/1791/1692 1684/1783/1684
f 1687/1786/1687 1694/1793/1694 1637/1721/1637 1628/1712/1628
f 1688/1787/1688 1695/1794/1695 1694/1793/1694 1687/1786/1687
f 1689/1788/1689 1696/1795/1696 1695/1794/1695 1688/1787/1688
f 1690/1789/1690 1697/1796/1697 1696/1795/1696 1689/1788/1689
f 1691/1790/1691 1698/1797/1698 1697/1796/1697 1690/1789/1690
f 1692/1791/1692 1699/1798/1699 1698/1797/1698 1691/1790/1691
f 1694/1793/1694 1700/1799/1700 1646/1730/1646 1637/1721/1637
f 1695/1794/1695 1701/1800/1701 1700/1799/1700 1694/1793/1694
f 1696/1795/1696 1702/1801/1702 1701/1800/1701 1695/1794/1695
f 1697/1796/1697 1703/1802/1703 1702/1801/1702 1696/1795/1696
f 1698/1797/1698 1704/1803/1704 1703/1802/1703 1697/1796/1697
f 1699/1798/1699 1705/1804/1705 1704/1803/1704 1698/1797/1698
f 1700/1799/1700 1706/1805/1706 1654/1738/1654 1646/1730/1646
f 1701/1800/1701 1707/1806/1707 1706/1805/1706 1700/1799/1700
f 1702/1801/1702 1708/1807/1708 1707/1806/1707 1701/1800/1701
f 1703/1802/1703 1709/1808/1709 1708/1807/1708 1702/1801/1702
f 1704/1803/1704 1710/1809/1710 1709/1808/1709 1703/1802/1703
f 1705/1804/1705 1711/1810/1711 1710/1809/1710 1704/1803/1704
f 637/1812/637 1686/1785/1686 634/1811/634
f 637/1812/637 1685/1784/1685 1686/1785/1686
f 637/1812/637 1693/1792/1693 1685/1784/1685
f 640/1813/640 1693/1792/1693 637/1812/637
f 643/1814/643 1693/1792/1693 640/1813/640
f 643/1814/643 646/1815/646 1693/1792/1693
f 646/1815/646 649/1816/649 1699/1798/1699
f 646/1815/646 1699/1798/1699 1692/1791/1692
f 646/1815/646 1692/1791/1692 1693/1792/1693
f 652/1817/652 1699/1798/1699 649/1816/649
f 652/1817/652 1705/1804/1705 1699/1798/1699
f 655/1818/655 1705/1804/1705 652/1817/652
f 658/1819/658 1705/1804/1705 655/1818/655
f 658/1819/658 1711/1810/1711 1705/1804/1705
f 661/1820/661 1711/1810/1711 658/1819/658
f 661/1820/661 664/1821/664 1711/1810/1711
f 1712/1822/1712 1713/1823/1713 1516/1591/1516 1515/1590/1515
f 1713/1823/1713 1714/1824/1714 1517/1592/1517 1516/1591/1516
f 1714/1824/1714 1715/1825/1715 1518/1593/1518 1517/1592/1517
f 1715/1825/1715 1716/1826/1716 1519/1594/1519 1518/1593/1518
f 1716/1826/1716 1717/1827/1717 1520/1595/1520 1519/1594/1519
f 1717/1827/1717 1718/1828/1718 1521/1596/1521 1520/1595/1520
f 1718/1828/1718 1719/1829/1719 1522/1597/1522 1521/1596/1521
f 1719/1829/1719 1662/1761/1662 1450/1525/1450 1522/1597/1522
f 1720/1830/1720 1721/1831/1721 1713/1823/1713 1712/1822/1712
f 1721/1831/1721 1722/1832/1722 1714/1824/1714 1713/1823/1713
f 1722/1832/1722 1723/1833/1723 1715/1825/1715 1714/1824/1714
f 1723/1833/1723 1724/1834/1724 1716/1826/1716 1715/1825/1715
f 1724/1834/1724 1725/1835/1725 1717/1827/1717 1716/1826/1716
f 1725/1835/1725 1726/1836/1726 1718/1828/1718 1717/1827/1717
f 1726/1836/1726 1727/1837/1727 1719/1829/1719 1718/1828/1718
f 1727/1837/1727 1670/1769/1670 1662/1761/1662 1719/1829/1719
f 1728/1838/1728 1729/1839/1729 1721/1831/1721 1720/1830/1720
f 1729/1839/1729 1730/1840/1730 1722/1832/1722 1721/1831/1721
f 1730/1840/1730 1731/1841/1731 1723/1833/1723 1722/1832/1722
f 1731/1841/1731 1732/1842/1732 1724/1834/1724 1723/1833/1723
f 1732/1842/1732 1733/1843/1733 1725/1835/1725 1724/1834/1724
f 1733/1843/1733 1734/1844/1734 1726/1836/1726 1725/1835/1725
f 1734/1844/1734 1735/1845/1735 1727/1837/1727 1726/1836/1726
f 1735/1845/1735 1678/1777/1678 1670/1769/1670 1727/1837/1727
f 1736/1846/1736 1737/1847/1737 1729/1839/1729 1728/1838/1728
f 1737/1847/1737 1738/1848/1738 1730/1840/1730 1729/1839/1729
f 1738/1848/1738 1739/1849/1739 1731/1841/1731 1730/1840/1730
f 1739/1849/1739 1740/1850/1740 1732/1842/1732 1731/1841/1731
f 1740/1850/1740 1741/1851/1741 1733/1843/1733 1732/1842/1732
f 1741/1851/1741 1742/1852/1742 1734/1844/1734 1733/1843/1733
f 1742/1852/1742 1743/1853/1743 1735/1845/1735 1734/1844/1734
f 1743/1853/1743 1686/1785/1686 1678/1777/1678 1735/1845/1735
f 1744/1854/1744 1745/1855/1745 1737/1847/1737 1736/1846/1736
f 1745/1855/1745 1746/1856/1746 1738/1848/1738 1737/1847/1737
f 1746/1856/1746 1747/1857/1747 1739/1849/1739 1738/1848/1738
f 1747/1857/1747 1748/1858/1748 1740/1850/1740 1739/1849/1739
f 1748/1858/1748 1749/1859/1749 1741/1851/1741 1740/1850/1740
f 1749/1859/1749 1750/1860/1750 1742/1852/1742 1741/1851/1741
f 1750/1860/1750 1751/1861/1751 1743/1853/1743 1742/1852/1742
f 1752/1862/1752 1753/1863/1753 1745/1855/1745 1744/1854/1744
f 1753/1863/1753 1754/1864/1754 1746/1856/1746 1745/1855/1745
f 1754/1864/1754 1755/1865/1755 1747/1857/1747 1746/1856/1746
f 1755/1865/1755 1756/1866/1756 1748/1858/1748 1747/1857/1747
f 1756/1866/1756 1757/1867/1757 1749/1859/1749 1748/1858/1748
f 1757/1867/1757 1758/1868/1758 1750/1860/1750 1749/1859/1749
f 1759/1869/1759 1760/1870/1760 1753/1863/1753 1752/1862/1752
f 1760/1870/1760 1761/1871/1761 1754/1864/1754 1753/1863/1753
f 1761/1871/1761 1762/1872/1762 1755/1865/1755 1754/1864/1754
f 1762/1872/1762 1763/1873/1763 1756/1866/1756 1755/1865/1755
f 1763/1873/1763 1764/1874/1764 1757/1867/1757 1756/1866/1756
f 1764/1874/1764 1765/1875/1765 1758/1868/1758 1757/1867/1757
f 1766/1876/1766 1767/1877/1767 1760/1870/1760 1759/1869/1759
f 1767/1877/1767 1768/1878/1768 1761/1871/1761 1760/1870/1760
f 1768/1878/1768 1769/1879/1769 1762/1872/1762 1761/1871/1761
f 1769/1879/1769 1770/1880/1770 1763/1873/1763 1762/1872/1762
f 1770/1880/1770 1771/1881/1771 1764/1874/1764 1763/1873/1763
f 1771/1881/1771 1772/1882/1772 1765/1875/1765 1764/1874/1764
f 634/1811/634 1686/1785/1686 745/1883/745
f 1686/1785/1686 1743/1853/1743 745/1883/745
f 1743/1853/1743 1751/1861/1751 745/1883/745
f 745/1883/745 1751/1861/1751 748/1884/748
f 748/1884/748 1751/1861/1751 751/1885/751
f 1751/1861/1751 754/1886/754 751/1885/751
f 1758/1868/1758 757/1887/757 754/1886/754
f 1750/1860/1750 1758/1868/1758 754/1886/754
f 1751/1861/1751 1750/1860/1750 754/1886/754
f 757/1887/757 1758/1868/1758 760/1888/760
f 1758/1868/1758 1765/1875/1765 760/1888/760
f 760/1888/760 1765/1875/1765 763/1889/763
f 763/1889/763 1765/1875/1765 766/1890/766
f 1765/1875/1765 1772/1882/1772 766/1890/766
f 766/1890/766 1772/1882/1772 769/1891/769
f 1772/1882/1772 772/1892/772 769/1891/769
f 1773/1893/1773 1774/1894/1774 1580/1664/1580 1579/1663/1579
f 1774/1894/1774 1775/1895/1775 1581/1665/1581 1580/1664/1580
f 1775/1895/1775 1776/1896/1776 1582/1666/1582 1581/1665/1581
f 1776/1896/1776 1777/1897/1777 1583/1667/1583 1582/1666/1582
f 1777/1897/1777 1778/1898/1778 1584/1668/1584 1583/1667/1583
f 1778/1898/1778 1779/1899/1779 1585/1669/1585 1584/1668/1584
f 1779/1899/1779 1712/1822/1712 1515/1590/1515 1585/1669/1585
f 1780/1900/1780 1781/1901/1781 1774/1894/1774 1773/1893/1773
f 1781/1901/1781 1782/1902/1782 1775/1895/1775 1774/1894/1774
f 1782/1902/1782 1783/1903/1783 1776/1896/1776 1775/1895/1775
f 1783/1903/1783 1784/1904/1784 1777/1897/1777 1776/1896/1776
f 1784/1904/1784 1785/1905/1785 1778/1898/1778 1777/1897/1777
f 1785/1905/1785 1786/1906/1786 1779/1899/1779 1778/1898/1778
f 1786/1906/1786 1720/1830/1720 1712/1822/1712 1779/1899/1779
f 1787/1908/1787 1788/1909/1788 1781/1901/1781 1780/1900/1780
f 1788/1909/1788 1789/1910/1789 1782/1902/1782 1781/1901/1781
f 1789/1910/1789 1790/1911/1790 1783/1903/1783 1782/1902/1782
f 1790/1911/1790 1791/1912/1791 1784/1904/1784 1783/1903/1783
f 1791/1912/1791 1792/1913/1792 1785/1905/1785 1784/1904/1784
f 1792/1913/1792 1793/1914/1793 1786/1906/1786 1785/1905/1785
f 1793/1914/1793 1728/1838/1728 1720/1830/1720 1786/1906/1786
f 1611/1915/1611 1794/1916/1794 1787/1908/1787 1602/1907/1602
f 1794/1916/1794 1795/1917/1795 1788/1909/1788 1787/1908/1787
f 1795/1917/1795 1796/1918/1796 1789/1910/1789 1788/1909/1788
f 1796/1918/1796 1797/1919/1797 1790/1911/1790 1789/1910/1789
f 1797/1919/1797 1798/1920/1798 1791/1912/1791 1790/1911/1790
f 1798/1920/1798 1799/1921/1799 1792/1913/1792 1791/1912/1791
f 1799/1921/1799 1800/1922/1800 1793/1914/1793 1792/1913/1792
f 1800/1922/1800 1736/1846/1736 1728/1838/1728 1793/1914/1793
f 1620/1923/1620 1801/1924/1801 1794/1916/1794 1611/1915/1611
f 1801/1924/1801 1802/1925/1802 1795/1917/1795 1794/1916/1794
f 1802/1925/1802 1803/1926/1803 1796/1918/1796 1795/1917/1795
f 1803/1926/1803 1804/1927/1804 1797/1919/1797 1796/1918/1796
f 1804/1927/1804 1805/1928/1805 1798/1920/1798 1797/1919/1797
f 1805/1928/1805 1806/1929/1806 1799/1921/1799 1798/1920/1798
f 1806/1929/1806 1807/1930/1807 1800/1922/1800 1799/1921/1799
f 1807/1930/1807 1744/1854/1744 1736/1846/1736 1800/1922/1800
f 1629/1931/1629 1808/1932/1808 1801/1924/1801 1620/1923/1620
f 1808/1932/1808 1809/1933/1809 1802/1925/1802 1801/1924/1801
f 1809/1933/1809 1810/1934/1810 1803/1926/1803 1802/1925/1802
f 1810/1934/1810 1811/1935/1811 1804/1927/1804 1803/1926/1803
f 1811/1935/1811 1812/1936/1812 1805/1928/1805 1804/1927/1804
f 1812/1936/1812 1813/1937/1813 1806/1929/1806 1805/1928/1805
f 1813/1937/1813 1814/1938/1814 1807/1930/1807 1806/1929/1806
f 1814/1938/1814 1752/1862/1752 1744/1854/1744 1807/1930/1807
f 1638/1939/1638 1815/1940/1815 1808/1932/1808 1629/1931/1629
f 1815/1940/1815 1816/1941/1816 1809/1933/1809 1808/1932/1808
f 1816/1941/1816 1817/1942/1817 1810/1934/1810 1809/1933/1809
f 1817/1942/1817 1818/1943/1818 1811/1935/1811 1810/1934/1810
f 1818/1943/1818 1819/1944/1819 1812/1936/1812 1811/1935/1811
f 1819/1944/1819 1820/1945/1820 1813/1937/1813 1812/1936/1812
f 1820/1945/1820 1821/1946/1821 1814/1938/1814 1813/1937/1813
f 1821/1946/1821 1759/1869/1759 1752/1862/1752 1814/1938/1814
f 1822/1947/1822 1823/1948/1823 1816/1941/1816 1815/1940/1815
f 1823/1948/1823 1824/1949/1824 1817/1942/1817 1816/1941/1816
f 1824/1949/1824 1825/1950/1825 1818/1943/1818 1817/1942/1817
f 1825/1950/1825 1826/1951/1826 1819/1944/1819 1818/1943/1818
f 1826/1951/1826 1827/1952/1827 1820/1945/1820 1819/1944/1819
f 1827/1952/1827 1828/1953/1828 1821/1946/1821 1820/1945/1820
f 1828/1953/1828 1766/1876/1766 1759/1869/1759 1821/1946/1821
f 1370/1662/1370 86/1954/86 184/1955/184
f 1579/1663/1579 1370/1662/1370 184/1955/184
f 1579/1663/1579 184/1955/184 187/1956/187
f 1773/1893/1773 1579/1663/1579 187/1956/187
f 1773/1893/1773 187/1956/187 190/1957/190
f 1773/1893/1773 190/1957/190 193/1958/193
f 1773/1893/1773 193/1958/193 196/1959/196
f 1780/1900/1780 1773/1893/1773 196/1959/196
f 1780/1900/1780 196/1959/196 199/1960/199
f 202/1961/202 1780/1900/1780 199/1960/199
f 1780/1900/1780 202/1961/202 205/1962/205
f 1787/1908/1787 1780/1900/1780 205/1962/205
f 1602/1907/1602 1787/1908/1787 205/1962/205
f 1602/1907/1602 205/1962/205 208/1963/208
f 1602/1907/1602 208/1963/208 116/1964/116
f 1638/1939/1638 286/1965/286 381/1966/381
f 1815/1940/1815 1638/1939/1638 381/1966/381
f 1815/1940/1815 381/1966/381 384/1967/384
f 1822/1947/1822 1815/1940/1815 384/1967/384
f 1822/1947/1822 384/1967/384 387/1968/387
f 1648/1732/1648 1830/1970/1830 1829/1969/1829 1647/1731/1647
f 1649/1733/1649 1831/1971/1831 1830/1970/1830 1648/1732/1648
f 1650/1734/1650 1832/1972/1832 1831/1971/1831 1649/1733/1649
f 1651/1735/1651 1833/1973/1833 1832/1972/1832 1650/1734/1650
f 1652/1736/1652 1834/1974/1834 1833/1973/1833 1651/1735/1651
f 1653/1737/1653 1835/1975/1835 1834/1974/1834 1652/1736/1652
f 1654/1738/1654 1836/1976/1836 1835/1975/1835 1653/1737/1653
f 1830/1970/1830 1838/1978/1838 1837/1977/1837 1829/1969/1829
f 1831/1971/1831 1839/1979/1839 1838/1978/1838 1830/1970/1830
f 1832/1972/1832 1840/1980/1840 1839/1979/1839 1831/1971/1831
f 1833/1973/1833 1841/1981/1841 1840/1980/1840 1832/1972/1832
f 1834/1974/1834 1842/1982/1842 1841/1981/1841 1833/1973/1833
f 1835/1975/1835 1843/1983/1843 1842/1982/1842 1834/1974/1834
f 1836/1976/1836 1844/1984/1844 1843/1983/1843 1835/1975/1835
f 1838/1978/1838 1847/1987/1847 1846/1986/1846 1837/1977/1837
f 1839/1979/1839 1848/1988/1848 1847/1987/1847 1838/1978/1838
f 1840/1980/1840 1849/1989/1849 1848/1988/1848 1839/1979/1839
f 1841/1981/1841 1850/1990/1850 1849/1989/1849 1840/1980/1840
f 1842/1982/1842 1851/1991/1851 1850/1990/1850 1841/1981/1841
f 1843/1983/1843 1852/1992/1852 1851/1991/1851 1842/1982/1842
f 1844/1984/1844 1853/1993/1853 1852/1992/1852 1843/1983/1843
f 1846/1986/1846 1855/1995/1855 1854/1994/1854 1845/1985/1845
f 1847/1987/1847 1856/1996/1856 1855/1995/1855 1846/1986/1846
f 1848/1988/1848 1857/1997/1857 1856/1996/1856 1847/1987/1847
f 1849/1989/1849 1858/1998/1858 1857/1997/1857 1848/1988/1848
f 1850/1990/1850 1859/1999/1859 1858/1998/1858 1849/1989/1849
f 1851/1991/1851 1860/2000/1860 1859/1999/1859 1850/1990/1850
f 1852/1992/1852 1861/2001/1861 1860/2000/1860 1851/1991/1851
f 1853/1993/1853 1862/2002/1862 1861/2001/1861 1852/1992/1852
f 1855/1995/1855 1864/2004/1864 1863/2003/1863 1854/1994/1854
f 1856/1996/1856 1865/2005/1865 1864/2004/1864 1855/1995/1855
f 1857/1997/1857 1866/2006/1866 1865/2005/1865 1856/1996/1856
f 1858/1998/1858 1867/2007/1867 1866/2006/1866 1857/1997/1857
f 1859/1999/1859 1868/2008/1868 1867/2007/1867 1858/1998/1858
f 1860/2000/1860 1869/2009/1869 1868/2008/1868 1859/1999/1859
f 1861/2001/1861 1870/2010/1870 1869/2009/1869 1860/2000/1860
f 1862/2002/1862 1871/2011/1871 1870/2010/1870 1861/2001/1861
f 1864/2004/1864 1873/2013/1873 1872/2012/1872 1863/2003/1863
f 1865/2005/1865 1874/2014/1874 1873/2013/1873 1864/2004/1864
f 1866/2006/1866 1875/2015/1875 1874/2014/1874 1865/2005/1865
f 1867/2007/1867 1876/2016/1876 1875/2015/1875 1866/2006/1866
f 1868/2008/1868 1877/2017/1877 1876/2016/1876 1867/2007/1867
f 1869/2009/1869 1878/2018/1878 1877/2017/1877 1868/2008/1868
f 1870/2010/1870 1879/2019/1879 1878/2018/1878 1869/2009/1869
f 1871/2011/1871 1880/2020/1880 1879/2019/1879 1870/2010/1870
f 1873/2013/1873 1882/2022/1882 1881/2021/1881 1872/2012/1872
f 1874/2014/1874 1883/2023/1883 1882/2022/1882 1873/2013/1873
f 1875/2015/1875 1884/2024/1884 1883/2023/1883 1874/2014/1874
f 1876/2016/1876 1885/2025/1885 1884/2024/1884 1875/2015/1875
f 1877/2017/1877 1886/2026/1886 1885/2025/1885 1876/2016/1876
f 1878/2018/1878 1887/2027/1887 1886/2026/1886 1877/2017/1877
f 1879/2019/1879 1888/2028/1888 1887/2027/1887 1878/2018/1878
f 1880/2020/1880 1889/2029/1889 1888/2028/1888 1879/2019/1879
f 1882/2022/1882 1891/2031/1891 1890/2030/1890 1881/2021/1881
f 1883/2023/1883 1892/2032/1892 1891/2031/1891 1882/2022/1882
f 1884/2024/1884 1893/2033/1893 1892/2032/1892 1883/2023/1883
f 1885/2025/1885 1894/2034/1894 1893/2033/1893 1884/2024/1884
f 1886/2026/1886 1895/2035/1895 1894/2034/1894 1885/2025/1885
f 1887/2027/1887 1896/2036/1896 1895/2035/1895 1886/2026/1886
f 1888/2028/1888 1897/2037/1897 1896/2036/1896 1887/2027/1887
f 1889/2029/1889 1898/2038/1898 1897/2037/1897 1888/2028/1888
f 298/2039/298 295/1753/295 1647/1731/1647
f 298/2039/298 1647/1731/1647 1829/1969/1829
f 301/2040/301 298/2039/298 1829/1969/1829
f 301/2040/301 1829/1969/1829 304/2041/304
f 307/2042/307 304/2041/304 1829/1969/1829
f 307/2042/307 1829/1969/1829 1837/1977/1837
f 307/2042/307 1837/1977/1837 310/2043/310
f 310/2043/310 1837/1977/1837 313/2044/313
f 313/2044/313 1837/1977/1837 316/2045/316
f 316/2045/316 1845/1985/1845 319/2046/319
f 316/2045/316 1846/1986/1846 1845/1985/1845
f 316/2045/316 1837/1977/1837 1846/1986/1846
f 1706/1805/1706 1899/2047/1899 1836/1976/1836 1654/1738/1654
f 1707/1806/1707 1900/2048/1900 1899/2047/1899 1706/1805/1706
f 1708/1807/1708 1901/2049/1901 1900/2048/1900 1707/1806/1707
f 1709/1808/1709 1902/2050/1902 1901/2049/1901 1708/1807/1708
f 1710/1809/1710 1903/2051/1903 1902/2050/1902 1709/1808/1709
f 1711/1810/1711 1904/2052/1904 1903/2051/1903 1710/1809/1710
f 1899/2047/1899 1906/2054/1906 1844/1984/1844 1836/1976/1836
f 1900/2048/1900 1907/2055/1907 1906/2054/1906 1899/2047/1899
f 1901/2049/1901 1908/2056/1908 1907/2055/1907 1900/2048/1900
f 1902/2050/1902 1909/2057/1909 1908/2056/1908 1901/2049/1901
f 1903/2051/1903 1910/2058/1910 1909/2057/1909 1902/2050/1902
f 1904/2052/1904 1911/2059/1911 1910/2058/1910 1903/2051/1903
f 1905/2053/1905 1912/2060/1912 1911/2059/1911 1904/2052/1904
f 1906/2054/1906 1914/2062/1914 1853/1993/1853 1844/1984/1844
f 1907/2055/1907 1915/2063/1915 1914/2062/1914 1906/2054/1906
f 1908/2056/1908 1916/2064/1916 1915/2063/1915 1907/2055/1907
f 1909/2057/1909 1917/2065/1917 1916/2064/1916 1908/2056/1908
f 1910/2058/1910 1918/2066/1918 1917/2065/1917 1909/2057/1909
f 1911/2059/1911 1919/2067/1919 1918/2066/1918 1910/2058/1910
f 1912/2060/1912 1920/2068/1920 1919/2067/1919 1911/2059/1911
f 1913/2061/1913 1921/2069/1921 1920/2068/1920 1912/2060/1912
f 1914/2062/1914 1922/2070/1922 1862/2002/1862 1853/1993/1853
f 1915/2063/1915 1923/2071/1923 1922/2070/1922 1914/2062/1914
f 1916/2064/1916 1924/2072/1924 1923/2071/1923 1915/2063/1915
f 1917/2065/1917 1925/2073/1925 1924/2072/1924 1916/2064/1916
f 1918/2066/1918 1926/2074/1926 1925/2073/1925 1917/2065/1917
f 1919/2067/1919 1927/2075/1927 1926/2074/1926 1918/2066/1918
f 1920/2068/1920 1928/2076/1928 1927/2075/1927 1919/2067/1919
f 1921/2069/1921 1929/2077/1929 1928/2076/1928 1920/2068/1920
f 1922/2070/1922 1930/2078/1930 1871/2011/1871 1862/2002/1862
f 1923/2071/1923 1931/2079/1931 1930/2078/1930 1922/2070/1922
f 1924/2072/1924 1932/2080/1932 1931/2079/1931 1923/2071/1923
f 1925/2073/1925 1933/2081/1933 1932/2080/1932 1924/2072/1924
f 1926/2074/1926 1934/2082/1934 1933/2081/1933 1925/2073/1925
f 1927/2075/1927 1935/2083/1935 1934/2082/1934 1926/2074/1926
f 1928/2076/1928 1936/2084/1936 1935/2083/1935 1927/2075/1927
f 1929/2077/1929 1937/2085/1937 1936/2084/1936 1928/2076/1928
f 1930/2078/1930 1938/2086/1938 1880/2020/1880 1871/2011/1871
f 1931/2079/1931 1939/2087/1939 1938/2086/1938 1930/2078/1930
f 1932/2080/1932 1940/2088/1940 1939/2087/1939 1931/2079/1931
f 1933/2081/1933 1941/2089/1941 1940/2088/1940 1932/2080/1932
f 1934/2082/1934 1942/2090/1942 1941/2089/1941 1933/2081/1933
f 1935/2083/1935 1943/2091/1943 1942/2090/1942 1934/2082/1934
f 1936/2084/1936 1944/2092/1944 1943/2091/1943 1935/2083/1935
f 1937/2085/1937 1945/2093/1945 1944/2092/1944 1936/2084/1936
f 1938/2086/1938 1946/2094/1946 1889/2029/1889 1880/2020/1880
f 1939/2087/1939 1947/2095/1947 1946/2094/1946 1938/2086/1938
f 1940/2088/1940 1948/2096/1948 1947/2095/1947 1939/2087/1939
f 1941/2089/1941 1949/2097/1949 1948/2096/1948 1940/2088/1940
f 1942/2090/1942 1950/2098/1950 1949/2097/1949 1941/2089/1941
f 1943/2091/1943 1951/2099/1951 1950/2098/1950 1942/2090/1942
f 1944/2092/1944 1952/2100/1952 1951/2099/1951 1943/2091/1943
f 1945/2093/1945 1953/2101/1953 1952/2100/1952 1944/2092/1944
f 1946/2094/1946 1954/2102/1954 1898/2038/1898 1889/2029/1889
f 1947/2095/1947 1955/2103/1955 1954/2102/1954 1946/2094/1946
f 1948/2096/1948 1956/2104/1956 1955/2103/1955 1947/2095/1947
f 1949/2097/1949 1957/2105/1957 1956/2104/1956 1948/2096/1948
f 1950/2098/1950 1958/2106/1958 1957/2105/1957 1949/2097/1949
f 1951/2099/1951 1959/2107/1959 1958/2106/1958 1950/2098/1950
f 1952/2100/1952 1960/2108/1960 1959/2107/1959 1951/2099/1951
f 1953/2101/1953 1961/2109/1961 1960/2108/1960 1952/2100/1952
f 667/2110/667 1711/1810/1711 664/1821/664
f 667/2110/667 1904/2052/1904 1711/1810/1711
f 667/2110/667 1905/2053/1905 1904/2052/1904
f 670/2111/670 1905/2053/1905 667/2110/667
f 670/2111/670 673/2112/673 1905/2053/1905
f 673/2112/673 676/2113/676 1912/2060/1912
f 673/2112/673 1912/2060/1912 1905/2053/1905
f 676/2113/676 679/2114/679 1913/2061/1913
f 676/2113/676 1913/2061/1913 1912/2060/1912
f 1962/2115/1962 1963/2116/1963 1767/1877/1767 1766/1876/1766
f 1963/2116/1963 1964/2117/1964 1768/1878/1768 1767/1877/1767
f 1964/2117/1964 1965/2118/1965 1769/1879/1769 1768/1878/1768
f 1965/2118/1965 1966/2119/1966 1770/1880/1770 1769/1879/1769
f 1966/2119/1966 1967/2120/1967 1771/1881/1771 1770/1880/1770
f 1967/2120/1967 1968/2121/1968 1772/1882/1772 1771/1881/1771
f 1970/2123/1970 1971/2124/1971 1963/2116/1963 1962/2115/1962
f 1971/2124/1971 1972/2125/1972 1964/2117/1964 1963/2116/1963
f 1972/2125/1972 1973/2126/1973 1965/2118/1965 1964/2117/1964
f 1973/2126/1973 1974/2127/1974 1966/2119/1966 1965/2118/1965
f 1974/2127/1974 1975/2128/1975 1967/2120/1967 1966/2119/1966
f 1975/2128/1975 1976/2129/1976 1968/2121/1968 1967/2120/1967
f 1976/2129/1976 1977/2130/1977 1969/2122/1969 1968/2121/1968
f 1978/2131/1978 1979/2132/1979 1971/2124/1971 1970/2123/1970
f 1979/2132/1979 1980/2133/1980 1972/2125/1972 1971/2124/1971
f 1980/2133/1980 1981/2134/1981 1973/2126/1973 1972/2125/1972
f 1981/2134/1981 1982/2135/1982 1974/2127/1974 1973/2126/1973
f 1982/2135/1982 1983/2136/1983 1975/2128/1975 1974/2127/1974
f 1983/2136/1983 1984/2137/1984 1976/2129/1976 1975/2128/1975
f 1984/2137/1984 1985/2138/1985 1977/2130/1977 1976/2129/1976
f 1985/2138/1985 1921/2069/1921 1913/2061/1913 1977/2130/1977
f 1986/2139/1986 1987/2140/1987 1979/2132/1979 1978/2131/1978
f 1987/2140/1987 1988/2141/1988 1980/2133/1980 1979/2132/1979
f 1988/2141/1988 1989/2142/1989 1981/2134/1981 1980/2133/1980
f 1989/2142/1989 1990/2143/1990 1982/2135/1982 1981/2134/1981
f 1990/2143/1990 1991/2144/1991 1983/2136/1983 1982/2135/1982
f 1991/2144/1991 1992/2145/1992 1984/2137/1984 1983/2136/1983
f 1992/2145/1992 1993/2146/1993 1985/2138/1985 1984/2137/1984
f 1993/2146/1993 1929/2077/1929 1921/2069/1921 1985/2138/1985
f 1994/2147/1994 1995/2148/1995 1987/2140/1987 1986/2139/1986
f 1995/2148/1995 1996/2149/1996 1988/2141/1988 1987/2140/1987
f 1996/2149/1996 1997/2150/1997 1989/2142/1989 1988/2141/1988
f 1997/2150/1997 1998/2151/1998 1990/2143/1990 1989/2142/1989
f 1998/2151/1998 1999/2152/1999 1991/2144/1991 1990/2143/1990
f 1999/2152/1999 2000/2153/2000 1992/2145/1992 1991/2144/1991
f 2000/2153/2000 2001/2154/2001 1993/2146/1993 1992/2145/1992
f 2001/2154/2001 1937/2085/1937 1929/2077/1929 1993/2146/1993
f 2002/2155/2002 2003/2156/2003 1995/2148/1995 1994/2147/1994
f 2003/2156/2003 2004/2157/2004 1996/2149/1996 1995/2148/1995
f 2004/2157/2004 2005/2158/2005 1997/2150/1997 1996/2149/1996
f 2005/2158/2005 2006/2159/2006 1998/2151/1998 1997/2150/1997
f 2006/2159/2006 2007/2160/2007 1999/2152/1999 1998/2151/1998
f 2007/2160/2007 2008/2161/2008 2000/2153/2000 1999/2152/1999
f 2008/2161/2008 2009/2162/2009 2001/2154/2001 2000/2153/2000
f 2009/2162/2009 1945/2093/1945 1937/2085/1937 2001/2154/2001
f 2010/2163/2010 2011/2164/2011 2003/2156/2003 2002/2155/2002
f 2011/2164/2011 2012/2165/2012 2004/2157/2004 2003/2156/2003
f 2012/2165/2012 2013/2166/2013 2005/2158/2005 2004/2157/2004
f 2013/2166/2013 2014/2167/2014 2006/2159/2006 2005/2158/2005
f 2014/2167/2014 2015/2168/2015 2007/2160/2007 2006/2159/2006
f 2015/2168/2015 2016/2169/2016 2008/2161/2008 2007/2160/2007
f 2016/2169/2016 2017/2170/2017 2009/2162/2009 2008/2161/2008
f 2017/2170/2017 1953/2101/1953 1945/2093/1945 2009/2162/2009
f 2018/2171/2018 2019/2172/2019 2011/2164/2011 2010/2163/2010
f 2019/2172/2019 2020/2173/2020 2012/2165/2012 2011/2164/2011
f 2020/2173/2020 2021/2174/2021 2013/2166/2013 2012/2165/2012
f 2021/2174/2021 2022/2175/2022 2014/2167/2014 2013/2166/2013
f 2022/2175/2022 2023/2176/2023 2015/2168/2015 2014/2167/2014
f 2023/2176/2023 2024/2177/2024 2016/2169/2016 2015/2168/2015
f 2024/2177/2024 2025/2178/2025 2017/2170/2017 2016/2169/2016
f 2025/2178/2025 1961/2109/1961 1953/2101/1953 2017/2170/2017
f 772/1892/772 1772/1882/1772 775/2179/775
f 1772/1882/1772 1968/2121/1968 775/2179/775
f 1968/2121/1968 1969/2122/1969 775/2179/775
f 775/2179/775 1969/2122/1969 778/2180/778
f 1969/2122/1969 781/2181/781 778/2180/778
f 1977/2130/1977 784/2182/784 781/2181/781
f 1969/2122/1969 1977/2130/1977 781/2181/781
f 1913/2061/1913 679/2114/679 784/2182/784
f 1977/2130/1977 1913/2061/1913 784/2182/784
f 2026/2183/2026 2027/2184/2027 1823/1948/1823 1822/1947/1822
f 2027/2184/2027 2028/2185/2028 1824/1949/1824 1823/1948/1823
f 2028/2185/2028 2029/2186/2029 1825/1950/1825 1824/1949/1824
f 2029/2186/2029 2030/2187/2030 1826/1951/1826 1825/1950/1825
f 2030/2187/2030 2031/2188/2031 1827/1952/1827 1826/1951/1826
f 2031/2188/2031 2032/2189/2032 1828/1953/1828 1827/1952/1827
f 2032/2189/2032 1962/2115/1962 1766/1876/1766 1828/1953/1828
f 2033/2190/2033 2034/2191/2034 2027/2184/2027 2026/2183/2026
f 2034/2191/2034 2035/2192/2035 2028/2185/2028 2027/2184/2027
f 2035/2192/2035 2036/2193/2036 2029/2186/2029 2028/2185/2028
f 2036/2193/2036 2037/2194/2037 2030/2187/2030 2029/2186/2029
f 2037/2194/2037 2038/2195/2038 2031/2188/2031 2030/2187/2030
f 2038/2195/2038 2039/2196/2039 2032/2189/2032 2031/2188/2031
f 2039/2196/2039 1970/2123/1970 1962/2115/1962 2032/2189/2032
f 2040/2198/2040 2041/2199/2041 2034/2191/2034 2033/2190/2033
f 2041/2199/2041 2042/2200/2042 2035/2192/2035 2034/2191/2034
f 2042/2200/2042 2043/2201/2043 2036/2193/2036 2035/2192/2035
f 2043/2201/2043 2044/2202/2044 2037/2194/2037 2036/2193/2036
f 2044/2202/2044 2045/2203/2045 2038/2195/2038 2037/2194/2037
f 2045/2203/2045 2046/2204/2046 2039/2196/2039 2038/2195/2038
f 2046/2204/2046 1978/2131/1978 1970/2123/1970 2039/2196/2039
f 1854/2205/1854 2047/2206/2047 2040/2198/2040 1845/2197/1845
f 2047/2206/2047 2048/2207/2048 2041/2199/2041 2040/2198/2040
f 2048/2207/2048 2049/2208/2049 2042/2200/2042 2041/2199/2041
f 2049/2208/2049 2050/2209/2050 2043/2201/2043 2042/2200/2042
f 2050/2209/2050 2051/2210/2051 2044/2202/2044 2043/2201/2043
f 2051/2210/2051 2052/2211/2052 2045/2203/2045 2044/2202/2044
f 2052/2211/2052 2053/2212/2053 2046/2204/2046 2045/2203/2045
f 2053/2212/2053 1986/2139/1986 1978/2131/1978 2046/2204/2046
f 1863/2213/1863 2054/2214/2054 2047/2206/2047 1854/2205/1854
f 2054/2214/2054 2055/2215/2055 2048/2207/2048 2047/2206/2047
f 2055/2215/2055 2056/2216/2056 2049/2208/2049 2048/2207/2048
f 2056/2216/2056 2057/2217/2057 2050/2209/2050 2049/2208/2049
f 2057/2217/2057 2058/2218/2058 2051/2210/2051 2050/2209/2050
f 2058/2218/2058 2059/2219/2059 2052/2211/2052 2051/2210/2051
f 2059/2219/2059 2060/2220/2060 2053/2212/2053 2052/2211/2052
f 2060/2220/2060 1994/2147/1994 1986/2139/1986 2053/2212/2053
f 1872/2221/1872 2061/2222/2061 2054/2214/2054 1863/2213/1863
f 2061/2222/2061 2062/2223/2062 2055/2215/2055 2054/2214/2054
f 2062/2223/2062 2063/2224/2063 2056/2216/2056 2055/2215/2055
f 2063/2224/2063 2064/2225/2064 2057/2217/2057 2056/2216/2056
f 2064/2225/2064 2065/2226/2065 2058/2218/2058 2057/2217/2057
f 2065/2226/2065 2066/2227/2066 2059/2219/2059 2058/2218/2058
f 2066/2227/2066 2067/2228/2067 2060/2220/2060 2059/2219/2059
f 2067/2228/2067 2002/2155/2002 1994/2147/1994 2060/2220/2060
f 1881/2229/1881 2068/2230/2068 2061/2222/2061 1872/2221/1872
f 2068/2230/2068 2069/2231/2069 2062/2223/2062 2061/2222/2061
f 2069/2231/2069 2070/2232/2070 2063/2224/2063 2062/2223/2062
f 2070/2232/2070 2071/2233/2071 2064/2225/2064 2063/2224/2063
f 2071/2233/2071 2072/2234/2072 2065/2226/2065 2064/2225/2064
f 2072/2234/2072 2073/2235/2073 2066/2227/2066 2065/2226/2065
f 2073/2235/2073 2074/2236/2074 2067/2228/2067 2066/2227/2066
f 2074/2236/2074 2010/2163/2010 2002/2155/2002 2067/2228/2067
f 1890/2237/1890 2075/2238/2075 2068/2230/2068 1881/2229/1881
f 2075/2238/2075 2076/2239/2076 2069/2231/2069 2068/2230/2068
f 2076/2239/2076 2077/2240/2077 2070/2232/2070 2069/2231/2069
f 2077/2240/2077 2078/2241/2078 2071/2233/2071 2070/2232/2070
f 2078/2241/2078 2079/2242/2079 2072/2234/2072 2071/2233/2071
f 2079/2242/2079 2080/2243/2080 2073/2235/2073 2072/2234/2072
f 2080/2243/2080 2081/2244/2081 2074/2236/2074 2073/2235/2073
f 2081/2244/2081 2018/2171/2018 2010/2163/2010 2074/2236/2074
f 1822/1947/1822 387/1968/387 390/2245/390
f 2026/2183/2026 1822/1947/1822 390/2245/390
f 2026/2183/2026 390/2245/390 393/2246/393
f 396/2247/396 2026/2183/2026 393/2246/393
f 2026/2183/2026 396/2247/396 399/2248/399
f 2033/2190/2033 2026/2183/2026 399/2248/399
f 402/2249/402 2033/2190/2033 399/2248/399
f 405/2250/405 2033/2190/2033 402/2249/402
f 408/2251/408 2033/2190/2033 405/2250/405
f 319/2252/319 1845/2197/1845 408/2251/408
f 1845/2197/1845 2040/2198/2040 408/2251/408
f 2040/2198/2040 2033/2190/2033 408/2251/408
f 1891/2254/1891 2083/2263/2083 2082/2262/2082 1890/2253/1890
f 1892/2255/1892 2084/2264/2084 2083/2263/2083 1891/2254/1891
f 1893/2256/1893 2085/2265/2085 2084/2264/2084 1892/2255/1892
f 1894/2257/1894 2086/2266/2086 2085/2265/2085 1893/2256/1893
f 1895/2258/1895 2087/2267/2087 2086/2266/2086 1894/2257/1894
f 1896/2259/1896 2088/2268/2088 2087/2267/2087 1895/2258/1895
f 1897/2260/1897 2089/2269/2089 2088/2268/2088 1896/2259/1896
f 1898/2261/1898 2090/2270/2090 2089/2269/2089 1897/2260/1897
f 2083/2263/2083 2092/2272/2092 2091/2271/2091 2082/2262/2082
f 2084/2264/2084 2093/2273/2093 2092/2272/2092 2083/2263/2083
f 2085/2265/2085 2094/2274/2094 2093/2273/2093 2084/2264/2084
f 2086/2266/2086 2095/2275/2095 2094/2274/2094 2085/2265/2085
f 2087/2267/2087 2096/2276/2096 2095/2275/2095 2086/2266/2086
f 2088/2268/2088 2097/2277/2097 2096/2276/2096 2087/2267/2087
f 2089/2269/2089 2098/2278/2098 2097/2277/2097 2088/2268/2088
f 2090/2270/2090 2099/2279/2099 2098/2278/2098 2089/2269/2089
f 2092/2272/2092 2101/2281/2101 2100/2280/2100 2091/2271/2091
f 2093/2273/2093 2102/2282/2102 2101/2281/2101 2092/2272/2092
f 2094/2274/2094 2103/2283/2103 2102/2282/2102 2093/2273/2093
f 2095/2275/2095 2104/2284/2104 2103/2283/2103 2094/2274/2094
f 2096/2276/2096 2105/2285/2105 2104/2284/2104 2095/2275/2095
f 2097/2277/2097 2106/2286/2106 2105/2285/2105 2096/2276/2096
f 2098/2278/2098 2107/2287/2107 2106/2286/2106 2097/2277/2097
f 2099/2279/2099 2108/2288/2108 2107/2287/2107 2098/2278/2098
f 2101/2281/2101 2110/2290/2110 2109/2289/2109 2100/2280/2100
f 2102/2282/2102 2111/2291/2111 2110/2290/2110 2101/2281/2101
f 2103/2283/2103 2112/2292/2112 2111/2291/2111 2102/2282/2102
f 2104/2284/2104 2113/2293/2113 2112/2292/2112 2103/2283/2103
f 2105/2285/2105 2114/2294/2114 2113/2293/2113 2104/2284/2104
f 2106/2286/2106 2115/2295/2115 2114/2294/2114 2105/2285/2105
f 2107/2287/2107 2116/2296/2116 2115/2295/2115 2106/2286/2106
f 2108/2288/2108 2117/2297/2117 2116/2296/2116 2107/2287/2107
f 2110/2290/2110 2119/2299/2119 2118/2298/2118 2109/2289/2109
f 2111/2291/2111 2120/2300/2120 2119/2299/2119 2110/2290/2110
f 2112/2292/2112 2121/2301/2121 2120/2300/2120 2111/2291/2111
f 2113/2293/2113 2122/2302/2122 2121/2301/2121 2112/2292/2112
f 2114/2294/2114 2123/2303/2123 2122/2302/2122 2113/2293/2113
f 2115/2295/2115 2124/2304/2124 2123/2303/2123 2114/2294/2114
f 2116/2296/2116 2125/2305/2125 2124/2304/2124 2115/2295/2115
f 2117/2297/2117 2126/2306/2126 2125/2305/2125 2116/2296/2116
f 2119/2299/2119 2128/2308/2128 2127/2307/2127 2118/2298/2118
f 2120/2300/2120 2129/2309/2129 2128/2308/2128 2119/2299/2119
f 2121/2301/2121 2130/2310/2130 2129/2309/2129 2120/2300/2120
f 2122/2302/2122 2131/2311/2131 2130/2310/2130 2121/2301/2121
f 2123/2303/2123 2132/2312/2132 2131/2311/2131 2122/2302/2122
f 2124/2304/2124 2133/2313/2133 2132/2312/2132 2123/2303/2123
f 2125/2305/2125 2134/2314/2134 2133/2313/2133 2124/2304/2124
f 2126/2306/2126 2135/2315/2135 2134/2314/2134 2125/2305/2125
f 2128/2308/2128 2137/2317/2137 2136/2316/2136 2127/2307/2127
f 2129/2309/2129 2138/2318/2138 2137/2317/2137 2128/2308/2128
f 2130/2310/2130 2139/2319/2139 2138/2318/2138 2129/2309/2129
f 2131/2311/2131 2140/2320/2140 2139/2319/2139 2130/2310/2130
f 2132/2312/2132 2141/2321/2141 2140/2320/2140 2131/2311/2131
f 2133/2313/2133 2142/2322/2142 2141/2321/2141 2132/2312/2132
f 2134/2314/2134 2143/2323/2143 2142/2322/2142 2133/2313/2133
f 2135/2315/2135 2144/2324/2144 2143/2323/2143 2134/2314/2134
f 2137/2317/2137 2145/2325/2145 2136/2316/2136
f 2138/2318/2138 2145/2325/2145 2137/2317/2137
f 2139/2319/2139 2145/2325/2145 2138/2318/2138
f 2140/2320/2140 2145/2325/2145 2139/2319/2139
f 2141/2321/2141 2145/2325/2145 2140/2320/2140
f 2142/2322/2142 2145/2325/2145 2141/2321/2141
f 2143/2323/2143 2145/2325/2145 2142/2322/2142
f 2144/2324/2144 2145/2325/2145 2143/2323/2143
f 1954/2326/1954 2146/2334/2146 2090/2270/2090 1898/2261/1898
f 1955/2327/1955 2147/2335/2147 2146/2334/2146 1954/2326/1954
f 1956/2328/1956 2148/2336/2148 2147/2335/2147 1955/2327/1955
f 1957/2329/1957 2149/2337/2149 2148/2336/2148 1956/2328/1956
f 1958/2330/1958 2150/2338/2150 2149/2337/2149 1957/2329/1957
f 1959/2331/1959 2151/2339/2151 2150/2338/2150 1958/2330/1958
f 1960/2332/1960 2152/2340/2152 2151/2339/2151 1959/2331/1959
f 1961/2333/1961 2153/2341/2153 2152/2340/2152 1960/2332/1960
f 2146/2334/2146 2154/2342/2154 2099/2279/2099 2090/2270/2090
f 2147/2335/2147 2155/2343/2155 2154/2342/2154 2146/2334/2146
f 2148/2336/2148 2156/2344/2156 2155/2343/2155 2147/2335/2147
f 2149/2337/2149 2157/2345/2157 2156/2344/2156 2148/2336/2148
f 2150/2338/2150 2158/2346/2158 2157/2345/2157 2149/2337/2149
f 2151/2339/2151 2159/2347/2159 2158/2346/2158 2150/2338/2150
f 2152/2340/2152 2160/2348/2160 2159/2347/2159 2151/2339/2151
f 2153/2341/2153 2161/2349/2161 2160/2348/2160 2152/2340/2152
f 2154/2342/2154 2162/2350/2162 2108/2288/2108 2099/2279/2099
f 2155/2343/2155 2163/2351/2163 2162/2350/2162 2154/2342/2154
f 2156/2344/2156 2164/2352/2164 2163/2351/2163 2155/2343/2155
f 2157/2345/2157 2165/2353/2165 2164/2352/2164 2156/2344/2156
f 2158/2346/2158 2166/2354/2166 2165/2353/2165 2157/2345/2157
f 2159/2347/2159 2167/2355/2167 2166/2354/2166 2158/2346/2158
f 2160/2348/2160 2168/2356/2168 2167/2355/2167 2159/2347/2159
f 2161/2349/2161 2169/2357/2169 2168/2356/2168 2160/2348/2160
f 2162/2350/2162 2170/2358/2170 2117/2297/2117 2108/2288/2108
f 2163/2351/2163 2171/2359/2171 2170/2358/2170 2162/2350/2162
f 2164/2352/2164 2172/2360/2172 2171/2359/2171 2163/2351/2163
f 2165/2353/2165 2173/2361/2173 2172/2360/2172 2164/2352/2164
f 2166/2354/2166 2174/2362/2174 2173/2361/2173 2165/2353/2165
f 2167/2355/2167 2175/2363/2175 2174/2362/2174 2166/2354/2166
f 2168/2356/2168 2176/2364/2176 2175/2363/2175 2167/2355/2167
f 2169/2357/2169 2177/2365/2177 2176/2364/2176 2168/2356/2168
f 2170/2358/2170 2178/2366/2178 2126/2306/2126 2117/2297/2117
f 2171/2359/2171 2179/2367/2179 2178/2366/2178 2170/2358/2170
f 2172/2360/2172 2180/2368/2180 2179/2367/2179 2171/2359/2171
f 2173/2361/2173 2181/2369/2181 2180/2368/2180 2172/2360/2172
f 2174/2362/2174 2182/2370/2182 2181/2369/2181 2173/2361/2173
f 2175/2363/2175 2183/2371/2183 2182/2370/2182 2174/2362/2174
f 2176/2364/2176 2184/2372/2184 2183/2371/2183 2175/2363/2175
f 2177/2365/2177 2185/2373/2185 2184/2372/2184 2176/2364/2176
f 2178/2366/2178 2186/2374/2186 2135/2315/2135 2126/2306/2126
f 2179/2367/2179 2187/2375/2187 2186/2374/2186 2178/2366/2178
f 2180/2368/2180 2188/2376/2188 2187/2375/2187 2179/2367/2179
f 2181/2369/2181 2189/2377/2189 2188/2376/2188 2180/2368/2180
f 2182/2370/2182 2190/2378/2190 2189/2377/2189 2181/2369/2181
f 2183/2371/2183 2191/2379/2191 2190/2378/2190 2182/2370/2182
f 2184/2372/2184 2192/2380/2192 2191/2379/2191 2183/2371/2183
f 2185/2373/2185 2193/2381/2193 2192/2380/2192 2184/2372/2184
f 2186/2374/2186 2194/2382/2194 2144/2324/2144 2135/2315/2135
f 2187/2375/2187 2195/2383/2195 2194/2382/2194 2186/2374/2186
f 2188/2376/2188 2196/2384/2196 2195/2383/2195 2187/2375/2187
f 2189/2377/2189 2197/2385/2197 2196/2384/2196 2188/2376/2188
f 2190/2378/2190 2198/2386/2198 2197/2385/2197 2189/2377/2189
f 2191/2379/2191 2199/2387/2199 2198/2386/2198 2190/2378/2190
f 2192/2380/2192 2200/2388/2200 2199/2387/2199 2191/2379/2191
f 2193/2381/2193 2201/2389/2201 2200/2388/2200 2192/2380/2192
f 2194/2382/2194 2145/2325/2145 2144/2324/2144
f 2195/2383/2195 2145/2325/2145 2194/2382/2194
f 2196/2384/2196 2145/2325/2145 2195/2383/2195
f 2197/2385/2197 2145/2325/2145 2196/2384/2196
f 2198/2386/2198 2145/2325/2145 2197/2385/2197
f 2199/2387/2199 2145/2325/2145 2198/2386/2198
f 2200/2388/2200 2145/2325/2145 2199/2387/2199
f 2201/2389/2201 2145/2325/2145 2200/2388/2200
f 2202/2398/2202 2203/2399/2203 2019/2391/2019 2018/2390/2018
f 2203/2399/2203 2204/2400/2204 2020/2392/2020 2019/2391/2019
f 2204/2400/2204 2205/2401/2205 2021/2393/2021 2020/2392/2020
f 2205/2401/2205 2206/2402/2206 2022/2394/2022 2021/2393/2021
f 2206/2402/2206 2207/2403/2207 2023/2395/2023 2022/2394/2022
f 2207/2403/2207 2208/2404/2208 2024/2396/2024 2023/2395/2023
f 2208/2404/2208 2209/2405/2209 2025/2397/2025 2024/2396/2024
f 2209/2405/2209 2153/2341/2153 1961/2333/1961 2025/2397/2025
f 2210/2406/2210 2211/2407/2211 2203/2399/2203 2202/2398/2202
f 2211/2407/2211 2212/2408/2212 2204/2400/2204 2203/2399/2203
f 2212/2408/2212 2213/2409/2213 2205/2401/2205 2204/2400/2204
f 2213/2409/2213 2214/2410/2214 2206/2402/2206 2205/2401/2205
f 2214/2410/2214 2215/2411/2215 2207/2403/2207 2206/2402/2206
f 2215/2411/2215 2216/2412/2216 2208/2404/2208 2207/2403/2207
f 2216/2412/2216 2217/2413/2217 2209/2405/2209 2208/2404/2208
f 2217/2413/2217 2161/2349/2161 2153/2341/2153 2209/2405/2209
f 2218/2414/2218 2219/2415/2219 2211/2407/2211 2210/2406/2210
f 2219/2415/2219 2220/2416/2220 2212/2408/2212 2211/2407/2211
f 2220/2416/2220 2221/2417/2221 2213/2409/2213 2212/2408/2212
f 2221/2417/2221 2222/2418/2222 2214/2410/2214 2213/2409/2213
f 2222/2418/2222 2223/2419/2223 2215/2411/2215 2214/2410/2214
f 2223/2419/2223 2224/2420/2224 2216/2412/2216 2215/2411/2215
f 2224/2420/2224 2225/2421/2225 2217/2413/2217 2216/2412/2216
f 2225/2421/2225 2169/2357/2169 2161/2349/2161 2217/2413/2217
f 2226/2422/2226 2227/2423/2227 2219/2415/2219 2218/2414/2218
f 2227/2423/2227 2228/2424/2228 2220/2416/2220 2219/2415/2219
f 2228/2424/2228 2229/2425/2229 2221/2417/2221 2220/2416/2220
f 2229/2425/2229 2230/2426/2230 2222/2418/2222 2221/2417/2221
f 2230/2426/2230 2231/2427/2231 2223/2419/2223 2222/2418/2222
f 2231/2427/2231 2232/2428/2232 2224/2420/2224 2223/2419/2223
f 2232/2428/2232 2233/2429/2233 2225/2421/2225 2224/2420/2224
f 2233/2429/2233 2177/2365/2177 2169/2357/2169 2225/2421/2225
f 2234/2430/2234 2235/2431/2235 2227/2423/2227 2226/2422/2226
f 2235/2431/2235 2236/2432/2236 2228/2424/2228 2227/2423/2227
f 2236/2432/2236 2237/2433/2237 2229/2425/2229 2228/2424/2228
f 2237/2433/2237 2238/2434/2238 2230/2426/2230 2229/2425/2229
f 2238/2434/2238 2239/2435/2239 2231/2427/2231 2230/2426/2230
f 2239/2435/2239 2240/2436/2240 2232/2428/2232 2231/2427/2231
f 2240/2436/2240 2241/2437/2241 2233/2429/2233 2232/2428/2232
f 2241/2437/2241 2185/2373/2185 2177/2365/2177 2233/2429/2233
f 2242/2438/2242 2243/2439/2243 2235/2431/2235 2234/2430/2234
f 2243/2439/2243 2244/2440/2244 2236/2432/2236 2235/2431/2235
f 2244/2440/2244 2245/2441/2245 2237/2433/2237 2236/2432/2236
f 2245/2441/2245 2246/2442/2246 2238/2434/2238 2237/2433/2237
f 2246/2442/2246 2247/2443/2247 2239/2435/2239 2238/2434/2238
f 2247/2443/2247 2248/2444/2248 2240/2436/2240 2239/2435/2239
f 2248/2444/2248 2249/2445/2249 2241/2437/2241 2240/2436/2240
f 2249/2445/2249 2193/2381/2193 2185/2373/2185 2241/2437/2241
f 2250/2446/2250 2251/2447/2251 2243/2439/2243 2242/2438/2242
f 2251/2447/2251 2252/2448/2252 2244/2440/2244 2243/2439/2243
f 2252/2448/2252 2253/2449/2253 2245/2441/2245 2244/2440/2244
f 2253/2449/2253 2254/2450/2254 2246/2442/2246 2245/2441/2245
f 2254/2450/2254 2255/2451/2255 2247/2443/2247 2246/2442/2246
f 2255/2451/2255 2256/2452/2256 2248/2444/2248 2247/2443/2247
f 2256/2452/2256 2257/2453/2257 2249/2445/2249 2248/2444/2248
f 2257/2453/2257 2201/2389/2201 2193/2381/2193 2249/2445/2249
f 2250/2446/2250 2145/2325/2145 2251/2447/2251
f 2251/2447/2251 2145/2325/2145 2252/2448/2252
f 2252/2448/2252 2145/2325/2145 2253/2449/2253
f 2253/2449/2253 2145/2325/2145 2254/2450/2254
f 2254/2450/2254 2145/2325/2145 2255/2451/2255
f 2255/2451/2255 2145/2325/2145 2256/2452/2256
f 2256/2452/2256 2145/2325/2145 2257/2453/2257
f 2257/2453/2257 2145/2325/2145 2201/2389/2201
f 2082/2262/2082 2258/2461/2258 2075/2454/2075 1890/2253/1890
f 2258/2461/2258 2259/2462/2259 2076/2455/2076 2075/2454/2075
f 2259/2462/2259 2260/2463/2260 2077/2456/2077 2076/2455/2076
f 2260/2463/2260 2261/2464/2261 2078/2457/2078 2077/2456/2077
f 2261/2464/2261 2262/2465/2262 2079/2458/2079 2078/2457/2078
f 2262/2465/2262 2263/2466/2263 2080/2459/2080 2079/2458/2079
f 2263/2466/2263 2264/2467/2264 2081/2460/2081 2080/2459/2080
f 2264/2467/2264 2202/2398/2202 2018/2390/2018 2081/2460/2081
f 2091/2271/2091 2265/2468/2265 2258/2461/2258 2082/2262/2082
f 2265/2468/2265 2266/2469/2266 2259/2462/2259 2258/2461/2258
f 2266/2469/2266 2267/2470/2267 2260/2463/2260 2259/2462/2259
f 2267/2470/2267 2268/2471/2268 2261/2464/2261 2260/2463/2260
f 2268/2471/2268 2269/2472/2269 2262/2465/2262 2261/2464/2261
f 2269/2472/2269 2270/2473/2270 2263/2466/2263 2262/2465/2262
f 2270/2473/2270 2271/2474/2271 2264/2467/2264 2263/2466/2263
f 2271/2474/2271 2210/2406/2210 2202/2398/2202 2264/2467/2264
f 2100/2280/2100 2272/2475/2272 2265/2468/2265 2091/2271/2091
f 2272/2475/2272 2273/2476/2273 2266/2469/2266 2265/2468/2265
f 2273/2476/2273 2274/2477/2274 2267/2470/2267 2266/2469/2266
f 2274/2477/2274 2275/2478/2275 2268/2471/2268 2267/2470/2267
f 2275/2478/2275 2276/2479/2276 2269/2472/2269 2268/2471/2268
f 2276/2479/2276 2277/2480/2277 2270/2473/2270 2269/2472/2269
f 2277/2480/2277 2278/2481/2278 2271/2474/2271 2270/2473/2270
f 2278/2481/2278 2218/2414/2218 2210/2406/2210 2271/2474/2271
f 2109/2289/2109 2279/2482/2279 2272/2475/2272 2100/2280/2100
f 2279/2482/2279 2280/2483/2280 2273/2476/2273 2272/2475/2272
f 2280/2483/2280 2281/2484/2281 2274/2477/2274 2273/2476/2273
f 2281/2484/2281 2282/2485/2282 2275/2478/2275 2274/2477/2274
f 2282/2485/2282 2283/2486/2283 2276/2479/2276 2275/2478/2275
f 2283/2486/2283 2284/2487/2284 2277/2480/2277 2276/2479/2276
f 2284/2487/2284 2285/2488/2285 2278/2481/2278 2277/2480/2277
f 2285/2488/2285 2226/2422/2226 2218/2414/2218 2278/2481/2278
f 2118/2298/2118 2286/2489/2286 2279/2482/2279 2109/2289/2109
f 2286/2489/2286 2287/2490/2287 2280/2483/2280 2279/2482/2279
f 2287/2490/2287 2288/2491/2288 2281/2484/2281 2280/2483/2280
f 2288/2491/2288 2289/2492/2289 2282/2485/2282 2281/2484/2281
f 2289/2492/2289 2290/2493/2290 2283/2486/2283 2282/2485/2282
f 2290/2493/2290 2291/2494/2291 2284/2487/2284 2283/2486/2283
f 2291/2494/2291 2292/2495/2292 2285/2488/2285 2284/2487/2284
f 2292/2495/2292 2234/2430/2234 2226/2422/2226 2285/2488/2285
f 2127/2307/2127 2293/2496/2293 2286/2489/2286 2118/2298/2118
f 2293/2496/2293 2294/2497/2294 2287/2490/2287 2286/2489/2286
f 2294/2497/2294 2295/2498/2295 2288/2491/2288 2287/2490/2287
f 2295/2498/2295 2296/2499/2296 2289/2492/2289 2288/2491/2288
f 2296/2499/2296 2297/2500/2297 2290/2493/2290 2289/2492/2289
f 2297/2500/2297 2298/2501/2298 2291/2494/2291 2290/2493/2290
f 2298/2501/2298 2299/2502/2299 2292/2495/2292 2291/2494/2291
f 2299/2502/2299 2242/2438/2242 2234/2430/2234 2292/2495/2292
f 2136/2316/2136 2300/2503/2300 2293/2496/2293 2127/2307/2127
f 2300/2503/2300 2301/2504/2301 2294/2497/2294 2293/2496/2293
f 2301/2504/2301 2302/2505/2302 2295/2498/2295 2294/2497/2294
f 2302/2505/2302 2303/2506/2303 2296/2499/2296 2295/2498/2295
f 2303/2506/2303 2304/2507/2304 2297/2500/2297 2296/2499/2296
f 2304/2507/2304 2305/2508/2305 2298/2501/2298 2297/2500/2297
f 2305/2508/2305 2306/2509/2306 2299/2502/2299 2298/2501/2298
f 2306/2509/2306 2250/2446/2250 2242/2438/2242 2299/2502/2299
f 2136/2316/2136 2145/2325/2145 2300/2503/2300
f 2300/2503/2300 2145/2325/2145 2301/2504/2301
f 2301/2504/2301 2145/2325/2145 2302/2505/2302
f 2302/2505/2302 2145/2325/2145 2303/2506/2303
f 2303/2506/2303 2145/2325/2145 2304/2507/2304
f 2304/2507/2304 2145/2325/2145 2305/2508/2305
f 2305/2508/2305 2145/2325/2145 2306/2509/2306
f 2306/2509/2306 2145/2325/2145 2250/2446/2250
f 2308/2511/2308 2317/2520/2317 2316/2519/2316 2307/2510/2307
f 2309/2512/2309 2318/2521/2318 2317/2520/2317 2308/2511/2308
f 2310/2513/2310 2319/2522/2319 2318/2521/2318 2309/2512/2309
f 2311/2514/2311 2320/2523/2320 2319/2522/2319 2310/2513/2310
f 2312/2515/2312 2321/2524/2321 2320/2523/2320 2311/2514/2311
f 2313/2516/2313 2322/2525/2322 2321/2524/2321 2312/2515/2312
f 2314/2517/2314 2323/2526/2323 2322/2525/2322 2313/2516/2313
f 2315/2518/2315 2324/2527/2324 2323/2526/2323 2314/2517/2314
f 2317/2520/2317 2326/2529/2326 2325/2528/2325 2316/2519/2316
f 2318/2521/2318 2327/2530/2327 2326/2529/2326 2317/2520/2317
f 2319/2522/2319 2328/2531/2328 2327/2530/2327 2318/2521/2318
f 2320/2523/2320 2329/2532/2329 2328/2531/2328 2319/2522/2319
f 2321/2524/2321 2330/2533/2330 2329/2532/2329 2320/2523/2320
f 2322/2525/2322 2331/2534/2331 2330/2533/2330 2321/2524/2321
f 2323/2526/2323 2332/2535/2332 2331/2534/2331 2322/2525/2322
f 2324/2527/2324 2333/2536/2333 2332/2535/2332 2323/2526/2323
f 2326/2529/2326 2335/2538/2335 2334/2537/2334 2325/2528/2325
f 2327/2530/2327 2336/2539/2336 2335/2538/2335 2326/2529/2326
f 2328/2531/2328 2337/2540/2337 2336/2539/2336 2327/2530/2327
f 2329/2532/2329 2338/2541/2338 2337/2540/2337 2328/2531/2328
f 2330/2533/2330 2339/2542/2339 2338/2541/2338 2329/2532/2329
f 2331/2534/2331 2340/2543/2340 2339/2542/2339 2330/2533/2330
f 2332/2535/2332 2341/2544/2341 2340/2543/2340 2331/2534/2331
f 2333/2536/2333 2342/2545/2342 2341/2544/2341 2332/2535/2332
f 2335/2538/2335 2344/2547/2344 2343/2546/2343 2334/2537/2334
f 2336/2539/2336 2345/2548/2345 2344/2547/2344 2335/2538/2335
f 2337/2540/2337 2346/2549/2346 2345/2548/2345 2336/2539/2336
f 2338/2541/2338 2347/2550/2347 2346/2549/2346 2337/2540/2337
f 2339/2542/2339 2348/2551/2348 2347/2550/2347 2338/2541/2338
f 2340/2543/2340 2349/2552/2349 2348/2551/2348 2339/2542/2339
f 2341/2544/2341 2350/2553/2350 2349/2552/2349 2340/2543/2340
f 2342/2545/2342 2351/2554/2351 2350/2553/2350 2341/2544/2341
f 2344/2547/2344 2353/2556/2353 2352/2555/2352 2343/2546/2343
f 2345/2548/2345 2354/2557/2354 2353/2556/2353 2344/2547/2344
f 2346/2549/2346 2355/2558/2355 2354/2557/2354 2345/2548/2345
f 2347/2550/2347 2356/2559/2356 2355/2558/2355 2346/2549/2346
f 2348/2551/2348 2357/2560/2357 2356/2559/2356 2347/2550/2347
f 2349/2552/2349 2358/2561/2358 2357/2560/2357 2348/2551/2348
f 2350/2553/2350 2359/2562/2359 2358/2561/2358 2349/2552/2349
f 2351/2554/2351 2360/2563/2360 2359/2562/2359 2350/2553/2350
f 2353/2556/2353 2362/2565/2362 2361/2564/2361 2352/2555/2352
f 2354/2557/2354 2363/2566/2363 2362/2565/2362 2353/2556/2353
f 2355/2558/2355 2364/2567/2364 2363/2566/2363 2354/2557/2354
f 2356/2559/2356 2365/2568/2365 2364/2567/2364 2355/2558/2355
f 2357/2560/2357 2366/2569/2366 2365/2568/2365 2356/2559/2356
f 2358/2561/2358 2367/2570/2367 2366/2569/2366 2357/2560/2357
f 2359/2562/2359 2368/2571/2368 2367/2570/2367 2358/2561/2358
f 2360/2563/2360 2369/2572/2369 2368/2571/2368 2359/2562/2359
f 2362/2565/2362 410/433/410 409/432/409 2361/2564/2361
f 2363/2566/2363 411/434/411 410/433/410 2362/2565/2362
f 2364/2567/2364 412/435/412 411/434/411 2363/2566/2363
f 2365/2568/2365 413/436/413 412/435/412 2364/2567/2364
f 2366/2569/2366 414/437/414 413/436/413 2365/2568/2365
f 2367/2570/2367 415/438/415 414/437/414 2366/2569/2366
f 2368/2571/2368 416/439/416 415/438/415 2367/2570/2367
f 2369/2572/2369 417/440/417 416/439/416 2368/2571/2368
f 2372/2574/2372 2373/2575/2373 2308/2511/2308
f 2372/2574/2372 2308/2511/2308 2307/2510/2307
f 2373/2575/2373 2374/2576/2374 2309/2512/2309
f 2373/2575/2373 2309/2512/2309 2308/2511/2308
f 2374/2576/2374 2375/2577/2375 2310/2513/2310
f 2374/2576/2374 2310/2513/2310 2309/2512/2309
f 2376/2578/2376 2310/2513/2310 2375/2577/2375
f 2376/2578/2376 2311/2514/2311 2310/2513/2310
f 2376/2578/2376 2377/2579/2377 2311/2514/2311
f 2377/2579/2377 2378/2580/2378 2312/2515/2312
f 2377/2579/2377 2312/2515/2312 2311/2514/2311
f 2378/2580/2378 2379/2581/2379 2313/2516/2313
f 2378/2580/2378 2313/2516/2313 2312/2515/2312
f 2380/2582/2380 2313/2516/2313 2379/2581/2379
f 2380/2582/2380 2314/2517/2314 2313/2516/2313
f 2380/2582/2380 2381/2583/2381 2314/2517/2314
f 2381/2583/2381 2382/2584/2382 2315/2518/2315
f 2381/2583/2381 2315/2518/2315 2314/2517/2314
f 2372/2574/2372 2383/2585/2383 2386/2588/2386 2373/2575/2373
f 2383/2585/2383 2384/2586/2384 2387/2589/2387 2386/2588/2386
f 2384/2586/2384 2385/2587/2385 2388/2590/2388 2387/2589/2387
f 2373/2575/2373 2386/2588/2386 2389/2591/2389 2374/2576/2374
f 2386/2588/2386 2387/2589/2387 2390/2592/2390 2389/2591/2389
f 2387/2589/2387 2388/2590/2388 2391/2593/2391 2390/2592/2390
f 2374/2576/2374 2389/2591/2389 2392/2594/2392 2375/2577/2375
f 2389/2591/2389 2390/2592/2390 2393/2595/2393 2392/2594/2392
f 2390/2592/2390 2391/2593/2391 2394/2596/2394 2393/2595/2393
f 2375/2577/2375 2392/2594/2392 2395/2597/2395 2376/2578/2376
f 2392/2594/2392 2393/2595/2393 2396/2598/2396 2395/2597/2395
f 2393/2595/2393 2394/2596/2394 2397/2599/2397 2396/2598/2396
f 2376/2578/2376 2395/2597/2395 2398/2600/2398 2377/2579/2377
f 2395/2597/2395 2396/2598/2396 2399/2601/2399 2398/2600/2398
f 2396/2598/2396 2397/2599/2397 2400/2602/2400 2399/2601/2399
f 2377/2579/2377 2398/2600/2398 2401/2603/2401 2378/2580/2378
f 2398/2600/2398 2399/2601/2399 2402/2604/2402 2401/2603/2401
f 2399/2601/2399 2400/2602/2400 2403/2605/2403 2402/2604/2402
f 2378/2580/2378 2401/2603/2401 2404/2606/2404 2379/2581/2379
f 2401/2603/2401 2402/2604/2402 2405/2607/2405 2404/2606/2404
f 2402/2604/2402 2403/2605/2403 2406/2608/2406 2405/2607/2405
f 2379/2581/2379 2404/2606/2404 2407/2609/2407 2380/2582/2380
f 2404/2606/2404 2405/2607/2405 2408/2610/2408 2407/2609/2407
f 2405/2607/2405 2406/2608/2406 2409/2611/2409 2408/2610/2408
f 2380/2582/2380 2407/2609/2407 2410/2612/2410 2381/2583/2381
f 2407/2609/2407 2408/2610/2408 2411/2613/2411 2410/2612/2410
f 2408/2610/2408 2409/2611/2409 2412/2614/2412 2411/2613/2411
f 2381/2583/2381 2410/2612/2410 2413/2615/2413 2382/2584/2382
f 2410/2612/2410 2411/2613/2411 2414/2616/2414 2413/2615/2413
f 2411/2613/2411 2412/2614/2412 2415/2617/2415 2414/2616/2414
f 2316/2626/2316 2423/2627/2423 2416/2619/2416 2307/2618/2307
f 2423/2627/2423 2424/2628/2424 2417/2620/2417 2416/2619/2416
f 2424/2628/2424 2425/2629/2425 2418/2621/2418 2417/2620/2417
f 2425/2629/2425 2426/2630/2426 2419/2622/2419 2418/2621/2418
f 2426/2630/2426 2427/2631/2427 2420/2623/2420 2419/2622/2419
f 2427/2631/2427 2428/2632/2428 2421/2624/2421 2420/2623/2420
f 2428/2632/2428 2429/2633/2429 2422/2625/2422 2421/2624/2421
f 2429/2633/2429 2324/2527/2324 2315/2518/2315 2422/2625/2422
f 2325/2634/2325 2430/2635/2430 2423/2627/2423 2316/2626/2316
f 2430/2635/2430 2431/2636/2431 2424/2628/2424 2423/2627/2423
f 2431/2636/2431 2432/2637/2432 2425/2629/2425 2424/2628/2424
f 2432/2637/2432 2433/2638/2433 2426/2630/2426 2425/2629/2425
f 2433/2638/2433 2434/2639/2434 2427/2631/2427 2426/2630/2426
f 2434/2639/2434 2435/2640/2435 2428/2632/2428 2427/2631/2427
f 2435/2640/2435 2436/2641/2436 2429/2633/2429 2428/2632/2428
f 2436/2641/2436 2333/2536/2333 2324/2527/2324 2429/2633/2429
f 2334/2642/2334 2437/2643/2437 2430/2635/2430 2325/2634/2325
f 2437/2643/2437 2438/2644/2438 2431/2636/2431 2430/2635/2430
f 2438/2644/2438 2439/2645/2439 2432/2637/2432 2431/2636/2431
f 2439/2645/2439 2440/2646/2440 2433/2638/2433 2432/2637/2432
f 2440/2646/2440 2441/2647/2441 2434/2639/2434 2433/2638/2433
f 2441/2647/2441 2442/2648/2442 2435/2640/2435 2434/2639/2434
f 2442/2648/2442 2443/2649/2443 2436/2641/2436 2435/2640/2435
f 2443/2649/2443 2342/2545/2342 2333/2536/2333 2436/2641/2436
f 2343/2650/2343 2444/2651/2444 2437/2643/2437 2334/2642/2334
f 2444/2651/2444 2445/2652/2445 2438/2644/2438 2437/2643/2437
f 2445/2652/2445 2446/2653/2446 2439/2645/2439 2438/2644/2438
f 2446/2653/2446 2447/2654/2447 2440/2646/2440 2439/2645/2439
f 2447/2654/2447 2448/2655/2448 2441/2647/2441 2440/2646/2440
f 2448/2655/2448 2449/2656/2449 2442/2648/2442 2441/2647/2441
f 2449/2656/2449 2450/2657/2450 2443/2649/2443 2442/2648/2442
f 2450/2657/2450 2351/2554/2351 2342/2545/2342 2443/2649/2443
f 2352/2658/2352 2451/2659/2451 2444/2651/2444 2343/2650/2343
f 2451/2659/2451 2452/2660/2452 2445/2652/2445 2444/2651/2444
f 2452/2660/2452 2453/2661/2453 2446/2653/2446 2445/2652/2445
f 2453/2661/2453 2454/2662/2454 2447/2654/2447 2446/2653/2446
f 2454/2662/2454 2455/2663/2455 2448/2655/2448 2447/2654/2447
f 2455/2663/2455 2456/2664/2456 2449/2656/2449 2448/2655/2448
f 2456/2664/2456 2457/2665/2457 2450/2657/2450 2449/2656/2449
f 2457/2665/2457 2360/2563/2360 2351/2554/2351 2450/2657/2450
f 2361/2666/2361 2458/2667/2458 2451/2659/2451 2352/2658/2352
f 2458/2667/2458 2459/2668/2459 2452/2660/2452 2451/2659/2451
f 2459/2668/2459 2460/2669/2460 2453/2661/2453 2452/2660/2452
f 2460/2669/2460 2461/2670/2461 2454/2662/2454 2453/2661/2453
f 2461/2670/2461 2462/2671/2462 2455/2663/2455 2454/2662/2454
f 2462/2671/2462 2463/2672/2463 2456/2664/2456 2455/2663/2455
f 2463/2672/2463 2464/2673/2464 2457/2665/2457 2456/2664/2456
f 2464/2673/2464 2369/2572/2369 2360/2563/2360 2457/2665/2457
f 2370/2674/2370 2465/2675/2465 2458/2667/2458 2361/2666/2361
f 2465/2675/2465 2466/2676/2466 2459/2668/2459 2458/2667/2458
f 2466/2676/2466 2467/2677/2467 2460/2669/2460 2459/2668/2459
f 2467/2677/2467 2468/2678/2468 2461/2670/2461 2460/2669/2460
f 2468/2678/2468 2469/2679/2469 2462/2671/2462 2461/2670/2461
f 2469/2679/2469 2470/2680/2470 2463/2672/2463 2462/2671/2462
f 2470/2680/2470 2471/2681/2471 2464/2673/2464 2463/2672/2463
f 2471/2681/2471 2371/2573/2371 2369/2572/2369 2464/2673/2464
f 2416/2619/2416 2472/2683/2472 2372/2682/2372
f 2307/2618/2307 2416/2619/2416 2372/2682/2372
f 2417/2620/2417 2473/2684/2473 2472/2683/2472
f 2416/2619/2416 2417/2620/2417 2472/2683/2472
f 2418/2621/2418 2474/2685/2474 2473/2684/2473
f 2417/2620/2417 2418/2621/2418 2473/2684/2473
f 2474/2685/2474 2418/2621/2418 2475/2686/2475
f 2418/2621/2418 2419/2622/2419 2475/2686/2475
f 2419/2622/2419 2476/2687/2476 2475/2686/2475
f 2420/2623/2420 2477/2688/2477 2476/2687/2476
f 2419/2622/2419 2420/2623/2420 2476/2687/2476
f 2421/2624/2421 2478/2689/2478 2477/2688/2477
f 2420/2623/2420 2421/2624/2421 2477/2688/2477
f 2478/2689/2478 2421/2624/2421 2479/2690/2479
f 2421/2624/2421 2422/2625/2422 2479/2690/2479
f 2422/2625/2422 2480/2691/2480 2479/2690/2479
f 2315/2518/2315 2382/2584/2382 2480/2691/2480
f 2422/2625/2422 2315/2518/2315 2480/2691/2480
f 2481/2695/2481 2383/2692/2383 2372/2682/2372 2472/2683/2472
f 2482/2696/2482 2384/2693/2384 2383/2692/2383 2481/2695/2481
f 2483/2697/2483 2385/2694/2385 2384/2693/2384 2482/2696/2482
f 2484/2698/2484 2481/2695/2481 2472/2683/2472 2473/2684/2473
f 2485/2699/2485 2482/2696/2482 2481/2695/2481 2484/2698/2484
f 2486/2700/2486 2483/2697/2483 2482/2696/2482 2485/2699/2485
f 2487/2701/2487 2484/2698/2484 2473/2684/2473 2474/2685/2474
f 2488/2702/2488 2485/2699/2485 2484/2698/2484 2487/2701/2487
f 2489/2703/2489 2486/2700/2486 2485/2699/2485 2488/2702/2488
f 2490/2704/2490 2487/2701/2487 2474/2685/2474 2475/2686/2475
f 2491/2705/2491 2488/2702/2488 2487/2701/2487 2490/2704/2490
f 2492/2706/2492 2489/2703/2489 2488/2702/2488 2491/2705/2491
f 2493/2707/2493 2490/2704/2490 2475/2686/2475 2476/2687/2476
f 2494/2708/2494 2491/2705/2491 2490/2704/2490 2493/2707/2493
f 2495/2709/2495 2492/2706/2492 2491/2705/2491 2494/2708/2494
f 2496/2710/2496 2493/2707/2493 2476/2687/2476 2477/2688/2477
f 2497/2711/2497 2494/2708/2494 2493/2707/2493 2496/2710/2496
f 2498/2712/2498 2495/2709/2495 2494/2708/2494 2497/2711/2497
f 2499/2713/2499 2496/2710/2496 2477/2688/2477 2478/2689/2478
f 2500/2714/2500 2497/2711/2497 2496/2710/2496 2499/2713/2499
f 2501/2715/2501 2498/2712/2498 2497/2711/2497 2500/2714/2500
f 2502/2716/2502 2499/2713/2499 2478/2689/2478 2479/2690/2479
f 2503/2717/2503 2500/2714/2500 2499/2713/2499 2502/2716/2502
f 2504/2718/2504 2501/2715/2501 2500/2714/2500 2503/2717/2503
f 2505/2719/2505 2502/2716/2502 2479/2690/2479 2480/2691/2480
f 2506/2720/2506 2503/2717/2503 2502/2716/2502 2505/2719/2505
f 2507/2721/2507 2504/2718/2504 2503/2717/2503 2506/2720/2506
f 2413/2615/2413 2505/2719/2505 2480/2691/2480 2382/2584/2382
f 2414/2616/2414 2506/2720/2506 2505/2719/2505 2413/2615/2413
f 2415/2617/2415 2507/2721/2507 2506/2720/2506 2414/2616/2414
f 2508/2722/2508 2510/2724/2510 2509/2723/2509
f 2508/2722/2508 2511/2725/2511 2510/2724/2510
f 2508/2722/2508 2512/2726/2512 2511/2725/2511
f 2508/2722/2508 2513/2727/2513 2512/2726/2512
f 2508/2722/2508 2514/2728/2514 2513/2727/2513
f 2508/2722/2508 2515/2729/2515 2514/2728/2514
f 2508/2722/2508 2516/2730/2516 2515/2729/2515
f 2508/2722/2508 2517/2731/2517 2516/2730/2516
f 2510/2724/2510 2519/2733/2519 2518/2732/2518 2509/2723/2509
f 2511/2725/2511 2520/2734/2520 2519/2733/2519 2510/2724/2510
f 2512/2726/2512 2521/2735/2521 2520/2734/2520 2511/2725/2511
f 2513/2727/2513 2522/2736/2522 2521/2735/2521 2512/2726/2512
f 2514/2728/2514 2523/2737/2523 2522/2736/2522 2513/2727/2513
f 2515/2729/2515 2524/2738/2524 2523/2737/2523 2514/2728/2514
f 2516/2730/2516 2525/2739/2525 2524/2738/2524 2515/2729/2515
f 2517/2731/2517 2526/2740/2526 2525/2739/2525 2516/2730/2516
f 2519/2733/2519 2528/2742/2528 2527/2741/2527 2518/2732/2518
f 2520/2734/2520 2529/2743/2529 2528/2742/2528 2519/2733/2519
f 2521/2735/2521 2530/2744/2530 2529/2743/2529 2520/2734/2520
f 2522/2736/2522 2531/2745/2531 2530/2744/2530 2521/2735/2521
f 2523/2737/2523 2532/2746/2532 2531/2745/2531 2522/2736/2522
f 2524/2738/2524 2533/2747/2533 2532/2746/2532 2523/2737/2523
f 2525/2739/2525 2534/2748/2534 2533/2747/2533 2524/2738/2524
f 2526/2740/2526 2535/2749/2535 2534/2748/2534 2525/2739/2525
f 2528/2742/2528 2537/2751/2537 2536/2750/2536 2527/2741/2527
f 2529/2743/2529 2538/2752/2538 2537/2751/2537 2528/2742/2528
f 2530/2744/2530 2539/2753/2539 2538/2752/2538 2529/2743/2529
f 2531/2745/2531 2540/2754/2540 2539/2753/2539 2530/2744/2530
f 2532/2746/2532 2541/2755/2541 2540/2754/2540 2531/2745/2531
f 2533/2747/2533 2542/2756/2542 2541/2755/2541 2532/2746/2532
f 2534/2748/2534 2543/2757/2543 2542/2756/2542 2533/2747/2533
f 2535/2749/2535 2544/2758/2544 2543/2757/2543 2534/2748/2534
f 2537/2751/2537 2546/2760/2546 2545/2759/2545 2536/2750/2536
f 2538/2752/2538 2547/2761/2547 2546/2760/2546 2537/2751/2537
f 2539/2753/2539 2548/2762/2548 2547/2761/2547 2538/2752/2538
f 2540/2754/2540 2549/2763/2549 2548/2762/2548 2539/2753/2539
f 2541/2755/2541 2550/2764/2550 2549/2763/2549 2540/2754/2540
f 2542/2756/2542 2551/2765/2551 2550/2764/2550 2541/2755/2541
f 2543/2757/2543 2552/2766/2552 2551/2765/2551 2542/2756/2542
f 2544/2758/2544 2553/2767/2553 2552/2766/2552 2543/2757/2543
f 2546/2760/2546 2555/2769/2555 2554/2768/2554 2545/2759/2545
f 2547/2761/2547 2556/2770/2556 2555/2769/2555 2546/2760/2546
f 2548/2762/2548 2557/2771/2557 2556/2770/2556 2547/2761/2547
f 2549/2763/2549 2558/2772/2558 2557/2771/2557 2548/2762/2548
f 2550/2764/2550 2559/2773/2559 2558/2772/2558 2549/2763/2549
f 2551/2765/2551 2560/2774/2560 2559/2773/2559 2550/2764/2550
f 2552/2766/2552 2561/2775/2561 2560/2774/2560 2551/2765/2551
f 2553/2767/2553 2562/2776/2562 2561/2775/2561 2552/2766/2552
f 2555/2769/2555 2564/2778/2564 2563/2777/2563 2554/2768/2554
f 2556/2770/2556 2565/2779/2565 2564/2778/2564 2555/2769/2555
f 2557/2771/2557 2566/2780/2566 2565/2779/2565 2556/2770/2556
f 2558/2772/2558 2567/2781/2567 2566/2780/2566 2557/2771/2557
f 2559/2773/2559 2568/2782/2568 2567/2781/2567 2558/2772/2558
f 2560/2774/2560 2569/2783/2569 2568/2782/2568 2559/2773/2559
f 2561/2775/2561 2570/2784/2570 2569/2783/2569 2560/2774/2560
f 2562/2776/2562 2571/2785/2571 2570/2784/2570 2561/2775/2561
f 2564/2778/2564 2573/2787/2573 2572/2786/2572 2563/2777/2563
f 2565/2779/2565 2574/2788/2574 2573/2787/2573 2564/2778/2564
f 2566/2780/2566 2575/2789/2575 2574/2788/2574 2565/2779/2565
f 2567/2781/2567 2576/2790/2576 2575/2789/2575 2566/2780/2566
f 2568/2782/2568 2577/2791/2577 2576/2790/2576 2567/2781/2567
f 2569/2783/2569 2578/2792/2578 2577/2791/2577 2568/2782/2568
f 2570/2784/2570 2579/2793/2579 2578/2792/2578 2569/2783/2569
f 2571/2785/2571 2580/2794/2580 2579/2793/2579 2570/2784/2570
f 2508/2722/2508 2581/2795/2581 2517/2731/2517
f 2508/2722/2508 2582/2796/2582 2581/2795/2581
f 2508/2722/2508 2583/2797/2583 2582/2796/2582
f 2508/2722/2508 2584/2798/2584 2583/2797/2583
f 2508/2722/2508 2585/2799/2585 2584/2798/2584
f 2508/2722/2508 2586/2800/2586 2585/2799/2585
f 2508/2722/2508 2587/2801/2587 2586/2800/2586
f 2508/2722/2508 2588/2802/2588 2587/2801/2587
f 2581/2795/2581 2589/2803/2589 2526/2740/2526 2517/2731/2517
f 2582/2796/2582 2590/2804/2590 2589/2803/2589 2581/2795/2581
f 2583/2797/2583 2591/2805/2591 2590/2804/2590 2582/2796/2582
f 2584/2798/2584 2592/2806/2592 2591/2805/2591 2583/2797/2583
f 2585/2799/2585 2593/2807/2593 2592/2806/2592 2584/2798/2584
f 2586/2800/2586 2594/2808/2594 2593/2807/2593 2585/2799/2585
f 2587/2801/2587 2595/2809/2595 2594/2808/2594 2586/2800/2586
f 2588/2802/2588 2596/2810/2596 2595/2809/2595 2587/2801/2587
f 2589/2803/2589 2597/2811/2597 2535/2749/2535 2526/2740/2526
f 2590/2804/2590 2598/2812/2598 2597/2811/2597 2589/2803/2589
f 2591/2805/2591 2599/2813/2599 2598/2812/2598 2590/2804/2590
f 2592/2806/2592 2600/2814/2600 2599/2813/2599 2591/2805/2591
f 2593/2807/2593 2601/2815/2601 2600/2814/2600 2592/2806/2592
f 2594/2808/2594 2602/2816/2602 2601/2815/2601 2593/2807/2593
f 2595/2809/2595 2603/2817/2603 2602/2816/2602 2594/2808/2594
f 2596/2810/2596 2604/2818/2604 2603/2817/2603 2595/2809/2595
f 2597/2811/2597 2605/2819/2605 2544/2758/2544 2535/2749/2535
f 2598/2812/2598 2606/2820/2606 2605/2819/2605 2597/2811/2597
f 2599/2813/2599 2607/2821/2607 2606/2820/2606 2598/2812/2598
f 2600/2814/2600 2608/2822/2608 2607/2821/2607 2599/2813/2599
f 2601/2815/2601 2609/2823/2609 2608/2822/2608 2600/2814/2600
f 2602/2816/2602 2610/2824/2610 2609/2823/2609 2601/2815/2601
f 2603/2817/2603 2611/2825/2611 2610/2824/2610 2602/2816/2602
f 2604/2818/2604 2612/2826/2612 2611/2825/2611 2603/2817/2603
f 2605/2819/2605 2613/2827/2613 2553/2767/2553 2544/2758/2544
f 2606/2820/2606 2614/2828/2614 2613/2827/2613 2605/2819/2605
f 2607/2821/2607 2615/2829/2615 2614/2828/2614 2606/2820/2606
f 2608/2822/2608 2616/2830/2616 2615/2829/2615 2607/2821/2607
f 2609/2823/2609 2617/2831/2617 2616/2830/2616 2608/2822/2608
f 2610/2824/2610 2618/2832/2618 2617/2831/2617 2609/2823/2609
f 2611/2825/2611 2619/2833/2619 2618/2832/2618 2610/2824/2610
f 2612/2826/2612 2620/2834/2620 2619/2833/2619 2611/2825/2611
f 2613/2827/2613 2621/2835/2621 2562/2776/2562 2553/2767/2553
f 2614/2828/2614 2622/2836/2622 2621/2835/2621 2613/2827/2613
f 2615/2829/2615 2623/2837/2623 2622/2836/2622 2614/2828/2614
f 2616/2830/2616 2624/2838/2624 2623/2837/2623 2615/2829/2615
f 2617/2831/2617 2625/2839/2625 2624/2838/2624 2616/2830/2616
f 2618/2832/2618 2626/2840/2626 2625/2839/2625 2617/2831/2617
f 2619/2833/2619 2627/2841/2627 2626/2840/2626 2618/2832/2618
f 2620/2834/2620 2628/2842/2628 2627/2841/2627 2619/2833/2619
f 2621/2835/2621 2629/2843/2629 2571/2785/2571 2562/2776/2562
f 2622/2836/2622 2630/2844/2630 2629/2843/2629 2621/2835/2621
f 2623/2837/2623 2631/2845/2631 2630/2844/2630 2622/2836/2622
f 2624/2838/2624 2632/2846/2632 2631/2845/2631 2623/2837/2623
f 2625/2839/2625 2633/2847/2633 2632/2846/2632 2624/2838/2624
f 2626/2840/2626 2634/2848/2634 2633/2847/2633 2625/2839/2625
f 2627/2841/2627 2635/2849/2635 2634/2848/2634 2626/2840/2626
f 2628/2842/2628 2636/2850/2636 2635/2849/2635 2627/2841/2627
f 2629/2843/2629 2637/2851/2637 2580/2794/2580 2571/2785/2571
f 2630/2844/2630 2638/2852/2638 2637/2851/2637 2629/2843/2629
f 2631/2845/2631 2639/2853/2639 2638/2852/2638 2630/2844/2630
f 2632/2846/2632 2640/2854/2640 2639/2853/2639 2631/2845/2631
f 2633/2847/2633 2641/2855/2641 2640/2854/2640 2632/2846/2632
f 2634/2848/2634 2642/2856/2642 2641/2855/2641 2633/2847/2633
f 2635/2849/2635 2643/2857/2643 2642/2856/2642 2634/2848/2634
f 2636/2850/2636 2644/2858/2644 2643/2857/2643 2635/2849/2635
f 2645/2859/2645 2646/2860/2646 2508/2722/2508
f 2646/2860/2646 2647/2861/2647 2508/2722/2508
f 2647/2861/2647 2648/2862/2648 2508/2722/2508
f 2648/2862/2648 2649/2863/2649 2508/2722/2508
f 2649/2863/2649 2650/2864/2650 2508/2722/2508
f 2650/2864/2650 2651/2865/2651 2508/2722/2508
f 2651/2865/2651 2652/2866/2652 2508/2722/2508
f 2652/2866/2652 2588/2802/2588 2508/2722/2508
f 2653/2867/2653 2654/2868/2654 2646/2860/2646 2645/2859/2645
f 2654/2868/2654 2655/2869/2655 2647/2861/2647 2646/2860/2646
f 2655/2869/2655 2656/2870/2656 2648/2862/2648 2647/2861/2647
f 2656/2870/2656 2657/2871/2657 2649/2863/2649 2648/2862/2648
f 2657/2871/2657 2658/2872/2658 2650/2864/2650 2649/2863/2649
f 2658/2872/2658 2659/2873/2659 2651/2865/2651 2650/2864/2650
f 2659/2873/2659 2660/2874/2660 2652/2866/2652 2651/2865/2651
f 2660/2874/2660 2596/2810/2596 2588/2802/2588 2652/2866/2652
f 2661/2875/2661 2662/2876/2662 2654/2868/2654 2653/2867/2653
f 2662/2876/2662 2663/2877/2663 2655/2869/2655 2654/2868/2654
f 2663/2877/2663 2664/2878/2664 2656/2870/2656 2655/2869/2655
f 2664/2878/2664 2665/2879/2665 2657/2871/2657 2656/2870/2656
f 2665/2879/2665 2666/2880/2666 2658/2872/2658 2657/2871/2657
f 2666/2880/2666 2667/2881/2667 2659/2873/2659 2658/2872/2658
f 2667/2881/2667 2668/2882/2668 2660/2874/2660 2659/2873/2659
f 2668/2882/2668 2604/2818/2604 2596/2810/2596 2660/2874/2660
f 2669/2883/2669 2670/2884/2670 2662/2876/2662 2661/2875/2661
f 2670/2884/2670 2671/2885/2671 2663/2877/2663 2662/2876/2662
f 2671/2885/2671 2672/2886/2672 2664/2878/2664 2663/2877/2663
f 2672/2886/2672 2673/2887/2673 2665/2879/2665 2664/2878/2664
f 2673/2887/2673 2674/2888/2674 2666/2880/2666 2665/2879/2665
f 2674/2888/2674 2675/2889/2675 2667/2881/2667 2666/2880/2666
f 2675/2889/2675 2676/2890/2676 2668/2882/2668 2667/2881/2667
f 2676/2890/2676 2612/2826/2612 2604/2818/2604 2668/2882/2668
f 2677/2891/2677 2678/2892/2678 2670/2884/2670 2669/2883/2669
f 2678/2892/2678 2679/2893/2679 2671/2885/2671 2670/2884/2670
f 2679/2893/2679 2680/2894/2680 2672/2886/2672 2671/2885/2671
f 2680/2894/2680 2681/2895/2681 2673/2887/2673 2672/2886/2672
f 2681/2895/2681 2682/2896/2682 2674/2888/2674 2673/2887/2673
f 2682/2896/2682 2683/2897/2683 2675/2889/2675 2674/2888/2674
f 2683/2897/2683 2684/2898/2684 2676/2890/2676 2675/2889/2675
f 2684/2898/2684 2620/2834/2620 2612/2826/2612 2676/2890/2676
f 2685/2899/2685 2686/2900/2686 2678/2892/2678 2677/2891/2677
f 2686/2900/2686 2687/2901/2687 2679/2893/2679 2678/2892/2678
f 2687/2901/2687 2688/2902/2688 2680/2894/2680 2679/2893/2679
f 2688/2902/2688 2689/2903/2689 2681/2895/2681 2680/2894/2680
f 2689/2903/2689 2690/2904/2690 2682/2896/2682 2681/2895/2681
f 2690/2904/2690 2691/2905/2691 2683/2897/2683 2682/2896/2682
f 2691/2905/2691 2692/2906/2692 2684/2898/2684 2683/2897/2683
f 2692/2906/2692 2628/2842/2628 2620/2834/2620 2684/2898/2684
f 2693/2907/2693 2694/2908/2694 2686/2900/2686 2685/2899/2685
f 2694/2908/2694 2695/2909/2695 2687/2901/2687 2686/2900/2686
f 2695/2909/2695 2696/2910/2696 2688/2902/2688 2687/2901/2687
f 2696/2910/2696 2697/2911/2697 2689/2903/2689 2688/2902/2688
f 2697/2911/2697 2698/2912/2698 2690/2904/2690 2689/2903/2689
f 2698/2912/2698 2699/2913/2699 2691/2905/2691 2690/2904/2690
f 2699/2913/2699 2700/2914/2700 2692/2906/2692 2691/2905/2691
f 2700/2914/2700 2636/2850/2636 2628/2842/2628 2692/2906/2692
f 2701/2915/2701 2702/2916/2702 2694/2908/2694 2693/2907/2693
f 2702/2916/2702 2703/2917/2703 2695/2909/2695 2694/2908/2694
f 2703/2917/2703 2704/2918/2704 2696/2910/2696 2695/2909/2695
f 2704/2918/2704 2705/2919/2705 2697/2911/2697 2696/2910/2696
f 2705/2919/2705 2706/2920/2706 2698/2912/2698 2697/2911/2697
f 2706/2920/2706 2707/2921/2707 2699/2913/2699 2698/2912/2698
f 2707/2921/2707 2708/2922/2708 2700/2914/2700 2699/2913/2699
f 2708/2922/2708 2644/2858/2644 2636/2850/2636 2700/2914/2700
f 2509/2723/2509 2709/2923/2709 2508/2722/2508
f 2709/2923/2709 2710/2924/2710 2508/2722/2508
f 2710/2924/2710 2711/2925/2711 2508/2722/2508
f 2711/2925/2711 2712/2926/2712 2508/2722/2508
f 2712/2926/2712 2713/2927/2713 2508/2722/2508
f 2713/2927/2713 2714/2928/2714 2508/2722/2508
f 2714/2928/2714 2715/2929/2715 2508/2722/2508
f 2715/2929/2715 2645/2859/2645 2508/2722/2508
f 2518/2732/2518 2716/2930/2716 2709/2923/2709 2509/2723/2509
f 2716/2930/2716 2717/2931/2717 2710/2924/2710 2709/2923/2709
f 2717/2931/2717 2718/2932/2718 2711/2925/2711 2710/2924/2710
f 2718/2932/2718 2719/2933/2719 2712/2926/2712 2711/2925/2711
f 2719/2933/2719 2720/2934/2720 2713/2927/2713 2712/2926/2712
f 2720/2934/2720 2721/2935/2721 2714/2928/2714 2713/2927/2713
f 2721/2935/2721 2722/2936/2722 2715/2929/2715 2714/2928/2714
f 2722/2936/2722 2653/2867/2653 2645/2859/2645 2715/2929/2715
f 2527/2741/2527 2723/2937/2723 2716/2930/2716 2518/2732/2518
f 2723/2937/2723 2724/2938/2724 2717/2931/2717 2716/2930/2716
f 2724/2938/2724 2725/2939/2725 2718/2932/2718 2717/2931/2717
f 2725/2939/2725 2726/2940/2726 2719/2933/2719 2718/2932/2718
f 2726/2940/2726 2727/2941/2727 2720/2934/2720 2719/2933/2719
f 2727/2941/2727 2728/2942/2728 2721/2935/2721 2720/2934/2720
f 2728/2942/2728 2729/2943/2729 2722/2936/2722 2721/2935/2721
f 2729/2943/2729 2661/2875/2661 2653/2867/2653 2722/2936/2722
f 2536/2750/2536 2730/2944/2730 2723/2937/2723 2527/2741/2527
f 2730/2944/2730 2731/2945/2731 2724/2938/2724 2723/2937/2723
f 2731/2945/2731 2732/2946/2732 2725/2939/2725 2724/2938/2724
f 2732/2946/2732 2733/2947/2733 2726/2940/2726 2725/2939/2725
f 2733/2947/2733 2734/2948/2734 2727/2941/2727 2726/2940/2726
f 2734/2948/2734 2735/2949/2735 2728/2942/2728 2727/2941/2727
f 2735/2949/2735 2736/2950/2736 2729/2943/2729 2728/2942/2728
f 2736/2950/2736 2669/2883/2669 2661/2875/2661 2729/2943/2729
f 2545/2759/2545 2737/2951/2737 2730/2944/2730 2536/2750/2536
f 2737/2951/2737 2738/2952/2738 2731/2945/2731 2730/2944/2730
f 2738/2952/2738 2739/2953/2739 2732/2946/2732 2731/2945/2731
f 2739/2953/2739 2740/2954/2740 2733/2947/2733 2732/2946/2732
f 2740/2954/2740 2741/2955/2741 2734/2948/2734 2733/2947/2733
f 2741/2955/2741 2742/2956/2742 2735/2949/2735 2734/2948/2734
f 2742/2956/2742 2743/2957/2743 2736/2950/2736 2735/2949/2735
f 2743/2957/2743 2677/2891/2677 2669/2883/2669 2736/2950/2736
f 2554/2768/2554 2744/2958/2744 2737/2951/2737 2545/2759/2545
f 2744/2958/2744 2745/2959/2745 2738/2952/2738 2737/2951/2737
f 2745/2959/2745 2746/2960/2746 2739/2953/2739 2738/2952/2738
f 2746/2960/2746 2747/2961/2747 2740/2954/2740 2739/2953/2739
f 2747/2961/2747 2748/2962/2748 2741/2955/2741 2740/2954/2740
f 2748/2962/2748 2749/2963/2749 2742/2956/2742 2741/2955/2741
f 2749/2963/2749 2750/2964/2750 2743/2957/2743 2742/2956/2742
f 2750/2964/2750 2685/2899/2685 2677/2891/2677 2743/2957/2743
f 2563/2777/2563 2751/2965/2751 2744/2958/2744 2554/2768/2554
f 2751/2965/2751 2752/2966/2752 2745/2959/2745 2744/2958/2744
f 2752/2966/2752 2753/2967/2753 2746/2960/2746 2745/2959/2745
f 2753/2967/2753 2754/2968/2754 2747/2961/2747 2746/2960/2746
f 2754/2968/2754 2755/2969/2755 2748/2962/2748 2747/2961/2747
f 2755/2969/2755 2756/2970/2756 2749/2963/2749 2748/2962/2748
f 2756/2970/2756 2757/2971/2757 2750/2964/2750 2749/2963/2749
f 2757/2971/2757 2693/2907/2693 2685/2899/2685 2750/2964/2750
f 2572/2786/2572 2758/2972/2758 2751/2965/2751 2563/2777/2563
f 2758/2972/2758 2759/2973/2759 2752/2966/2752 2751/2965/2751
f 2759/2973/2759 2760/2974/2760 2753/2967/2753 2752/2966/2752
f 2760/2974/2760 2761/2975/2761 2754/2968/2754 2753/2967/2753
f 2761/2975/2761 2762/2976/2762 2755/2969/2755 2754/2968/2754
f 2762/2976/2762 2763/2977/2763 2756/2970/2756 2755/2969/2755
f 2763/2977/2763 2764/2978/2764 2757/2971/2757 2756/2970/2756
f 2764/2978/2764 2701/2915/2701 2693/2907/2693 2757/2971/2757
f 2573/2980/2573 2766/2989/2766 2765/2988/2765 2572/2979/2572
f 2574/2981/2574 2767/2990/2767 2766/2989/2766 2573/2980/2573
f 2575/2982/2575 2768/2991/2768 2767/2990/2767 2574/2981/2574
f 2576/2983/2576 2769/2992/2769 2768/2991/2768 2575/2982/2575
f 2577/2984/2577 2770/2993/2770 2769/2992/2769 2576/2983/2576
f 2578/2985/2578 2771/2994/2771 2770/2993/2770 2577/2984/2577
f 2579/2986/2579 2772/2995/2772 2771/2994/2771 2578/2985/2578
f 2580/2987/2580 2773/2996/2773 2772/2995/2772 2579/2986/2579
f 2766/2989/2766 2775/2998/2775 2774/2997/2774 2765/2988/2765
f 2767/2990/2767 2776/2999/2776 2775/2998/2775 2766/2989/2766
f 2768/2991/2768 2777/3000/2777 2776/2999/2776 2767/2990/2767
f 2769/2992/2769 2778/3001/2778 2777/3000/2777 2768/2991/2768
f 2770/2993/2770 2779/3002/2779 2778/3001/2778 2769/2992/2769
f 2771/2994/2771 2780/3003/2780 2779/3002/2779 2770/2993/2770
f 2772/2995/2772 2781/3004/2781 2780/3003/2780 2771/2994/2771
f 2773/2996/2773 2782/3005/2782 2781/3004/2781 2772/2995/2772
f 2775/2998/2775 2784/3007/2784 2783/3006/2783 2774/2997/2774
f 2776/2999/2776 2785/3008/2785 2784/3007/2784 2775/2998/2775
f 2777/3000/2777 2786/3009/2786 2785/3008/2785 2776/2999/2776
f 2778/3001/2778 2787/3010/2787 2786/3009/2786 2777/3000/2777
f 2779/3002/2779 2788/3011/2788 2787/3010/2787 2778/3001/2778
f 2780/3003/2780 2789/3012/2789 2788/3011/2788 2779/3002/2779
f 2781/3004/2781 2790/3013/2790 2789/3012/2789 2780/3003/2780
f 2782/3005/2782 2791/3014/2791 2790/3013/2790 2781/3004/2781
f 2784/3007/2784 2793/3016/2793 2792/3015/2792 2783/3006/2783
f 2785/3008/2785 2794/3017/2794 2793/3016/2793 2784/3007/2784
f 2786/3009/2786 2795/3018/2795 2794/3017/2794 2785/3008/2785
f 2787/3010/2787 2796/3019/2796 2795/3018/2795 2786/3009/2786
f 2788/3011/2788 2797/3020/2797 2796/3019/2796 2787/3010/2787
f 2789/3012/2789 2798/3021/2798 2797/3020/2797 2788/3011/2788
f 2790/3013/2790 2799/3022/2799 2798/3021/2798 2789/3012/2789
f 2791/3014/2791 2800/3023/2800 2799/3022/2799 2790/3013/2790
f 2793/3016/2793 2802/3025/2802 2801/3024/2801 2792/3015/2792
f 2794/3017/2794 2803/3026/2803 2802/3025/2802 2793/3016/2793
f 2795/3018/2795 2804/3027/2804 2803/3026/2803 2794/3017/2794
f 2796/3019/2796 2805/3028/2805 2804/3027/2804 2795/3018/2795
f 2797/3020/2797 2806/3029/2806 2805/3028/2805 2796/3019/2796
f 2798/3021/2798 2807/3030/2807 2806/3029/2806 2797/3020/2797
f 2799/3022/2799 2808/3031/2808 2807/3030/2807 2798/3021/2798
f 2800/3023/2800 2809/3032/2809 2808/3031/2808 2799/3022/2799
f 2802/3025/2802 2811/3034/2811 2810/3033/2810 2801/3024/2801
f 2803/3026/2803 2812/3035/2812 2811/3034/2811 2802/3025/2802
f 2804/3027/2804 2813/3036/2813 2812/3035/2812 2803/3026/2803
f 2805/3028/2805 2814/3037/2814 2813/3036/2813 2804/3027/2804
f 2806/3029/2806 2815/3038/2815 2814/3037/2814 2805/3028/2805
f 2807/3030/2807 2816/3039/2816 2815/3038/2815 2806/3029/2806
f 2808/3031/2808 2817/3040/2817 2816/3039/2816 2807/3030/2807
f 2809/3032/2809 2818/3041/2818 2817/3040/2817 2808/3031/2808
f 2811/3034/2811 2820/3043/2820 2819/3042/2819 2810/3033/2810
f 2812/3035/2812 2821/3044/2821 2820/3043/2820 2811/3034/2811
f 2813/3036/2813 2822/3045/2822 2821/3044/2821 2812/3035/2812
f 2814/3037/2814 2823/3046/2823 2822/3045/2822 2813/3036/2813
f 2815/3038/2815 2824/3047/2824 2823/3046/2823 2814/3037/2814
f 2816/3039/2816 2825/3048/2825 2824/3047/2824 2815/3038/2815
f 2817/3040/2817 2826/3049/2826 2825/3048/2825 2816/3039/2816
f 2818/3041/2818 2827/3050/2827 2826/3049/2826 2817/3040/2817
f 2820/3043/2820 2829/3052/2829 2828/3051/2828 2819/3042/2819
f 2821/3044/2821 2830/3053/2830 2829/3052/2829 2820/3043/2820
f 2822/3045/2822 2831/3054/2831 2830/3053/2830 2821/3044/2821
f 2823/3046/2823 2832/3055/2832 2831/3054/2831 2822/3045/2822
f 2824/3047/2824 2833/3056/2833 2832/3055/2832 2823/3046/2823
f 2825/3048/2825 2834/3057/2834 2833/3056/2833 2824/3047/2824
f 2826/3049/2826 2835/3058/2835 2834/3057/2834 2825/3048/2825
f 2827/3050/2827 2836/3059/2836 2835/3058/2835 2826/3049/2826
f 2637/3060/2637 2837/3068/2837 2773/2996/2773 2580/2987/2580
f 2638/3061/2638 2838/3069/2838 2837/3068/2837 2637/3060/2637
f 2639/3062/2639 2839/3070/2839 2838/3069/2838 2638/3061/2638
f 2640/3063/2640 2840/3071/2840 2839/3070/2839 2639/3062/2639
f 2641/3064/2641 2841/3072/2841 2840/3071/2840 2640/3063/2640
f 2642/3065/2642 2842/3073/2842 2841/3072/2841 2641/3064/2641
f 2643/3066/2643 2843/3074/2843 2842/3073/2842 2642/3065/2642
f 2644/3067/2644 2844/3075/2844 2843/3074/2843 2643/3066/2643
f 2837/3068/2837 2845/3076/2845 2782/3005/2782 2773/2996/2773
f 2838/3069/2838 2846/3077/2846 2845/3076/2845 2837/3068/2837
f 2839/3070/2839 2847/3078/2847 2846/3077/2846 2838/3069/2838
f 2840/3071/2840 2848/3079/2848 2847/3078/2847 2839/3070/2839
f 2841/3072/2841 2849/3080/2849 2848/3079/2848 2840/3071/2840
f 2842/3073/2842 2850/3081/2850 2849/3080/2849 2841/3072/2841
f 2843/3074/2843 2851/3082/2851 2850/3081/2850 2842/3073/2842
f 2844/3075/2844 2852/3083/2852 2851/3082/2851 2843/3074/2843
f 2845/3076/2845 2853/3084/2853 2791/3014/2791 2782/3005/2782
f 2846/3077/2846 2854/3085/2854 2853/3084/2853 2845/3076/2845
f 2847/3078/2847 2855/3086/2855 2854/3085/2854 2846/3077/2846
f 2848/3079/2848 2856/3087/2856 2855/3086/2855 2847/3078/2847
f 2849/3080/2849 2857/3088/2857 2856/3087/2856 2848/3079/2848
f 2850/3081/2850 2858/3089/2858 2857/3088/2857 2849/3080/2849
f 2851/3082/2851 2859/3090/2859 2858/3089/2858 2850/3081/2850
f 2852/3083/2852 2860/3091/2860 2859/3090/2859 2851/3082/2851
f 2853/3084/2853 2861/3092/2861 2800/3023/2800 2791/3014/2791
f 2854/3085/2854 2862/3093/2862 2861/3092/2861 2853/3084/2853
f 2855/3086/2855 2863/3094/2863 2862/3093/2862 2854/3085/2854
f 2856/3087/2856 2864/3095/2864 2863/3094/2863 2855/3086/2855
f 2857/3088/2857 2865/3096/2865 2864/3095/2864 2856/3087/2856
f 2858/3089/2858 2866/3097/2866 2865/3096/2865 2857/3088/2857
f 2859/3090/2859 2867/3098/2867 2866/3097/2866 2858/3089/2858
f 2860/3091/2860 2868/3099/2868 2867/3098/2867 2859/3090/2859
f 2861/3092/2861 2869/3100/2869 2809/3032/2809 2800/3023/2800
f 2862/3093/2862 2870/3101/2870 2869/3100/2869 2861/3092/2861
f 2863/3094/2863 2871/3102/2871 2870/3101/2870 2862/3093/2862
f 2864/3095/2864 2872/3103/2872 2871/3102/2871 2863/3094/2863
f 2865/3096/2865 2873/3104/2873 2872/3103/2872 2864/3095/2864
f 2866/3097/2866 2874/3105/2874 2873/3104/2873 2865/3096/2865
f 2867/3098/2867 2875/3106/2875 2874/3105/2874 2866/3097/2866
f 2868/3099/2868 2876/3107/2876 2875/3106/2875 2867/3098/2867
f 2869/3100/2869 2877/3108/2877 2818/3041/2818 2809/3032/2809
f 2870/3101/2870 2878/3109/2878 2877/3108/2877 2869/3100/2869
f 2871/3102/2871 2879/3110/2879 2878/3109/2878 2870/3101/2870
f 2872/3103/2872 2880/3111/2880 2879/3110/2879 2871/3102/2871
f 2873/3104/2873 2881/3112/2881 2880/3111/2880 2872/3103/2872
f 2874/3105/2874 2882/3113/2882 2881/3112/2881 2873/3104/2873
f 2875/3106/2875 2883/3114/2883 2882/3113/2882 2874/3105/2874
f 2877/3108/2877 2884/3115/2884 2827/3050/2827 2818/3041/2818
f 2878/3109/2878 2885/3116/2885 2884/3115/2884 2877/3108/2877
f 2879/3110/2879 2886/3117/2886 2885/3116/2885 2878/3109/2878
f 2880/3111/2880 2887/3118/2887 2886/3117/2886 2879/3110/2879
f 2881/3112/2881 2888/3119/2888 2887/3118/2887 2880/3111/2880
f 2882/3113/2882 2889/3120/2889 2888/3119/2888 2881/3112/2881
f 2883/3114/2883 2890/3121/2890 2889/3120/2889 2882/3113/2882
f 2884/3115/2884 2891/3122/2891 2836/3059/2836 2827/3050/2827
f 2885/3116/2885 2892/3123/2892 2891/3122/2891 2884/3115/2884
f 2886/3117/2886 2893/3124/2893 2892/3123/2892 2885/3116/2885
f 2887/3118/2887 2894/3125/2894 2893/3124/2893 2886/3117/2886
f 2888/3119/2888 2895/3126/2895 2894/3125/2894 2887/3118/2887
f 2889/3120/2889 2896/3127/2896 2895/3126/2895 2888/3119/2888
f 2890/3121/2890 2897/3128/2897 2896/3127/2896 2889/3120/2889
f 2388/3131/2388 2385/3130/2385 2898/3129/2898
f 2388/3131/2388 2898/3129/2898 2897/3128/2897
f 2391/3132/2391 2388/3131/2388 2897/3128/2897
f 2394/3133/2394 2391/3132/2391 2897/3128/2897
f 2394/3133/2394 2897/3128/2897 2890/3121/2890
f 2397/3134/2397 2394/3133/2394 2890/3121/2890
f 2400/3135/2400 2397/3134/2397 2890/3121/2890
f 2400/3135/2400 2890/3121/2890 2883/3114/2883
f 2403/3136/2403 2400/3135/2400 2883/3114/2883
f 2406/3137/2406 2403/3136/2403 2883/3114/2883
f 2406/3137/2406 2883/3114/2883 2409/3138/2409
f 2412/3139/2412 2409/3138/2409 2883/3114/2883
f 2412/3139/2412 2883/3114/2883 2875/3106/2875
f 2412/3139/2412 2875/3106/2875 2876/3107/2876
f 2415/3140/2415 2412/3139/2412 2876/3107/2876
f 2899/3149/2899 2900/3150/2900 2702/3142/2702 2701/3141/2701
f 2900/3150/2900 2901/3151/2901 2703/3143/2703 2702/3142/2702
f 2901/3151/2901 2902/3152/2902 2704/3144/2704 2703/3143/2703
f 2902/3152/2902 2903/3153/2903 2705/3145/2705 2704/3144/2704
f 2903/3153/2903 2904/3154/2904 2706/3146/2706 2705/3145/2705
f 2904/3154/2904 2905/3155/2905 2707/3147/2707 2706/3146/2706
f 2905/3155/2905 2906/3156/2906 2708/3148/2708 2707/3147/2707
f 2906/3156/2906 2844/3075/2844 2644/3067/2644 2708/3148/2708
f 2907/3157/2907 2908/3158/2908 2900/3150/2900 2899/3149/2899
f 2908/3158/2908 2909/3159/2909 2901/3151/2901 2900/3150/2900
f 2909/3159/2909 2910/3160/2910 2902/3152/2902 2901/3151/2901
f 2910/3160/2910 2911/3161/2911 2903/3153/2903 2902/3152/2902
f 2911/3161/2911 2912/3162/2912 2904/3154/2904 2903/3153/2903
f 2912/3162/2912 2913/3163/2913 2905/3155/2905 2904/3154/2904
f 2913/3163/2913 2914/3164/2914 2906/3156/2906 2905/3155/2905
f 2914/3164/2914 2852/3083/2852 2844/3075/2844 2906/3156/2906
f 2915/3165/2915 2916/3166/2916 2908/3158/2908 2907/3157/2907
f 2916/3166/2916 2917/3167/2917 2909/3159/2909 2908/3158/2908
f 2917/3167/2917 2918/3168/2918 2910/3160/2910 2909/3159/2909
f 2918/3168/2918 2919/3169/2919 2911/3161/2911 2910/3160/2910
f 2919/3169/2919 2920/3170/2920 2912/3162/2912 2911/3161/2911
f 2920/3170/2920 2921/3171/2921 2913/3163/2913 2912/3162/2912
f 2921/3171/2921 2922/3172/2922 2914/3164/2914 2913/3163/2913
f 2922/3172/2922 2860/3091/2860 2852/3083/2852 2914/3164/2914
f 2923/3173/2923 2924/3174/2924 2916/3166/2916 2915/3165/2915
f 2924/3174/2924 2925/3175/2925 2917/3167/2917 2916/3166/2916
f 2925/3175/2925 2926/3176/2926 2918/3168/2918 2917/3167/2917
f 2926/3176/2926 2927/3177/2927 2919/3169/2919 2918/3168/2918
f 2927/3177/2927 2928/3178/2928 2920/3170/2920 2919/3169/2919
f 2928/3178/2928 2929/3179/2929 2921/3171/2921 2920/3170/2920
f 2929/3179/2929 2930/3180/2930 2922/3172/2922 2921/3171/2921
f 2930/3180/2930 2868/3099/2868 2860/3091/2860 2922/3172/2922
f 2931/3181/2931 2932/3182/2932 2924/3174/2924 2923/3173/2923
f 2932/3182/2932 2933/3183/2933 2925/3175/2925 2924/3174/2924
f 2933/3183/2933 2934/3184/2934 2926/3176/2926 2925/3175/2925
f 2934/3184/2934 2935/3185/2935 2927/3177/2927 2926/3176/2926
f 2935/3185/2935 2936/3186/2936 2928/3178/2928 2927/3177/2927
f 2936/3186/2936 2937/3187/2937 2929/3179/2929 2928/3178/2928
f 2937/3187/2937 2938/3188/2938 2930/3180/2930 2929/3179/2929
f 2938/3188/2938 2876/3107/2876 2868/3099/2868 2930/3180/2930
f 2939/3189/2939 2940/3190/2940 2932/3182/2932 2931/3181/2931
f 2940/3190/2940 2941/3191/2941 2933/3183/2933 2932/3182/2932
f 2941/3191/2941 2942/3192/2942 2934/3184/2934 2933/3183/2933
f 2942/3192/2942 2943/3193/2943 2935/3185/2935 2934/3184/2934
f 2943/3193/2943 2944/3194/2944 2936/3186/2936 2935/3185/2935
f 2944/3194/2944 2945/3195/2945 2937/3187/2937 2936/3186/2936
f 2945/3195/2945 2946/3196/2946 2938/3188/2938 2937/3187/2937
f 2947/3197/2947 2948/3198/2948 2940/3190/2940 2939/3189/2939
f 2948/3198/2948 2949/3199/2949 2941/3191/2941 2940/3190/2940
f 2949/3199/2949 2950/3200/2950 2942/3192/2942 2941/3191/2941
f 2950/3200/2950 2951/3201/2951 2943/3193/2943 2942/3192/2942
f 2951/3201/2951 2952/3202/2952 2944/3194/2944 2943/3193/2943
f 2952/3202/2952 2953/3203/2953 2945/3195/2945 2944/3194/2944
f 2953/3203/2953 2954/3204/2954 2946/3196/2946 2945/3195/2945
f 2955/3205/2955 2956/3206/2956 2948/3198/2948 2947/3197/2947
f 2956/3206/2956 2957/3207/2957 2949/3199/2949 2948/3198/2948
f 2957/3207/2957 2958/3208/2958 2950/3200/2950 2949/3199/2949
f 2958/3208/2958 2959/3209/2959 2951/3201/2951 2950/3200/2950
f 2959/3209/2959 2960/3210/2960 2952/3202/2952 2951/3201/2951
f 2960/3210/2960 2961/3211/2961 2953/3203/2953 2952/3202/2952
f 2961/3211/2961 2962/3212/2962 2954/3204/2954 2953/3203/2953
f 2898/3129/2898 2385/3130/2385 2483/3213/2483
f 2962/3212/2962 2898/3129/2898 2483/3213/2483
f 2962/3212/2962 2483/3213/2483 2486/3214/2486
f 2962/3212/2962 2486/3214/2486 2489/3215/2489
f 2954/3204/2954 2962/3212/2962 2489/3215/2489
f 2954/3204/2954 2489/3215/2489 2492/3216/2492
f 2954/3204/2954 2492/3216/2492 2495/3217/2495
f 2946/3196/2946 2954/3204/2954 2495/3217/2495
f 2946/3196/2946 2495/3217/2495 2498/3218/2498
f 2946/3196/2946 2498/3218/2498 2501/3219/2501
f 2504/3220/2504 2946/3196/2946 2501/3219/2501
f 2946/3196/2946 2504/3220/2504 2507/3221/2507
f 2938/3188/2938 2946/3196/2946 2507/3221/2507
f 2876/3107/2876 2938/3188/2938 2507/3221/2507
f 2876/3107/2876 2507/3221/2507 2415/3140/2415
f 2765/3230/2765 2963/3231/2963 2758/3223/2758 2572/3222/2572
f 2963/3231/2963 2964/3232/2964 2759/3224/2759 2758/3223/2758
f 2964/3232/2964 2965/3233/2965 2760/3225/2760 2759/3224/2759
f 2965/3233/2965 2966/3234/2966 2761/3226/2761 2760/3225/2760
f 2966/3234/2966 2967/3235/2967 2762/3227/2762 2761/3226/2761
f 2967/3235/2967 2968/3236/2968 2763/3228/2763 2762/3227/2762
f 2968/3236/2968 2969/3237/2969 2764/3229/2764 2763/3228/2763
f 2969/3237/2969 2899/3149/2899 2701/3141/2701 2764/3229/2764
f 2774/3238/2774 2970/3239/2970 2963/3231/2963 2765/3230/2765
f 2970/3239/2970 2971/3240/2971 2964/3232/2964 2963/3231/2963
f 2971/3240/2971 2972/3241/2972 2965/3233/2965 2964/3232/2964
f 2972/3241/2972 2973/3242/2973 2966/3234/2966 2965/3233/2965
f 2973/3242/2973 2974/3243/2974 2967/3235/2967 2966/3234/2966
f 2974/3243/2974 2975/3244/2975 2968/3236/2968 2967/3235/2967
f 2975/3244/2975 2976/3245/2976 2969/3237/2969 2968/3236/2968
f 2976/3245/2976 2907/3157/2907 2899/3149/2899 2969/3237/2969
f 2783/3246/2783 2977/3247/2977 2970/3239/2970 2774/3238/2774
f 2977/3247/2977 2978/3248/2978 2971/3240/2971 2970/3239/2970
f 2978/3248/2978 2979/3249/2979 2972/3241/2972 2971/3240/2971
f 2979/3249/2979 2980/3250/2980 2973/3242/2973 2972/3241/2972
f 2980/3250/2980 2981/3251/2981 2974/3243/2974 2973/3242/2973
f 2981/3251/2981 2982/3252/2982 2975/3244/2975 2974/3243/2974
f 2982/3252/2982 2983/3253/2983 2976/3245/2976 2975/3244/2975
f 2983/3253/2983 2915/3165/2915 2907/3157/2907 2976/3245/2976
f 2792/3254/2792 2984/3255/2984 2977/3247/2977 2783/3246/2783
f 2984/3255/2984 2985/3256/2985 2978/3248/2978 2977/3247/2977
f 2985/3256/2985 2986/3257/2986 2979/3249/2979 2978/3248/2978
f 2986/3257/2986 2987/3258/2987 2980/3250/2980 2979/3249/2979
f 2987/3258/2987 2988/3259/2988 2981/3251/2981 2980/3250/2980
f 2988/3259/2988 2989/3260/2989 2982/3252/2982 2981/3251/2981
f 2989/3260/2989 2990/3261/2990 2983/3253/2983 2982/3252/2982
f 2990/3261/2990 2923/3173/2923 2915/3165/2915 2983/3253/2983
f 2801/3262/2801 2991/3263/2991 2984/3255/2984 2792/3254/2792
f 2991/3263/2991 2992/3264/2992 2985/3256/2985 2984/3255/2984
f 2992/3264/2992 2993/3265/2993 2986/3257/2986 2985/3256/2985
f 2993/3265/2993 2994/3266/2994 2987/3258/2987 2986/3257/2986
f 2994/3266/2994 2995/3267/2995 2988/3259/2988 2987/3258/2987
f 2995/3267/2995 2996/3268/2996 2989/3260/2989 2988/3259/2988
f 2996/3268/2996 2997/3269/2997 2990/3261/2990 2989/3260/2989
f 2997/3269/2997 2931/3181/2931 2923/3173/2923 2990/3261/2990
f 2810/3270/2810 2998/3271/2998 2991/3263/2991 2801/3262/2801
f 2998/3271/2998 2999/3272/2999 2992/3264/2992 2991/3263/2991
f 2999/3272/2999 3000/3273/3000 2993/3265/2993 2992/3264/2992
f 3000/3273/3000 3001/3274/3001 2994/3266/2994 2993/3265/2993
f 3001/3274/3001 3002/3275/3002 2995/3267/2995 2994/3266/2994
f 3002/3275/3002 3003/3276/3003 2996/3268/2996 2995/3267/2995
f 3003/3276/3003 3004/3277/3004 2997/3269/2997 2996/3268/2996
f 3004/3277/3004 2939/3189/2939 2931/3181/2931 2997/3269/2997
f 2819/3278/2819 3005/3279/3005 2998/3271/2998 2810/3270/2810
f 3005/3279/3005 3006/3280/3006 2999/3272/2999 2998/3271/2998
f 3006/3280/3006 3007/3281/3007 3000/3273/3000 2999/3272/2999
f 3007/3281/3007 3008/3282/3008 3001/3274/3001 3000/3273/3000
f 3008/3282/3008 3009/3283/3009 3002/3275/3002 3001/3274/3001
f 3009/3283/3009 3010/3284/3010 3003/3276/3003 3002/3275/3002
f 3010/3284/3010 3011/3285/3011 3004/3277/3004 3003/3276/3003
f 3011/3285/3011 2947/3197/2947 2939/3189/2939 3004/3277/3004
f 2828/3286/2828 3012/3287/3012 3005/3279/3005 2819/3278/2819
f 3012/3287/3012 3013/3288/3013 3006/3280/3006 3005/3279/3005
f 3013/3288/3013 3014/3289/3014 3007/3281/3007 3006/3280/3006
f 3014/3289/3014 3015/3290/3015 3008/3282/3008 3007/3281/3007
f 3015/3290/3015 3016/3291/3016 3009/3283/3009 3008/3282/3008
f 3016/3291/3016 3017/3292/3017 3010/3284/3010 3009/3283/3009
f 3017/3292/3017 3018/3293/3018 3011/3285/3011 3010/3284/3010
f 3018/3293/3018 2955/3205/2955 2947/3197/2947 3011/3285/3011
f 2829/3052/2829 3020/3295/3020 3019/3294/3019 2828/3051/2828
f 2830/3053/2830 3021/3296/3021 3020/3295/3020 2829/3052/2829
f 2831/3054/2831 3022/3297/3022 3021/3296/3021 2830/3053/2830
f 2832/3055/2832 3023/3298/3023 3022/3297/3022 2831/3054/2831
f 2833/3056/2833 3024/3299/3024 3023/3298/3023 2832/3055/2832
f 2834/3057/2834 3025/3300/3025 3024/3299/3024 2833/3056/2833
f 2835/3058/2835 3026/3301/3026 3025/3300/3025 2834/3057/2834
f 2836/3059/2836 3027/3302/3027 3026/3301/3026 2835/3058/2835
f 3020/3295/3020 3029/3304/3029 3028/3303/3028 3019/3294/3019
f 3021/3296/3021 3030/3305/3030 3029/3304/3029 3020/3295/3020
f 3022/3297/3022 3031/3306/3031 3030/3305/3030 3021/3296/3021
f 3023/3298/3023 3032/3307/3032 3031/3306/3031 3022/3297/3022
f 3024/3299/3024 3033/3308/3033 3032/3307/3032 3023/3298/3023
f 3025/3300/3025 3034/3309/3034 3033/3308/3033 3024/3299/3024
f 3026/3301/3026 3035/3310/3035 3034/3309/3034 3025/3300/3025
f 3027/3302/3027 3036/3311/3036 3035/3310/3035 3026/3301/3026
f 3029/3304/3029 3038/3313/3038 3037/3312/3037 3028/3303/3028
f 3030/3305/3030 3039/3314/3039 3038/3313/3038 3029/3304/3029
f 3031/3306/3031 3040/3315/3040 3039/3314/3039 3030/3305/3030
f 3032/3307/3032 3041/3316/3041 3040/3315/3040 3031/3306/3031
f 3033/3308/3033 3042/3317/3042 3041/3316/3041 3032/3307/3032
f 3034/3309/3034 3043/3318/3043 3042/3317/3042 3033/3308/3033
f 3035/3310/3035 3044/3319/3044 3043/3318/3043 3034/3309/3034
f 3036/3311/3036 3045/3320/3045 3044/3319/3044 3035/3310/3035
f 3038/3313/3038 3047/3322/3047 3046/3321/3046 3037/3312/3037
f 3039/3314/3039 3048/3323/3048 3047/3322/3047 3038/3313/3038
f 3040/3315/3040 3049/3324/3049 3048/3323/3048 3039/3314/3039
f 3041/3316/3041 3050/3325/3050 3049/3324/3049 3040/3315/3040
f 3042/3317/3042 3051/3326/3051 3050/3325/3050 3041/3316/3041
f 3043/3318/3043 3052/3327/3052 3051/3326/3051 3042/3317/3042
f 3044/3319/3044 3053/3328/3053 3052/3327/3052 3043/3318/3043
f 3045/3320/3045 3054/3329/3054 3053/3328/3053 3044/3319/3044
f 3047/3322/3047 3056/3331/3056 3055/3330/3055 3046/3321/3046
f 3048/3323/3048 3057/3332/3057 3056/3331/3056 3047/3322/3047
f 3049/3324/3049 3058/3333/3058 3057/3332/3057 3048/3323/3048
f 3050/3325/3050 3059/3334/3059 3058/3333/3058 3049/3324/3049
f 3051/3326/3051 3060/3335/3060 3059/3334/3059 3050/3325/3050
f 3052/3327/3052 3061/3336/3061 3060/3335/3060 3051/3326/3051
f 3053/3328/3053 3062/3337/3062 3061/3336/3061 3052/3327/3052
f 3054/3329/3054 3063/3338/3063 3062/3337/3062 3053/3328/3053
f 3056/3331/3056 3065/3340/3065 3064/3339/3064 3055/3330/3055
f 3057/3332/3057 3066/3341/3066 3065/3340/3065 3056/3331/3056
f 3058/3333/3058 3067/3342/3067 3066/3341/3066 3057/3332/3057
f 3059/3334/3059 3068/3343/3068 3067/3342/3067 3058/3333/3058
f 3060/3335/3060 3069/3344/3069 3068/3343/3068 3059/3334/3059
f 3061/3336/3061 3070/3345/3070 3069/3344/3069 3060/3335/3060
f 3062/3337/3062 3071/3346/3071 3070/3345/3070 3061/3336/3061
f 3063/3338/3063 3072/3347/3072 3071/3346/3071 3062/3337/3062
f 3065/3340/3065 3074/3349/3074 3073/3348/3073 3064/3339/3064
f 3066/3341/3066 3075/3350/3075 3074/3349/3074 3065/3340/3065
f 3067/3342/3067 3076/3351/3076 3075/3350/3075 3066/3341/3066
f 3068/3343/3068 3077/3352/3077 3076/3351/3076 3067/3342/3067
f 3069/3344/3069 3078/3353/3078 3077/3352/3077 3068/3343/3068
f 3070/3345/3070 3079/3354/3079 3078/3353/3078 3069/3344/3069
f 3071/3346/3071 3080/3355/3080 3079/3354/3079 3070/3345/3070
f 3072/3347/3072 3081/3356/3081 3080/3355/3080 3071/3346/3071
f 3074/3349/3074 3083/3358/3083 3082/3357/3082 3073/3348/3073
f 3075/3350/3075 3084/3359/3084 3083/3358/3083 3074/3349/3074
f 3076/3351/3076 3085/3360/3085 3084/3359/3084 3075/3350/3075
f 3077/3352/3077 3086/3361/3086 3085/3360/3085 3076/3351/3076
f 3078/3353/3078 3087/3362/3087 3086/3361/3086 3077/3352/3077
f 3079/3354/3079 3088/3363/3088 3087/3362/3087 3078/3353/3078
f 3080/3355/3080 3089/3364/3089 3088/3363/3088 3079/3354/3079
f 3081/3356/3081 3090/3365/3090 3089/3364/3089 3080/3355/3080
f 2891/3122/2891 3091/3366/3091 3027/3302/3027 2836/3059/2836
f 2892/3123/2892 3092/3367/3092 3091/3366/3091 2891/3122/2891
f 2893/3124/2893 3093/3368/3093 3092/3367/3092 2892/3123/2892
f 2894/3125/2894 3094/3369/3094 3093/3368/3093 2893/3124/2893
f 2895/3126/2895 3095/3370/3095 3094/3369/3094 2894/3125/2894
f 2896/3127/2896 3096/3371/3096 3095/3370/3095 2895/3126/2895
f 2897/3128/2897 3097/3372/3097 3096/3371/3096 2896/3127/2896
f 2898/3129/2898 3098/3373/3098 3097/3372/3097 2897/3128/2897
f 3091/3366/3091 3099/3374/3099 3036/3311/3036 3027/3302/3027
f 3092/3367/3092 3100/3375/3100 3099/3374/3099 3091/3366/3091
f 3093/3368/3093 3101/3376/3101 3100/3375/3100 3092/3367/3092
f 3094/3369/3094 3102/3377/3102 3101/3376/3101 3093/3368/3093
f 3095/3370/3095 3103/3378/3103 3102/3377/3102 3094/3369/3094
f 3096/3371/3096 3104/3379/3104 3103/3378/3103 3095/3370/3095
f 3097/3372/3097 3105/3380/3105 3104/3379/3104 3096/3371/3096
f 3098/3373/3098 3106/3381/3106 3105/3380/3105 3097/3372/3097
f 3099/3374/3099 3107/3382/3107 3045/3320/3045 3036/3311/3036
f 3100/3375/3100 3108/3383/3108 3107/3382/3107 3099/3374/3099
f 3101/3376/3101 3109/3384/3109 3108/3383/3108 3100/3375/3100
f 3102/3377/3102 3110/3385/3110 3109/3384/3109 3101/3376/3101
f 3103/3378/3103 3111/3386/3111 3110/3385/3110 3102/3377/3102
f 3104/3379/3104 3112/3387/3112 3111/3386/3111 3103/3378/3103
f 3105/3380/3105 3113/3388/3113 3112/3387/3112 3104/3379/3104
f 3106/3381/3106 3114/3389/3114 3113/3388/3113 3105/3380/3105
f 3107/3382/3107 3115/3390/3115 3054/3329/3054 3045/3320/3045
f 3108/3383/3108 3116/3391/3116 3115/3390/3115 3107/3382/3107
f 3109/3384/3109 3117/3392/3117 3116/3391/3116 3108/3383/3108
f 3110/3385/3110 3118/3393/3118 3117/3392/3117 3109/3384/3109
f 3111/3386/3111 3119/3394/3119 3118/3393/3118 3110/3385/3110
f 3112/3387/3112 3120/3395/3120 3119/3394/3119 3111/3386/3111
f 3113/3388/3113 3121/3396/3121 3120/3395/3120 3112/3387/3112
f 3114/3389/3114 3122/3397/3122 3121/3396/3121 3113/3388/3113
f 3115/3390/3115 3123/3398/3123 3063/3338/3063 3054/3329/3054
f 3116/3391/3116 3124/3399/3124 3123/3398/3123 3115/3390/3115
f 3117/3392/3117 3125/3400/3125 3124/3399/3124 3116/3391/3116
f 3118/3393/3118 3126/3401/3126 3125/3400/3125 3117/3392/3117
f 3119/3394/3119 3127/3402/3127 3126/3401/3126 3118/3393/3118
f 3120/3395/3120 3128/3403/3128 3127/3402/3127 3119/3394/3119
f 3121/3396/3121 3129/3404/3129 3128/3403/3128 3120/3395/3120
f 3122/3397/3122 3130/3405/3130 3129/3404/3129 3121/3396/3121
f 3123/3398/3123 3131/3406/3131 3072/3347/3072 3063/3338/3063
f 3124/3399/3124 3132/3407/3132 3131/3406/3131 3123/3398/3123
f 3125/3400/3125 3133/3408/3133 3132/3407/3132 3124/3399/3124
f 3126/3401/3126 3134/3409/3134 3133/3408/3133 3125/3400/3125
f 3127/3402/3127 3135/3410/3135 3134/3409/3134 3126/3401/3126
f 3128/3403/3128 3136/3411/3136 3135/3410/3135 3127/3402/3127
f 3129/3404/3129 3137/3412/3137 3136/3411/3136 3128/3403/3128
f 3130/3405/3130 3138/3413/3138 3137/3412/3137 3129/3404/3129
f 3131/3406/3131 3139/3414/3139 3081/3356/3081 3072/3347/3072
f 3132/3407/3132 3140/3415/3140 3139/3414/3139 3131/3406/3131
f 3133/3408/3133 3141/3416/3141 3140/3415/3140 3132/3407/3132
f 3134/3409/3134 3142/3417/3142 3141/3416/3141 3133/3408/3133
f 3135/3410/3135 3143/3418/3143 3142/3417/3142 3134/3409/3134
f 3136/3411/3136 3144/3419/3144 3143/3418/3143 3135/3410/3135
f 3137/3412/3137 3145/3420/3145 3144/3419/3144 3136/3411/3136
f 3138/3413/3138 3146/3421/3146 3145/3420/3145 3137/3412/3137
f 3139/3414/3139 3147/3422/3147 3090/3365/3090 3081/3356/3081
f 3140/3415/3140 3148/3423/3148 3147/3422/3147 3139/3414/3139
f 3141/3416/3141 3149/3424/3149 3148/3423/3148 3140/3415/3140
f 3142/3417/3142 3150/3425/3150 3149/3424/3149 3141/3416/3141
f 3143/3418/3143 3151/3426/3151 3150/3425/3150 3142/3417/3142
f 3144/3419/3144 3152/3427/3152 3151/3426/3151 3143/3418/3143
f 3145/3420/3145 3153/3428/3153 3152/3427/3152 3144/3419/3144
f 3146/3421/3146 3154/3429/3154 3153/3428/3153 3145/3420/3145
f 3155/3430/3155 3156/3431/3156 2956/3206/2956 2955/3205/2955
f 3156/3431/3156 3157/3432/3157 2957/3207/2957 2956/3206/2956
f 3157/3432/3157 3158/3433/3158 2958/3208/2958 2957/3207/2957
f 3158/3433/3158 3159/3434/3159 2959/3209/2959 2958/3208/2958
f 3159/3434/3159 3160/3435/3160 2960/3210/2960 2959/3209/2959
f 3160/3435/3160 3161/3436/3161 2961/3211/2961 2960/3210/2960
f 3161/3436/3161 3162/3437/3162 2962/3212/2962 2961/3211/2961
f 3162/3437/3162 3098/3373/3098 2898/3129/2898 2962/3212/2962
f 3163/3438/3163 3164/3439/3164 3156/3431/3156 3155/3430/3155
f 3164/3439/3164 3165/3440/3165 3157/3432/3157 3156/3431/3156
f 3165/3440/3165 3166/3441/3166 3158/3433/3158 3157/3432/3157
f 3166/3441/3166 3167/3442/3167 3159/3434/3159 3158/3433/3158
f 3167/3442/3167 3168/3443/3168 3160/3435/3160 3159/3434/3159
f 3168/3443/3168 3169/3444/3169 3161/3436/3161 3160/3435/3160
f 3169/3444/3169 3170/3445/3170 3162/3437/3162 3161/3436/3161
f 3170/3445/3170 3106/3381/3106 3098/3373/3098 3162/3437/3162
f 3171/3446/3171 3172/3447/3172 3164/3439/3164 3163/3438/3163
f 3172/3447/3172 3173/3448/3173 3165/3440/3165 3164/3439/3164
f 3173/3448/3173 3174/3449/3174 3166/3441/3166 3165/3440/3165
f 3174/3449/3174 3175/3450/3175 3167/3442/3167 3166/3441/3166
f 3175/3450/3175 3176/3451/3176 3168/3443/3168 3167/3442/3167
f 3176/3451/3176 3177/3452/3177 3169/3444/3169 3168/3443/3168
f 3177/3452/3177 3178/3453/3178 3170/3445/3170 3169/3444/3169
f 3178/3453/3178 3114/3389/3114 3106/3381/3106 3170/3445/3170
f 3179/3454/3179 3180/3455/3180 3172/3447/3172 3171/3446/3171
f 3180/3455/3180 3181/3456/3181 3173/3448/3173 3172/3447/3172
f 3181/3456/3181 3182/3457/3182 3174/3449/3174 3173/3448/3173
f 3182/3457/3182 3183/3458/3183 3175/3450/3175 3174/3449/3174
f 3183/3458/3183 3184/3459/3184 3176/3451/3176 3175/3450/3175
f 3184/3459/3184 3185/3460/3185 3177/3452/3177 3176/3451/3176
f 3185/3460/3185 3186/3461/3186 3178/3453/3178 3177/3452/3177
f 3186/3461/3186 3122/3397/3122 3114/3389/3114 3178/3453/3178
f 3187/3462/3187 3188/3463/3188 3180/3455/3180 3179/3454/3179
f 3188/3463/3188 3189/3464/3189 3181/3456/3181 3180/3455/3180
f 3189/3464/3189 3190/3465/3190 3182/3457/3182 3181/3456/3181
f 3190/3465/3190 3191/3466/3191 3183/3458/3183 3182/3457/3182
f 3191/3466/3191 3192/3467/3192 3184/3459/3184 3183/3458/3183
f 3192/3467/3192 3193/3468/3193 3185/3460/3185 3184/3459/3184
f 3193/3468/3193 3194/3469/3194 3186/3461/3186 3185/3460/3185
f 3194/3469/3194 3130/3405/3130 3122/3397/3122 3186/3461/3186
f 3195/3470/3195 3196/3471/3196 3188/3463/3188 3187/3462/3187
f 3196/3471/3196 3197/3472/3197 3189/3464/3189 3188/3463/3188
f 3197/3472/3197 3198/3473/3198 3190/3465/3190 3189/3464/3189
f 3198/3473/3198 3199/3474/3199 3191/3466/3191 3190/3465/3190
f 3199/3474/3199 3200/3475/3200 3192/3467/3192 3191/3466/3191
f 3200/3475/3200 3201/3476/3201 3193/3468/3193 3192/3467/3192
f 3201/3476/3201 3202/3477/3202 3194/3469/3194 3193/3468/3193
f 3202/3477/3202 3138/3413/3138 3130/3405/3130 3194/3469/3194
f 3203/3478/3203 3204/3479/3204 3196/3471/3196 3195/3470/3195
f 3204/3479/3204 3205/3480/3205 3197/3472/3197 3196/3471/3196
f 3205/3480/3205 3206/3481/3206 3198/3473/3198 3197/3472/3197
f 3206/3481/3206 3207/3482/3207 3199/3474/3199 3198/3473/3198
f 3207/3482/3207 3208/3483/3208 3200/3475/3200 3199/3474/3199
f 3208/3483/3208 3209/3484/3209 3201/3476/3201 3200/3475/3200
f 3209/3484/3209 3210/3485/3210 3202/3477/3202 3201/3476/3201
f 3210/3485/3210 3146/3421/3146 3138/3413/3138 3202/3477/3202
f 3211/3486/3211 3212/3487/3212 3204/3479/3204 3203/3478/3203
f 3212/3487/3212 3213/3488/3213 3205/3480/3205 3204/3479/3204
f 3213/3488/3213 3214/3489/3214 3206/3481/3206 3205/3480/3205
f 3214/3489/3214 3215/3490/3215 3207/3482/3207 3206/3481/3206
f 3215/3490/3215 3216/3491/3216 3208/3483/3208 3207/3482/3207
f 3216/3491/3216 3217/3492/3217 3209/3484/3209 3208/3483/3208
f 3217/3492/3217 3218/3493/3218 3210/3485/3210 3209/3484/3209
f 3218/3493/3218 3154/3429/3154 3146/3421/3146 3210/3485/3210
f 3019/3494/3019 3219/3495/3219 3012/3287/3012 2828/3286/2828
f 3219/3495/3219 3220/3496/3220 3013/3288/3013 3012/3287/3012
f 3220/3496/3220 3221/3497/3221 3014/3289/3014 3013/3288/3013
f 3221/3497/3221 3222/3498/3222 3015/3290/3015 3014/3289/3014
f 3222/3498/3222 3223/3499/3223 3016/3291/3016 3015/3290/3015
f 3223/3499/3223 3224/3500/3224 3017/3292/3017 3016/3291/3016
f 3224/3500/3224 3225/3501/3225 3018/3293/3018 3017/3292/3017
f 3225/3501/3225 3155/3430/3155 2955/3205/2955 3018/3293/3018
f 3028/3502/3028 3226/3503/3226 3219/3495/3219 3019/3494/3019
f 3226/3503/3226 3227/3504/3227 3220/3496/3220 3219/3495/3219
f 3227/3504/3227 3228/3505/3228 3221/3497/3221 3220/3496/3220
f 3228/3505/3228 3229/3506/3229 3222/3498/3222 3221/3497/3221
f 3229/3506/3229 3230/3507/3230 3223/3499/3223 3222/3498/3222
f 3230/3507/3230 3231/3508/3231 3224/3500/3224 3223/3499/3223
f 3231/3508/3231 3232/3509/3232 3225/3501/3225 3224/3500/3224
f 3232/3509/3232 3163/3438/3163 3155/3430/3155 3225/3501/3225
f 3037/3510/3037 3233/3511/3233 3226/3503/3226 3028/3502/3028
f 3233/3511/3233 3234/3512/3234 3227/3504/3227 3226/3503/3226
f 3234/3512/3234 3235/3513/3235 3228/3505/3228 3227/3504/3227
f 3235/3513/3235 3236/3514/3236 3229/3506/3229 3228/3505/3228
f 3236/3514/3236 3237/3515/3237 3230/3507/3230 3229/3506/3229
f 3237/3515/3237 3238/3516/3238 3231/3508/3231 3230/3507/3230
f 3238/3516/3238 3239/3517/3239 3232/3509/3232 3231/3508/3231
f 3239/3517/3239 3171/3446/3171 3163/3438/3163 3232/3509/3232
f 3046/3518/3046 3240/3519/3240 3233/3511/3233 3037/3510/3037
f 3240/3519/3240 3241/3520/3241 3234/3512/3234 3233/3511/3233
f 3241/3520/3241 3242/3521/3242 3235/3513/3235 3234/3512/3234
f 3242/3521/3242 3243/3522/3243 3236/3514/3236 3235/3513/3235
f 3243/3522/3243 3244/3523/3244 3237/3515/3237 3236/3514/3236
f 3244/3523/3244 3245/3524/3245 3238/3516/3238 3237/3515/3237
f 3245/3524/3245 3246/3525/3246 3239/3517/3239 3238/3516/3238
f 3246/3525/3246 3179/3454/3179 3171/3446/3171 3239/3517/3239
f 3055/3526/3055 3247/3527/3247 3240/3519/3240 3046/3518/3046
f 3247/3527/3247 3248/3528/3248 3241/3520/3241 3240/3519/3240
f 3248/3528/3248 3249/3529/3249 3242/3521/3242 3241/3520/3241
f 3249/3529/3249 3250/3530/3250 3243/3522/3243 3242/3521/3242
f 3250/3530/3250 3251/3531/3251 3244/3523/3244 3243/3522/3243
f 3251/3531/3251 3252/3532/3252 3245/3524/3245 3244/3523/3244
f 3252/3532/3252 3253/3533/3253 3246/3525/3246 3245/3524/3245
f 3253/3533/3253 3187/3462/3187 3179/3454/3179 3246/3525/3246
f 3064/3534/3064 3254/3535/3254 3247/3527/3247 3055/3526/3055
f 3254/3535/3254 3255/3536/3255 3248/3528/3248 3247/3527/3247
f 3255/3536/3255 3256/3537/3256 3249/3529/3249 3248/3528/3248
f 3256/3537/3256 3257/3538/3257 3250/3530/3250 3249/3529/3249
f 3257/3538/3257 3258/3539/3258 3251/3531/3251 3250/3530/3250
f 3258/3539/3258 3259/3540/3259 3252/3532/3252 3251/3531/3251
f 3259/3540/3259 3260/3541/3260 3253/3533/3253 3252/3532/3252
f 3260/3541/3260 3195/3470/3195 3187/3462/3187 3253/3533/3253
f 3073/3542/3073 3261/3543/3261 3254/3535/3254 3064/3534/3064
f 3261/3543/3261 3262/3544/3262 3255/3536/3255 3254/3535/3254
f 3262/3544/3262 3263/3545/3263 3256/3537/3256 3255/3536/3255
f 3263/3545/3263 3264/3546/3264 3257/3538/3257 3256/3537/3256
f 3264/3546/3264 3265/3547/3265 3258/3539/3258 3257/3538/3257
f 3265/3547/3265 3266/3548/3266 3259/3540/3259 3258/3539/3258
f 3266/3548/3266 3267/3549/3267 3260/3541/3260 3259/3540/3259
f 3267/3549/3267 3203/3478/3203 3195/3470/3195 3260/3541/3260
f 3082/3550/3082 3268/3551/3268 3261/3543/3261 3073/3542/3073
f 3268/3551/3268 3269/3552/3269 3262/3544/3262 3261/3543/3261
f 3269/3552/3269 3270/3553/3270 3263/3545/3263 3262/3544/3262
f 3270/3553/3270 3271/3554/3271 3264/3546/3264 3263/3545/3263
f 3271/3554/3271 3272/3555/3272 3265/3547/3265 3264/3546/3264
f 3272/3555/3272 3273/3556/3273 3266/3548/3266 3265/3547/3265
f 3273/3556/3273 3274/3557/3274 3267/3549/3267 3266/3548/3266
f 3274/3557/3274 3211/3486/3211 3203/3478/3203 3267/3549/3267
f 3083/3358/3083 3276/3559/3276 3275/3558/3275 3082/3357/3082
f 3084/3359/3084 3277/3560/3277 3276/3559/3276 3083/3358/3083
f 3085/3360/3085 3278/3561/3278 3277/3560/3277 3084/3359/3084
f 3086/3361/3086 3279/3562/3279 3278/3561/3278 3085/3360/3085
f 3087/3362/3087 3280/3563/3280 3279/3562/3279 3086/3361/3086
f 3088/3363/3088 3281/3564/3281 3280/3563/3280 3087/3362/3087
f 3089/3364/3089 3282/3565/3282 3281/3564/3281 3088/3363/3088
f 3090/3365/3090 3283/3566/3283 3282/3565/3282 3089/3364/3089
f 3276/3559/3276 3285/3568/3285 3284/3567/3284 3275/3558/3275
f 3277/3560/3277 3286/3569/3286 3285/3568/3285 3276/3559/3276
f 3278/3561/3278 3287/3570/3287 3286/3569/3286 3277/3560/3277
f 3279/3562/3279 3288/3571/3288 3287/3570/3287 3278/3561/3278
f 3280/3563/3280 3289/3572/3289 3288/3571/3288 3279/3562/3279
f 3281/3564/3281 3290/3573/3290 3289/3572/3289 3280/3563/3280
f 3282/3565/3282 3291/3574/3291 3290/3573/3290 3281/3564/3281
f 3283/3566/3283 3292/3575/3292 3291/3574/3291 3282/3565/3282
f 3285/3568/3285 3294/3577/3294 3293/3576/3293 3284/3567/3284
f 3286/3569/3286 3295/3578/3295 3294/3577/3294 3285/3568/3285
f 3287/3570/3287 3296/3579/3296 3295/3578/3295 3286/3569/3286
f 3288/3571/3288 3297/3580/3297 3296/3579/3296 3287/3570/3287
f 3289/3572/3289 3298/3581/3298 3297/3580/3297 3288/3571/3288
f 3290/3573/3290 3299/3582/3299 3298/3581/3298 3289/3572/3289
f 3291/3574/3291 3300/3583/3300 3299/3582/3299 3290/3573/3290
f 3292/3575/3292 3301/3584/3301 3300/3583/3300 3291/3574/3291
f 3294/3577/3294 3303/3586/3303 3302/3585/3302 3293/3576/3293
f 3295/3578/3295 3304/3587/3304 3303/3586/3303 3294/3577/3294
f 3296/3579/3296 3305/3588/3305 3304/3587/3304 3295/3578/3295
f 3297/3580/3297 3306/3589/3306 3305/3588/3305 3296/3579/3296
f 3298/3581/3298 3307/3590/3307 3306/3589/3306 3297/3580/3297
f 3299/3582/3299 3308/3591/3308 3307/3590/3307 3298/3581/3298
f 3300/3583/3300 3309/3592/3309 3308/3591/3308 3299/3582/3299
f 3301/3584/3301 3310/3593/3310 3309/3592/3309 3300/3583/3300
f 3303/3586/3303 3312/3595/3312 3311/3594/3311 3302/3585/3302
f 3304/3587/3304 3313/3596/3313 3312/3595/3312 3303/3586/3303
f 3305/3588/3305 3314/3597/3314 3313/3596/3313 3304/3587/3304
f 3306/3589/3306 3315/3598/3315 3314/3597/3314 3305/3588/3305
f 3307/3590/3307 3316/3599/3316 3315/3598/3315 3306/3589/3306
f 3308/3591/3308 3317/3600/3317 3316/3599/3316 3307/3590/3307
f 3309/3592/3309 3318/3601/3318 3317/3600/3317 3308/3591/3308
f 3310/3593/3310 3319/3602/3319 3318/3601/3318 3309/3592/3309
f 3312/3595/3312 3321/3604/3321 3320/3603/3320 3311/3594/3311
f 3313/3596/3313 3322/3605/3322 3321/3604/3321 3312/3595/3312
f 3314/3597/3314 3323/3606/3323 3322/3605/3322 3313/3596/3313
f 3315/3598/3315 3324/3607/3324 3323/3606/3323 3314/3597/3314
f 3316/3599/3316 3325/3608/3325 3324/3607/3324 3315/3598/3315
f 3317/3600/3317 3326/3609/3326 3325/3608/3325 3316/3599/3316
f 3318/3601/3318 3327/3610/3327 3326/3609/3326 3317/3600/3317
f 3319/3602/3319 3328/3611/3328 3327/3610/3327 3318/3601/3318
f 3321/3604/3321 3330/3613/3330 3329/3612/3329 3320/3603/3320
f 3322/3605/3322 3331/3614/3331 3330/3613/3330 3321/3604/3321
f 3323/3606/3323 3332/3615/3332 3331/3614/3331 3322/3605/3322
f 3324/3607/3324 3333/3616/3333 3332/3615/3332 3323/3606/3323
f 3325/3608/3325 3334/3617/3334 3333/3616/3333 3324/3607/3324
f 3326/3609/3326 3335/3618/3335 3334/3617/3334 3325/3608/3325
f 3327/3610/3327 3336/3619/3336 3335/3618/3335 3326/3609/3326
f 3328/3611/3328 3337/3620/3337 3336/3619/3336 3327/3610/3327
f 3330/3613/3330 1299/1374/3339 1298/1373/3338 3329/3612/3329
f 3331/3614/3331 1300/1375/3340 1299/1374/3339 3330/3613/3330
f 3332/3615/3332 1301/1376/3341 1300/1375/3340 3331/3614/3331
f 3333/3616/3333 1302/1377/3342 1301/1376/3341 3332/3615/3332
f 3334/3617/3334 1303/1378/3343 1302/1377/3342 3333/3616/3333
f 3335/3618/3335 1304/1379/3344 1303/1378/3343 3334/3617/3334
f 3336/3619/3336 1305/1380/3345 1304/1379/3344 3335/3618/3335
f 3337/3620/3337 1306/1381/3346 1305/1380/3345 3336/3619/3336
f 3147/3422/3147 3338/3621/3347 3283/3566/3283 3090/3365/3090
f 3148/3423/3148 3339/3622/3348 3338/3621/3347 3147/3422/3147
f 3149/3424/3149 3340/3623/3349 3339/3622/3348 3148/3423/3148
f 3150/3425/3150 3341/3624/3350 3340/3623/3349 3149/3424/3149
f 3151/3426/3151 3342/3625/3351 3341/3624/3350 3150/3425/3150
f 3152/3427/3152 3343/3626/3352 3342/3625/3351 3151/3426/3151
f 3153/3428/3153 3344/3627/3353 3343/3626/3352 3152/3427/3152
f 3154/3429/3154 3345/3628/3354 3344/3627/3353 3153/3428/3153
f 3338/3621/3347 3346/3629/3355 3292/3575/3292 3283/3566/3283
f 3339/3622/3348 3347/3630/3356 3346/3629/3355 3338/3621/3347
f 3340/3623/3349 3348/3631/3357 3347/3630/3356 3339/3622/3348
f 3341/3624/3350 3349/3632/3358 3348/3631/3357 3340/3623/3349
f 3342/3625/3351 3350/3633/3359 3349/3632/3358 3341/3624/3350
f 3343/3626/3352 3351/3634/3360 3350/3633/3359 3342/3625/3351
f 3344/3627/3353 3352/3635/3361 3351/3634/3360 3343/3626/3352
f 3345/3628/3354 3353/3636/3362 3352/3635/3361 3344/3627/3353
f 3346/3629/3355 3354/3637/3363 3301/3584/3301 3292/3575/3292
f 3347/3630/3356 3355/3638/3364 3354/3637/3363 3346/3629/3355
f 3348/3631/3357 3356/3639/3365 3355/3638/3364 3347/3630/3356
f 3349/3632/3358 3357/3640/3366 3356/3639/3365 3348/3631/3357
f 3350/3633/3359 3358/3641/3367 3357/3640/3366 3349/3632/3358
f 3351/3634/3360 3359/3642/3368 3358/3641/3367 3350/3633/3359
f 3352/3635/3361 3360/3643/3369 3359/3642/3368 3351/3634/3360
f 3353/3636/3362 3361/3644/3370 3360/3643/3369 3352/3635/3361
f 3354/3637/3363 3362/3645/3371 3310/3593/3310 3301/3584/3301
f 3355/3638/3364 3363/3646/3372 3362/3645/3371 3354/3637/3363
f 3356/3639/3365 3364/3647/3373 3363/3646/3372 3355/3638/3364
f 3357/3640/3366 3365/3648/3374 3364/3647/3373 3356/3639/3365
f 3358/3641/3367 3366/3649/3375 3365/3648/3374 3357/3640/3366
f 3359/3642/3368 3367/3650/3376 3366/3649/3375 3358/3641/3367
f 3360/3643/3369 3368/3651/3377 3367/3650/3376 3359/3642/3368
f 3361/3644/3370 3369/3652/3378 3368/3651/3377 3360/3643/3369
f 3362/3645/3371 3370/3653/3379 3319/3602/3319 3310/3593/3310
f 3363/3646/3372 3371/3654/3380 3370/3653/3379 3362/3645/3371
f 3364/3647/3373 3372/3655/3381 3371/3654/3380 3363/3646/3372
f 3365/3648/3374 3373/3656/3382 3372/3655/3381 3364/3647/3373
f 3366/3649/3375 3374/3657/3383 3373/3656/3382 3365/3648/3374
f 3367/3650/3376 3375/3658/3384 3374/3657/3383 3366/3649/3375
f 3368/3651/3377 3376/3659/3385 3375/3658/3384 3367/3650/3376
f 3369/3652/3378 3377/3660/3386 3376/3659/3385 3368/3651/3377
f 3370/3653/3379 3378/3661/3387 3328/3611/3328 3319/3602/3319
f 3371/3654/3380 3379/3662/3388 3378/3661/3387 3370/3653/3379
f 3372/3655/3381 3380/3663/3389 3379/3662/3388 3371/3654/3380
f 3373/3656/3382 3381/3664/3390 3380/3663/3389 3372/3655/3381
f 3374/3657/3383 3382/3665/3391 3381/3664/3390 3373/3656/3382
f 3375/3658/3384 3383/3666/3392 3382/3665/3391 3374/3657/3383
f 3376/3659/3385 3384/3667/3393 3383/3666/3392 3375/3658/3384
f 3377/3660/3386 3385/3668/3394 3384/3667/3393 3376/3659/3385
f 3378/3661/3387 3386/3669/3395 3337/3620/3337 3328/3611/3328
f 3379/3662/3388 3387/3670/3396 3386/3669/3395 3378/3661/3387
f 3380/3663/3389 3388/3671/3397 3387/3670/3396 3379/3662/3388
f 3381/3664/3390 3389/3672/3398 3388/3671/3397 3380/3663/3389
f 3382/3665/3391 3390/3673/3399 3389/3672/3398 3381/3664/3390
f 3383/3666/3392 3391/3674/3400 3390/3673/3399 3382/3665/3391
f 3384/3667/3393 3392/3675/3401 3391/3674/3400 3383/3666/3392
f 3385/3668/3394 3393/3676/3402 3392/3675/3401 3384/3667/3393
f 3386/3669/3395 1379/1454/3403 1306/1381/3346 3337/3620/3337
f 3387/3670/3396 1380/1455/3404 1379/1454/3403 3386/3669/3395
f 3388/3671/3397 1381/1456/3405 1380/1455/3404 3387/3670/3396
f 3389/3672/3398 1382/1457/3406 1381/1456/3405 3388/3671/3397
f 3390/3673/3399 1383/1458/3407 1382/1457/3406 3389/3672/3398
f 3391/3674/3400 1384/1459/3408 1383/1458/3407 3390/3673/3399
f 3392/3675/3401 1385/1460/3409 1384/1459/3408 3391/3674/3400
f 3393/3676/3402 1386/1461/3410 1385/1460/3409 3392/3675/3401
f 3394/3677/3411 3395/3678/3412 3212/3487/3212 3211/3486/3211
f 3395/3678/3412 3396/3679/3413 3213/3488/3213 3212/3487/3212
f 3396/3679/3413 3397/3680/3414 3214/3489/3214 3213/3488/3213
f 3397/3680/3414 3398/3681/3415 3215/3490/3215 3214/3489/3214
f 3398/3681/3415 3399/3682/3416 3216/3491/3216 3215/3490/3215
f 3399/3682/3416 3400/3683/3417 3217/3492/3217 3216/3491/3216
f 3400/3683/3417 3401/3684/3418 3218/3493/3218 3217/3492/3217
f 3401/3684/3418 3345/3628/3354 3154/3429/3154 3218/3493/3218
f 3402/3685/3419 3403/3686/3420 3395/3678/3412 3394/3677/3411
f 3403/3686/3420 3404/3687/3421 3396/3679/3413 3395/3678/3412
f 3404/3687/3421 3405/3688/3422 3397/3680/3414 3396/3679/3413
f 3405/3688/3422 3406/3689/3423 3398/3681/3415 3397/3680/3414
f 3406/3689/3423 3407/3690/3424 3399/3682/3416 3398/3681/3415
f 3407/3690/3424 3408/3691/3425 3400/3683/3417 3399/3682/3416
f 3408/3691/3425 3409/3692/3426 3401/3684/3418 3400/3683/3417
f 3409/3692/3426 3353/3636/3362 3345/3628/3354 3401/3684/3418
f 3410/3693/3427 3411/3694/3428 3403/3686/3420 3402/3685/3419
f 3411/3694/3428 3412/3695/3429 3404/3687/3421 3403/3686/3420
f 3412/3695/3429 3413/3696/3430 3405/3688/3422 3404/3687/3421
f 3413/3696/3430 3414/3697/3431 3406/3689/3423 3405/3688/3422
f 3414/3697/3431 3415/3698/3432 3407/3690/3424 3406/3689/3423
f 3415/3698/3432 3416/3699/3433 3408/3691/3425 3407/3690/3424
f 3416/3699/3433 3417/3700/3434 3409/3692/3426 3408/3691/3425
f 3417/3700/3434 3361/3644/3370 3353/3636/3362 3409/3692/3426
f 3418/3701/3435 3419/3702/3436 3411/3694/3428 3410/3693/3427
f 3419/3702/3436 3420/3703/3437 3412/3695/3429 3411/3694/3428
f 3420/3703/3437 3421/3704/3438 3413/3696/3430 3412/3695/3429
f 3421/3704/3438 3422/3705/3439 3414/3697/3431 3413/3696/3430
f 3422/3705/3439 3423/3706/3440 3415/3698/3432 3414/3697/3431
f 3423/3706/3440 3424/3707/3441 3416/3699/3433 3415/3698/3432
f 3424/3707/3441 3425/3708/3442 3417/3700/3434 3416/3699/3433
f 3425/3708/3442 3369/3652/3378 3361/3644/3370 3417/3700/3434
f 3426/3709/3443 3427/3710/3444 3419/3702/3436 3418/3701/3435
f 3427/3710/3444 3428/3711/3445 3420/3703/3437 3419/3702/3436
f 3428/3711/3445 3429/3712/3446 3421/3704/3438 3420/3703/3437
f 3429/3712/3446 3430/3713/3447 3422/3705/3439 3421/3704/3438
f 3430/3713/3447 3431/3714/3448 3423/3706/3440 3422/3705/3439
f 3431/3714/3448 3432/3715/3449 3424/3707/3441 3423/3706/3440
f 3432/3715/3449 3433/3716/3450 3425/3708/3442 3424/3707/3441
f 3433/3716/3450 3377/3660/3386 3369/3652/3378 3425/3708/3442
f 3434/3717/3451 3435/3718/3452 3427/3710/3444 3426/3709/3443
f 3435/3718/3452 3436/3719/3453 3428/3711/3445 3427/3710/3444
f 3436/3719/3453 3437/3720/3454 3429/3712/3446 3428/3711/3445
f 3437/3720/3454 3438/3721/3455 3430/3713/3447 3429/3712/3446
f 3438/3721/3455 3439/3722/3456 3431/3714/3448 3430/3713/3447
f 3439/3722/3456 3440/3723/3457 3432/3715/3449 3431/3714/3448
f 3440/3723/3457 3441/3724/3458 3433/3716/3450 3432/3715/3449
f 3441/3724/3458 3385/3668/3394 3377/3660/3386 3433/3716/3450
f 3442/3725/3459 3443/3726/3460 3435/3718/3452 3434/3717/3451
f 3443/3726/3460 3444/3727/3461 3436/3719/3453 3435/3718/3452
f 3444/3727/3461 3445/3728/3462 3437/3720/3454 3436/3719/3453
f 3445/3728/3462 3446/3729/3463 3438/3721/3455 3437/3720/3454
f 3446/3729/3463 3447/3730/3464 3439/3722/3456 3438/3721/3455
f 3447/3730/3464 3448/3731/3465 3440/3723/3457 3439/3722/3456
f 3448/3731/3465 3449/3732/3466 3441/3724/3458 3440/3723/3457
f 3449/3732/3466 3393/3676/3402 3385/3668/3394 3441/3724/3458
f 1451/1526/3467 1452/1527/3468 3443/3726/3460 3442/3725/3459
f 1452/1527/3468 1453/1528/3469 3444/3727/3461 3443/3726/3460
f 1453/1528/3469 1454/1529/3470 3445/3728/3462 3444/3727/3461
f 1454/1529/3470 1455/1530/3471 3446/3729/3463 3445/3728/3462
f 1455/1530/3471 1456/1531/3472 3447/3730/3464 3446/3729/3463
f 1456/1531/3472 1457/1532/3473 3448/3731/3465 3447/3730/3464
f 1457/1532/3473 1458/1533/3474 3449/3732/3466 3448/3731/3465
f 1458/1533/3474 1386/1461/3410 3393/3676/3402 3449/3732/3466
f 3275/3733/3275 3450/3734/3475 3268/3551/3268 3082/3550/3082
f 3450/3734/3475 3451/3735/3476 3269/3552/3269 3268/3551/3268
f 3451/3735/3476 3452/3736/3477 3270/3553/3270 3269/3552/3269
f 3452/3736/3477 3453/3737/3478 3271/3554/3271 3270/3553/3270
f 3453/3737/3478 3454/3738/3479 3272/3555/3272 3271/3554/3271
f 3454/3738/3479 3455/3739/3480 3273/3556/3273 3272/3555/3272
f 3455/3739/3480 3456/3740/3481 3274/3557/3274 3273/3556/3273
f 3456/3740/3481 3394/3677/3411 3211/3486/3211 3274/3557/3274
f 3284/3741/3284 3457/3742/3482 3450/3734/3475 3275/3733/3275
f 3457/3742/3482 3458/3743/3483 3451/3735/3476 3450/3734/3475
f 3458/3743/3483 3459/3744/3484 3452/3736/3477 3451/3735/3476
f 3459/3744/3484 3460/3745/3485 3453/3737/3478 3452/3736/3477
f 3460/3745/3485 3461/3746/3486 3454/3738/3479 3453/3737/3478
f 3461/3746/3486 3462/3747/3487 3455/3739/3480 3454/3738/3479
f 3462/3747/3487 3463/3748/3488 3456/3740/3481 3455/3739/3480
f 3463/3748/3488 3402/3685/3419 3394/3677/3411 3456/3740/3481
f 3293/3749/3293 3464/3750/3489 3457/3742/3482 3284/3741/3284
f 3464/3750/3489 3465/3751/3490 3458/3743/3483 3457/3742/3482
f 3465/3751/3490 3466/3752/3491 3459/3744/3484 3458/3743/3483
f 3466/3752/3491 3467/3753/3492 3460/3745/3485 3459/3744/3484
f 3467/3753/3492 3468/3754/3493 3461/3746/3486 3460/3745/3485
f 3468/3754/3493 3469/3755/3494 3462/3747/3487 3461/3746/3486
f 3469/3755/3494 3470/3756/3495 3463/3748/3488 3462/3747/3487
f 3470/3756/3495 3410/3693/3427 3402/3685/3419 3463/3748/3488
f 3302/3757/3302 3471/3758/3496 3464/3750/3489 3293/3749/3293
f 3471/3758/3496 3472/3759/3497 3465/3751/3490 3464/3750/3489
f 3472/3759/3497 3473/3760/3498 3466/3752/3491 3465/3751/3490
f 3473/3760/3498 3474/3761/3499 3467/3753/3492 3466/3752/3491
f 3474/3761/3499 3475/3762/3500 3468/3754/3493 3467/3753/3492
f 3475/3762/3500 3476/3763/3501 3469/3755/3494 3468/3754/3493
f 3476/3763/3501 3477/3764/3502 3470/3756/3495 3469/3755/3494
f 3477/3764/3502 3418/3701/3435 3410/3693/3427 3470/3756/3495
f 3311/3765/3311 3478/3766/3503 3471/3758/3496 3302/3757/3302
f 3478/3766/3503 3479/3767/3504 3472/3759/3497 3471/3758/3496
f 3479/3767/3504 3480/3768/3505 3473/3760/3498 3472/3759/3497
f 3480/3768/3505 3481/3769/3506 3474/3761/3499 3473/3760/3498
f 3481/3769/3506 3482/3770/3507 3475/3762/3500 3474/3761/3499
f 3482/3770/3507 3483/3771/3508 3476/3763/3501 3475/3762/3500
f 3483/3771/3508 3484/3772/3509 3477/3764/3502 3476/3763/3501
f 3484/3772/3509 3426/3709/3443 3418/3701/3435 3477/3764/3502
f 3320/3773/3320 3485/3774/3510 3478/3766/3503 3311/3765/3311
f 3485/3774/3510 3486/3775/3511 3479/3767/3504 3478/3766/3503
f 3486/3775/3511 3487/3776/3512 3480/3768/3505 3479/3767/3504
f 3487/3776/3512 3488/3777/3513 3481/3769/3506 3480/3768/3505
f 3488/3777/3513 3489/3778/3514 3482/3770/3507 3481/3769/3506
f 3489/3778/3514 3490/3779/3515 3483/3771/3508 3482/3770/3507
f 3490/3779/3515 3491/3780/3516 3484/3772/3509 3483/3771/3508
f 3491/3780/3516 3434/3717/3451 3426/3709/3443 3484/3772/3509
f 3329/3781/3329 3492/3782/3517 3485/3774/3510 3320/3773/3320
f 3492/3782/3517 3493/3783/3518 3486/3775/3511 3485/3774/3510
f 3493/3783/3518 3494/3784/3519 3487/3776/3512 3486/3775/3511
f 3494/3784/3519 3495/3785/3520 3488/3777/3513 3487/3776/3512
f 3495/3785/3520 3496/3786/3521 3489/3778/3514 3488/3777/3513
f 3496/3786/3521 3497/3787/3522 3490/3779/3515 3489/3778/3514
f 3497/3787/3522 3498/3788/3523 3491/3780/3516 3490/3779/3515
f 3498/3788/3523 3442/3725/3459 3434/3717/3451 3491/3780/3516
f 1298/1598/3338 1523/1599/3524 3492/3782/3517 3329/3781/3329
f 1523/1599/3524 1524/1600/3525 3493/3783/3518 3492/3782/3517
f 1524/1600/3525 1525/1601/3526 3494/3784/3519 3493/3783/3518
f 1525/1601/3526 1526/1602/3527 3495/3785/3520 3494/3784/3519
f 1526/1602/3527 1527/1603/3528 3496/3786/3521 3495/3785/3520
f 1527/1603/3528 1528/1604/3529 3497/3787/3522 3496/3786/3521
f 1528/1604/3529 1529/1605/3530 3498/3788/3523 3497/3787/3522
f 1529/1605/3530 1451/1526/3467 3442/3725/3459 3498/3788/3523
f 1106/3790/3532 3500/3799/3541 3499/3798/3540 1105/3789/3531
f 1107/3791/3533 3501/3800/3542 3500/3799/3541 1106/3790/3532
f 1108/3792/3534 3502/3801/3543 3501/3800/3542 1107/3791/3533
f 1109/3793/3535 3503/3802/3544 3502/3801/3543 1108/3792/3534
f 1110/3794/3536 3504/3803/3545 3503/3802/3544 1109/3793/3535
f 1111/3795/3537 3505/3804/3546 3504/3803/3545 1110/3794/3536
f 1112/3796/3538 3506/3805/3547 3505/3804/3546 1111/3795/3537
f 1113/3797/3539 3507/3806/3548 3506/3805/3547 1112/3796/3538
f 3500/3799/3541 3509/3808/3550 3508/3807/3549 3499/3798/3540
f 3501/3800/3542 3510/3809/3551 3509/3808/3550 3500/3799/3541
f 3502/3801/3543 3511/3810/3552 3510/3809/3551 3501/3800/3542
f 3503/3802/3544 3512/3811/3553 3511/3810/3552 3502/3801/3543
f 3504/3803/3545 3513/3812/3554 3512/3811/3553 3503/3802/3544
f 3505/3804/3546 3514/3813/3555 3513/3812/3554 3504/3803/3545
f 3506/3805/3547 3515/3814/3556 3514/3813/3555 3505/3804/3546
f 3507/3806/3548 3516/3815/3557 3515/3814/3556 3506/3805/3547
f 3509/3808/3550 3518/3817/3559 3517/3816/3558 3508/3807/3549
f 3510/3809/3551 3519/3818/3560 3518/3817/3559 3509/3808/3550
f 3511/3810/3552 3520/3819/3561 3519/3818/3560 3510/3809/3551
f 3512/3811/3553 3521/3820/3562 3520/3819/3561 3511/3810/3552
f 3513/3812/3554 3522/3821/3563 3521/3820/3562 3512/3811/3553
f 3514/3813/3555 3523/3822/3564 3522/3821/3563 3513/3812/3554
f 3515/3814/3556 3524/3823/3565 3523/3822/3564 3514/3813/3555
f 3516/3815/3557 3525/3824/3566 3524/3823/3565 3515/3814/3556
f 3518/3817/3559 3527/3826/3568 3526/3825/3567 3517/3816/3558
f 3519/3818/3560 3528/3827/3569 3527/3826/3568 3518/3817/3559
f 3520/3819/3561 3529/3828/3570 3528/3827/3569 3519/3818/3560
f 3521/3820/3562 3530/3829/3571 3529/3828/3570 3520/3819/3561
f 3522/3821/3563 3531/3830/3572 3530/3829/3571 3521/3820/3562
f 3523/3822/3564 3532/3831/3573 3531/3830/3572 3522/3821/3563
f 3524/3823/3565 3533/3832/3574 3532/3831/3573 3523/3822/3564
f 3525/3824/3566 3534/3833/3575 3533/3832/3574 3524/3823/3565
f 3527/3826/3568 3536/3835/3577 3535/3834/3576 3526/3825/3567
f 3528/3827/3569 3537/3836/3578 3536/3835/3577 3527/3826/3568
f 3529/3828/3570 3538/3837/3579 3537/3836/3578 3528/3827/3569
f 3530/3829/3571 3539/3838/3580 3538/3837/3579 3529/3828/3570
f 3531/3830/3572 3540/3839/3581 3539/3838/3580 3530/3829/3571
f 3532/3831/3573 3541/3840/3582 3540/3839/3581 3531/3830/3572
f 3533/3832/3574 3542/3841/3583 3541/3840/3582 3532/3831/3573
f 3534/3833/3575 3543/3842/3584 3542/3841/3583 3533/3832/3574
f 3536/3835/3577 3545/3844/3586 3544/3843/3585 3535/3834/3576
f 3537/3836/3578 3546/3845/3587 3545/3844/3586 3536/3835/3577
f 3538/3837/3579 3547/3846/3588 3546/3845/3587 3537/3836/3578
f 3539/3838/3580 3548/3847/3589 3547/3846/3588 3538/3837/3579
f 3540/3839/3581 3549/3848/3590 3548/3847/3589 3539/3838/3580
f 3541/3840/3582 3550/3849/3591 3549/3848/3590 3540/3839/3581
f 3542/3841/3583 3551/3850/3592 3550/3849/3591 3541/3840/3582
f 3543/3842/3584 3552/3851/3593 3551/3850/3592 3542/3841/3583
f 3545/3844/3586 3554/3853/3595 3553/3852/3594 3544/3843/3585
f 3546/3845/3587 3555/3854/3596 3554/3853/3595 3545/3844/3586
f 3547/3846/3588 3556/3855/3597 3555/3854/3596 3546/3845/3587
f 3548/3847/3589 3557/3856/3598 3556/3855/3597 3547/3846/3588
f 3549/3848/3590 3558/3857/3599 3557/3856/3598 3548/3847/3589
f 3550/3849/3591 3559/3858/3600 3558/3857/3599 3549/3848/3590
f 3551/3850/3592 3560/3859/3601 3559/3858/3600 3550/3849/3591
f 3552/3851/3593 3561/3860/3602 3560/3859/3601 3551/3850/3592
f 3554/3853/3595 3563/3862/3604 3562/3861/3603 3553/3852/3594
f 3555/3854/3596 3564/3863/3605 3563/3862/3604 3554/3853/3595
f 3556/3855/3597 3565/3864/3606 3564/3863/3605 3555/3854/3596
f 3557/3856/3598 3566/3865/3607 3565/3864/3606 3556/3855/3597
f 3558/3857/3599 3567/3866/3608 3566/3865/3607 3557/3856/3598
f 3559/3858/3600 3568/3867/3609 3567/3866/3608 3558/3857/3599
f 3560/3859/3601 3569/3868/3610 3568/3867/3609 3559/3858/3600
f 3561/3860/3602 3570/3869/3611 3569/3868/3610 3560/3859/3601
f 1170/3870/3612 3571/3878/3620 3507/3806/3548 1113/3797/3539
f 1171/3871/3613 3572/3879/3621 3571/3878/3620 1170/3870/3612
f 1172/3872/3614 3573/3880/3622 3572/3879/3621 1171/3871/3613
f 1173/3873/3615 3574/3881/3623 3573/3880/3622 1172/3872/3614
f 1174/3874/3616 3575/3882/3624 3574/3881/3623 1173/3873/3615
f 1175/3875/3617 3576/3883/3625 3575/3882/3624 1174/3874/3616
f 1176/3876/3618 3577/3884/3626 3576/3883/3625 1175/3875/3617
f 1177/3877/3619 3578/3885/3627 3577/3884/3626 1176/3876/3618
f 3571/3878/3620 3579/3886/3628 3516/3815/3557 3507/3806/3548
f 3572/3879/3621 3580/3887/3629 3579/3886/3628 3571/3878/3620
f 3573/3880/3622 3581/3888/3630 3580/3887/3629 3572/3879/3621
f 3574/3881/3623 3582/3889/3631 3581/3888/3630 3573/3880/3622
f 3575/3882/3624 3583/3890/3632 3582/3889/3631 3574/3881/3623
f 3576/3883/3625 3584/3891/3633 3583/3890/3632 3575/3882/3624
f 3577/3884/3626 3585/3892/3634 3584/3891/3633 3576/3883/3625
f 3578/3885/3627 3586/3893/3635 3585/3892/3634 3577/3884/3626
f 3579/3886/3628 3587/3894/3636 3525/3824/3566 3516/3815/3557
f 3580/3887/3629 3588/3895/3637 3587/3894/3636 3579/3886/3628
f 3581/3888/3630 3589/3896/3638 3588/3895/3637 3580/3887/3629
f 3582/3889/3631 3590/3897/3639 3589/3896/3638 3581/3888/3630
f 3583/3890/3632 3591/3898/3640 3590/3897/3639 3582/3889/3631
f 3584/3891/3633 3592/3899/3641 3591/3898/3640 3583/3890/3632
f 3585/3892/3634 3593/3900/3642 3592/3899/3641 3584/3891/3633
f 3586/3893/3635 3594/3901/3643 3593/3900/3642 3585/3892/3634
f 3587/3894/3636 3595/3902/3644 3534/3833/3575 3525/3824/3566
f 3588/3895/3637 3596/3903/3645 3595/3902/3644 3587/3894/3636
f 3589/3896/3638 3597/3904/3646 3596/3903/3645 3588/3895/3637
f 3590/3897/3639 3598/3905/3647 3597/3904/3646 3589/3896/3638
f 3591/3898/3640 3599/3906/3648 3598/3905/3647 3590/3897/3639
f 3592/3899/3641 3600/3907/3649 3599/3906/3648 3591/3898/3640
f 3593/3900/3642 3601/3908/3650 3600/3907/3649 3592/3899/3641
f 3594/3901/3643 3602/3909/3651 3601/3908/3650 3593/3900/3642
f 3595/3902/3644 3603/3910/3652 3543/3842/3584 3534/3833/3575
f 3596/3903/3645 3604/3911/3653 3603/3910/3652 3595/3902/3644
f 3597/3904/3646 3605/3912/3654 3604/3911/3653 3596/3903/3645
f 3598/3905/3647 3606/3913/3655 3605/3912/3654 3597/3904/3646
f 3599/3906/3648 3607/3914/3656 3606/3913/3655 3598/3905/3647
f 3600/3907/3649 3608/3915/3657 3607/3914/3656 3599/3906/3648
f 3601/3908/3650 3609/3916/3658 3608/3915/3657 3600/3907/3649
f 3602/3909/3651 3610/3917/3659 3609/3916/3658 3601/3908/3650
f 3603/3910/3652 3611/3918/3660 3552/3851/3593 3543/3842/3584
f 3604/3911/3653 3612/3919/3661 3611/3918/3660 3603/3910/3652
f 3605/3912/3654 3613/3920/3662 3612/3919/3661 3604/3911/3653
f 3606/3913/3655 3614/3921/3663 3613/3920/3662 3605/3912/3654
f 3607/3914/3656 3615/3922/3664 3614/3921/3663 3606/3913/3655
f 3608/3915/3657 3616/3923/3665 3615/3922/3664 3607/3914/3656
f 3609/3916/3658 3617/3924/3666 3616/3923/3665 3608/3915/3657
f 3610/3917/3659 3618/3925/3667 3617/3924/3666 3609/3916/3658
f 3611/3918/3660 3619/3926/3668 3561/3860/3602 3552/3851/3593
f 3612/3919/3661 3620/3927/3669 3619/3926/3668 3611/3918/3660
f 3613/3920/3662 3621/3928/3670 3620/3927/3669 3612/3919/3661
f 3614/3921/3663 3622/3929/3671 3621/3928/3670 3613/3920/3662
f 3615/3922/3664 3623/3930/3672 3622/3929/3671 3614/3921/3663
f 3616/3923/3665 3624/3931/3673 3623/3930/3672 3615/3922/3664
f 3617/3924/3666 3625/3932/3674 3624/3931/3673 3616/3923/3665
f 3618/3925/3667 3626/3933/3675 3625/3932/3674 3617/3924/3666
f 3619/3926/3668 3627/3934/3676 3570/3869/3611 3561/3860/3602
f 3620/3927/3669 3628/3935/3677 3627/3934/3676 3619/3926/3668
f 3621/3928/3670 3629/3936/3678 3628/3935/3677 3620/3927/3669
f 3622/3929/3671 3630/3937/3679 3629/3936/3678 3621/3928/3670
f 3623/3930/3672 3631/3938/3680 3630/3937/3679 3622/3929/3671
f 3624/3931/3673 3632/3939/3681 3631/3938/3680 3623/3930/3672
f 3625/3932/3674 3633/3940/3682 3632/3939/3681 3624/3931/3673
f 3626/3933/3675 3634/3941/3683 3633/3940/3682 3625/3932/3674
f 3635/3950/3692 3636/3951/3693 1235/3943/3685 1234/3942/3684
f 3636/3951/3693 3637/3952/3694 1236/3944/3686 1235/3943/3685
f 3637/3952/3694 3638/3953/3695 1237/3945/3687 1236/3944/3686
f 3638/3953/3695 3639/3954/3696 1238/3946/3688 1237/3945/3687
f 3639/3954/3696 3640/3955/3697 1239/3947/3689 1238/3946/3688
f 3640/3955/3697 3641/3956/3698 1240/3948/3690 1239/3947/3689
f 3641/3956/3698 3642/3957/3699 1241/3949/3691 1240/3948/3690
f 3642/3957/3699 3578/3885/3627 1177/3877/3619 1241/3949/3691
f 3643/3958/3700 3644/3959/3701 3636/3951/3693 3635/3950/3692
f 3644/3959/3701 3645/3960/3702 3637/3952/3694 3636/3951/3693
f 3645/3960/3702 3646/3961/3703 3638/3953/3695 3637/3952/3694
f 3646/3961/3703 3647/3962/3704 3639/3954/3696 3638/3953/3695
f 3647/3962/3704 3648/3963/3705 3640/3955/3697 3639/3954/3696
f 3648/3963/3705 3649/3964/3706 3641/3956/3698 3640/3955/3697
f 3649/3964/3706 3650/3965/3707 3642/3957/3699 3641/3956/3698
f 3650/3965/3707 3586/3893/3635 3578/3885/3627 3642/3957/3699
f 3651/3966/3708 3652/3967/3709 3644/3959/3701 3643/3958/3700
f 3652/3967/3709 3653/3968/3710 3645/3960/3702 3644/3959/3701
f 3653/3968/3710 3654/3969/3711 3646/3961/3703 3645/3960/3702
f 3654/3969/3711 3655/3970/3712 3647/3962/3704 3646/3961/3703
f 3655/3970/3712 3656/3971/3713 3648/3963/3705 3647/3962/3704
f 3656/3971/3713 3657/3972/3714 3649/3964/3706 3648/3963/3705
f 3657/3972/3714 3658/3973/3715 3650/3965/3707 3649/3964/3706
f 3658/3973/3715 3594/3901/3643 3586/3893/3635 3650/3965/3707
f 3659/3974/3716 3660/3975/3717 3652/3967/3709 3651/3966/3708
f 3660/3975/3717 3661/3976/3718 3653/3968/3710 3652/3967/3709
f 3661/3976/3718 3662/3977/3719 3654/3969/3711 3653/3968/3710
f 3662/3977/3719 3663/3978/3720 3655/3970/3712 3654/3969/3711
f 3663/3978/3720 3664/3979/3721 3656/3971/3713 3655/3970/3712
f 3664/3979/3721 3665/3980/3722 3657/3972/3714 3656/3971/3713
f 3665/3980/3722 3666/3981/3723 3658/3973/3715 3657/3972/3714
f 3666/3981/3723 3602/3909/3651 3594/3901/3643 3658/3973/3715
f 3667/3982/3724 3668/3983/3725 3660/3975/3717 3659/3974/3716
f 3668/3983/3725 3669/3984/3726 3661/3976/3718 3660/3975/3717
f 3669/3984/3726 3670/3985/3727 3662/3977/3719 3661/3976/3718
f 3670/3985/3727 3671/3986/3728 3663/3978/3720 3662/3977/3719
f 3671/3986/3728 3672/3987/3729 3664/3979/3721 3663/3978/3720
f 3672/3987/3729 3673/3988/3730 3665/3980/3722 3664/3979/3721
f 3673/3988/3730 3674/3989/3731 3666/3981/3723 3665/3980/3722
f 3674/3989/3731 3610/3917/3659 3602/3909/3651 3666/3981/3723
f 3675/3990/3732 3676/3991/3733 3668/3983/3725 3667/3982/3724
f 3676/3991/3733 3677/3992/3734 3669/3984/3726 3668/3983/3725
f 3677/3992/3734 3678/3993/3735 3670/3985/3727 3669/3984/3726
f 3678/3993/3735 3679/3994/3736 3671/3986/3728 3670/3985/3727
f 3679/3994/3736 3680/3995/3737 3672/3987/3729 3671/3986/3728
f 3680/3995/3737 3681/3996/3738 3673/3988/3730 3672/3987/3729
f 3681/3996/3738 3682/3997/3739 3674/3989/3731 3673/3988/3730
f 3682/3997/3739 3618/3925/3667 3610/3917/3659 3674/3989/3731
f 3683/3998/3740 3684/3999/3741 3676/3991/3733 3675/3990/3732
f 3684/3999/3741 3685/4000/3742 3677/3992/3734 3676/3991/3733
f 3685/4000/3742 3686/4001/3743 3678/3993/3735 3677/3992/3734
f 3686/4001/3743 3687/4002/3744 3679/3994/3736 3678/3993/3735
f 3687/4002/3744 3688/4003/3745 3680/3995/3737 3679/3994/3736
f 3688/4003/3745 3689/4004/3746 3681/3996/3738 3680/3995/3737
f 3689/4004/3746 3690/4005/3747 3682/3997/3739 3681/3996/3738
f 3690/4005/3747 3626/3933/3675 3618/3925/3667 3682/3997/3739
f 3691/4006/3748 3692/4007/3749 3684/3999/3741 3683/3998/3740
f 3692/4007/3749 3693/4008/3750 3685/4000/3742 3684/3999/3741
f 3693/4008/3750 3694/4009/3751 3686/4001/3743 3685/4000/3742
f 3694/4009/3751 3695/4010/3752 3687/4002/3744 3686/4001/3743
f 3695/4010/3752 3696/4011/3753 3688/4003/3745 3687/4002/3744
f 3696/4011/3753 3697/4012/3754 3689/4004/3746 3688/4003/3745
f 3697/4012/3754 3698/4013/3755 3690/4005/3747 3689/4004/3746
f 3698/4013/3755 3634/3941/3683 3626/3933/3675 3690/4005/3747
f 3499/3798/3540 3699/4021/3763 1291/4014/3756 1105/3789/3531
f 3699/4021/3763 3700/4022/3764 1292/4015/3757 1291/4014/3756
f 3700/4022/3764 3701/4023/3765 1293/4016/3758 1292/4015/3757
f 3701/4023/3765 3702/4024/3766 1294/4017/3759 1293/4016/3758
f 3702/4024/3766 3703/4025/3767 1295/4018/3760 1294/4017/3759
f 3703/4025/3767 3704/4026/3768 1296/4019/3761 1295/4018/3760
f 3704/4026/3768 3705/4027/3769 1297/4020/3762 1296/4019/3761
f 3705/4027/3769 3635/3950/3692 1234/3942/3684 1297/4020/3762
f 3508/3807/3549 3706/4028/3770 3699/4021/3763 3499/3798/3540
f 3706/4028/3770 3707/4029/3771 3700/4022/3764 3699/4021/3763
f 3707/4029/3771 3708/4030/3772 3701/4023/3765 3700/4022/3764
f 3708/4030/3772 3709/4031/3773 3702/4024/3766 3701/4023/3765
f 3709/4031/3773 3710/4032/3774 3703/4025/3767 3702/4024/3766
f 3710/4032/3774 3711/4033/3775 3704/4026/3768 3703/4025/3767
f 3711/4033/3775 3712/4034/3776 3705/4027/3769 3704/4026/3768
f 3712/4034/3776 3643/3958/3700 3635/3950/3692 3705/4027/3769
f 3517/3816/3558 3713/4035/3777 3706/4028/3770 3508/3807/3549
f 3713/4035/3777 3714/4036/3778 3707/4029/3771 3706/4028/3770
f 3714/4036/3778 3715/4037/3779 3708/4030/3772 3707/4029/3771
f 3715/4037/3779 3716/4038/3780 3709/4031/3773 3708/4030/3772
f 3716/4038/3780 3717/4039/3781 3710/4032/3774 3709/4031/3773
f 3717/4039/3781 3718/4040/3782 3711/4033/3775 3710/4032/3774
f 3718/4040/3782 3719/4041/3783 3712/4034/3776 3711/4033/3775
f 3719/4041/3783 3651/3966/3708 3643/3958/3700 3712/4034/3776
f 3526/3825/3567 3720/4042/3784 3713/4035/3777 3517/3816/3558
f 3720/4042/3784 3721/4043/3785 3714/4036/3778 3713/4035/3777
f 3721/4043/3785 3722/4044/3786 3715/4037/3779 3714/4036/3778
f 3722/4044/3786 3723/4045/3787 3716/4038/3780 3715/4037/3779
f 3723/4045/3787 3724/4046/3788 3717/4039/3781 3716/4038/3780
f 3724/4046/3788 3725/4047/3789 3718/4040/3782 3717/4039/3781
f 3725/4047/3789 3726/4048/3790 3719/4041/3783 3718/4040/3782
f 3726/4048/3790 3659/3974/3716 3651/3966/3708 3719/4041/3783
f 3535/3834/3576 3727/4049/3791 3720/4042/3784 3526/3825/3567
f 3727/4049/3791 3728/4050/3792 3721/4043/3785 3720/4042/3784
f 3728/4050/3792 3729/4051/3793 3722/4044/3786 3721/4043/3785
f 3729/4051/3793 3730/4052/3794 3723/4045/3787 3722/4044/3786
f 3730/4052/3794 3731/4053/3795 3724/4046/3788 3723/4045/3787
f 3731/4053/3795 3732/4054/3796 3725/4047/3789 3724/4046/3788
f 3732/4054/3796 3733/4055/3797 3726/4048/3790 3725/4047/3789
f 3733/4055/3797 3667/3982/3724 3659/3974/3716 3726/4048/3790
f 3544/3843/3585 3734/4056/3798 3727/4049/3791 3535/3834/3576
f 3734/4056/3798 3735/4057/3799 3728/4050/3792 3727/4049/3791
f 3735/4057/3799 3736/4058/3800 3729/4051/3793 3728/4050/3792
f 3736/4058/3800 3737/4059/3801 3730/4052/3794 3729/4051/3793
f 3737/4059/3801 3738/4060/3802 3731/4053/3795 3730/4052/3794
f 3738/4060/3802 3739/4061/3803 3732/4054/3796 3731/4053/3795
f 3739/4061/3803 3740/4062/3804 3733/4055/3797 3732/4054/3796
f 3740/4062/3804 3675/3990/3732 3667/3982/3724 3733/4055/3797
f 3553/3852/3594 3741/4063/3805 3734/4056/3798 3544/3843/3585
f 3741/4063/3805 3742/4064/3806 3735/4057/3799 3734/4056/3798
f 3742/4064/3806 3743/4065/3807 3736/4058/3800 3735/4057/3799
f 3743/4065/3807 3744/4066/3808 3737/4059/3801 3736/4058/3800
f 3744/4066/3808 3745/4067/3809 3738/4060/3802 3737/4059/3801
f 3745/4067/3809 3746/4068/3810 3739/4061/3803 3738/4060/3802
f 3746/4068/3810 3747/4069/3811 3740/4062/3804 3739/4061/3803
f 3747/4069/3811 3683/3998/3740 3675/3990/3732 3740/4062/3804
f 3562/3861/3603 3748/4070/3812 3741/4063/3805 3553/3852/3594
f 3748/4070/3812 3749/4071/3813 3742/4064/3806 3741/4063/3805
f 3749/4071/3813 3750/4072/3814 3743/4065/3807 3742/4064/3806
f 3750/4072/3814 3751/4073/3815 3744/4066/3808 3743/4065/3807
f 3751/4073/3815 3752/4074/3816 3745/4067/3809 3744/4066/3808
f 3752/4074/3816 3753/4075/3817 3746/4068/3810 3745/4067/3809
f 3753/4075/3817 3754/4076/3818 3747/4069/3811 3746/4068/3810
f 3754/4076/3818 3691/4006/3748 3683/3998/3740 3747/4069/3811
f 3563/3862/3604 3756/4078/3820 3755/4077/3819 3562/3861/3603
f 3564/3863/3605 3757/4079/3821 3756/4078/3820 3563/3862/3604
f 3565/3864/3606 3758/4080/3822 3757/4079/3821 3564/3863/3605
f 3566/3865/3607 3759/4081/3823 3758/4080/3822 3565/3864/3606
f 3567/3866/3608 3760/4082/3824 3759/4081/3823 3566/3865/3607
f 3568/3867/3609 3761/4083/3825 3760/4082/3824 3567/3866/3608
f 3569/3868/3610 3762/4084/3826 3761/4083/3825 3568/3867/3609
f 3570/3869/3611 3763/4085/3827 3762/4084/3826 3569/3868/3610
f 3756/4078/3820 3765/4087/3829 3764/4086/3828 3755/4077/3819
f 3757/4079/3821 3766/4088/3830 3765/4087/3829 3756/4078/3820
f 3758/4080/3822 3767/4089/3831 3766/4088/3830 3757/4079/3821
f 3759/4081/3823 3768/4090/3832 3767/4089/3831 3758/4080/3822
f 3760/4082/3824 3769/4091/3833 3768/4090/3832 3759/4081/3823
f 3761/4083/3825 3770/4092/3834 3769/4091/3833 3760/4082/3824
f 3762/4084/3826 3771/4093/3835 3770/4092/3834 3761/4083/3825
f 3763/4085/3827 3772/4094/3836 3771/4093/3835 3762/4084/3826
f 3765/4087/3829 3774/4096/3838 3773/4095/3837 3764/4086/3828
f 3766/4088/3830 3775/4097/3839 3774/4096/3838 3765/4087/3829
f 3767/4089/3831 3776/4098/3840 3775/4097/3839 3766/4088/3830
f 3768/4090/3832 3777/4099/3841 3776/4098/3840 3767/4089/3831
f 3769/4091/3833 3778/4100/3842 3777/4099/3841 3768/4090/3832
f 3770/4092/3834 3779/4101/3843 3778/4100/3842 3769/4091/3833
f 3771/4093/3835 3780/4102/3844 3779/4101/3843 3770/4092/3834
f 3772/4094/3836 3781/4103/3845 3780/4102/3844 3771/4093/3835
f 3774/4096/3838 3783/4105/3847 3782/4104/3846 3773/4095/3837
f 3775/4097/3839 3784/4106/3848 3783/4105/3847 3774/4096/3838
f 3776/4098/3840 3785/4107/3849 3784/4106/3848 3775/4097/3839
f 3777/4099/3841 3786/4108/3850 3785/4107/3849 3776/4098/3840
f 3778/4100/3842 3787/4109/3851 3786/4108/3850 3777/4099/3841
f 3779/4101/3843 3788/4110/3852 3787/4109/3851 3778/4100/3842
f 3780/4102/3844 3789/4111/3853 3788/4110/3852 3779/4101/3843
f 3781/4103/3845 3790/4112/3854 3789/4111/3853 3780/4102/3844
f 3783/4105/3847 3792/4114/3856 3791/4113/3855 3782/4104/3846
f 3784/4106/3848 3793/4115/3857 3792/4114/3856 3783/4105/3847
f 3785/4107/3849 3794/4116/3858 3793/4115/3857 3784/4106/3848
f 3786/4108/3850 3795/4117/3859 3794/4116/3858 3785/4107/3849
f 3787/4109/3851 3796/4118/3860 3795/4117/3859 3786/4108/3850
f 3788/4110/3852 3797/4119/3861 3796/4118/3860 3787/4109/3851
f 3789/4111/3853 3798/4120/3862 3797/4119/3861 3788/4110/3852
f 3790/4112/3854 3799/4121/3863 3798/4120/3862 3789/4111/3853
f 3792/4114/3856 3801/4123/3865 3800/4122/3864 3791/4113/3855
f 3793/4115/3857 3802/4124/3866 3801/4123/3865 3792/4114/3856
f 3794/4116/3858 3803/4125/3867 3802/4124/3866 3793/4115/3857
f 3795/4117/3859 3804/4126/3868 3803/4125/3867 3794/4116/3858
f 3796/4118/3860 3805/4127/3869 3804/4126/3868 3795/4117/3859
f 3797/4119/3861 3806/4128/3870 3805/4127/3869 3796/4118/3860
f 3798/4120/3862 3807/4129/3871 3806/4128/3870 3797/4119/3861
f 3799/4121/3863 3808/4130/3872 3807/4129/3871 3798/4120/3862
f 3801/4123/3865 3810/4132/3874 3809/4131/3873 3800/4122/3864
f 3802/4124/3866 3811/4133/3875 3810/4132/3874 3801/4123/3865
f 3803/4125/3867 3812/4134/3876 3811/4133/3875 3802/4124/3866
f 3804/4126/3868 3813/4135/3877 3812/4134/3876 3803/4125/3867
f 3805/4127/3869 3814/4136/3878 3813/4135/3877 3804/4126/3868
f 3806/4128/3870 3815/4137/3879 3814/4136/3878 3805/4127/3869
f 3807/4129/3871 3816/4138/3880 3815/4137/3879 3806/4128/3870
f 3808/4130/3872 3817/4139/3881 3816/4138/3880 3807/4129/3871
f 3810/4132/3874 3819/4141/3883 3818/4140/3882 3809/4131/3873
f 3811/4133/3875 3820/4142/3884 3819/4141/3883 3810/4132/3874
f 3812/4134/3876 3821/4143/3885 3820/4142/3884 3811/4133/3875
f 3813/4135/3877 3822/4144/3886 3821/4143/3885 3812/4134/3876
f 3814/4136/3878 3823/4145/3887 3822/4144/3886 3813/4135/3877
f 3815/4137/3879 3824/4146/3888 3823/4145/3887 3814/4136/3878
f 3816/4138/3880 3825/4147/3889 3824/4146/3888 3815/4137/3879
f 3817/4139/3881 3826/4148/3890 3825/4147/3889 3816/4138/3880
f 3627/3934/3676 3827/4149/3891 3763/4085/3827 3570/3869/3611
f 3628/3935/3677 3828/4150/3892 3827/4149/3891 3627/3934/3676
f 3629/3936/3678 3829/4151/3893 3828/4150/3892 3628/3935/3677
f 3630/3937/3679 3830/4152/3894 3829/4151/3893 3629/3936/3678
f 3631/3938/3680 3831/4153/3895 3830/4152/3894 3630/3937/3679
f 3632/3939/3681 3832/4154/3896 3831/4153/3895 3631/3938/3680
f 3633/3940/3682 3833/4155/3897 3832/4154/3896 3632/3939/3681
f 3634/3941/3683 3834/4156/3898 3833/4155/3897 3633/3940/3682
f 3827/4149/3891 3835/4157/3899 3772/4094/3836 3763/4085/3827
f 3828/4150/3892 3836/4158/3900 3835/4157/3899 3827/4149/3891
f 3829/4151/3893 3837/4159/3901 3836/4158/3900 3828/4150/3892
f 3830/4152/3894 3838/4160/3902 3837/4159/3901 3829/4151/3893
f 3831/4153/3895 3839/4161/3903 3838/4160/3902 3830/4152/3894
f 3832/4154/3896 3840/4162/3904 3839/4161/3903 3831/4153/3895
f 3833/4155/3897 3841/4163/3905 3840/4162/3904 3832/4154/3896
f 3834/4156/3898 3842/4164/3906 3841/4163/3905 3833/4155/3897
f 3835/4157/3899 3843/4165/3907 3781/4103/3845 3772/4094/3836
f 3836/4158/3900 3844/4166/3908 3843/4165/3907 3835/4157/3899
f 3837/4159/3901 3845/4167/3909 3844/4166/3908 3836/4158/3900
f 3838/4160/3902 3846/4168/3910 3845/4167/3909 3837/4159/3901
f 3839/4161/3903 3847/4169/3911 3846/4168/3910 3838/4160/3902
f 3840/4162/3904 3848/4170/3912 3847/4169/3911 3839/4161/3903
f 3841/4163/3905 3849/4171/3913 3848/4170/3912 3840/4162/3904
f 3842/4164/3906 3850/4172/3914 3849/4171/3913 3841/4163/3905
f 3843/4165/3907 3851/4173/3915 3790/4112/3854 3781/4103/3845
f 3844/4166/3908 3852/4174/3916 3851/4173/3915 3843/4165/3907
f 3845/4167/3909 3853/4175/3917 3852/4174/3916 3844/4166/3908
f 3846/4168/3910 3854/4176/3918 3853/4175/3917 3845/4167/3909
f 3847/4169/3911 3855/4177/3919 3854/4176/3918 3846/4168/3910
f 3848/4170/3912 3856/4178/3920 3855/4177/3919 3847/4169/3911
f 3849/4171/3913 3857/4179/3921 3856/4178/3920 3848/4170/3912
f 3850/4172/3914 3858/4180/3922 3857/4179/3921 3849/4171/3913
f 3851/4173/3915 3859/4181/3923 3799/4121/3863 3790/4112/3854
f 3852/4174/3916 3860/4182/3924 3859/4181/3923 3851/4173/3915
f 3853/4175/3917 3861/4183/3925 3860/4182/3924 3852/4174/3916
f 3854/4176/3918 3862/4184/3926 3861/4183/3925 3853/4175/3917
f 3855/4177/3919 3863/4185/3927 3862/4184/3926 3854/4176/3918
f 3856/4178/3920 3864/4186/3928 3863/4185/3927 3855/4177/3919
f 3857/4179/3921 3865/4187/3929 3864/4186/3928 3856/4178/3920
f 3858/4180/3922 3866/4188/3930 3865/4187/3929 3857/4179/3921
f 3859/4181/3923 3867/4189/3931 3808/4130/3872 3799/4121/3863
f 3860/4182/3924 3868/4190/3932 3867/4189/3931 3859/4181/3923
f 3861/4183/3925 3869/4191/3933 3868/4190/3932 3860/4182/3924
f 3862/4184/3926 3870/4192/3934 3869/4191/3933 3861/4183/3925
f 3863/4185/3927 3871/4193/3935 3870/4192/3934 3862/4184/3926
f 3864/4186/3928 3872/4194/3936 3871/4193/3935 3863/4185/3927
f 3865/4187/3929 3873/4195/3937 3872/4194/3936 3864/4186/3928
f 3866/4188/3930 3874/4196/3938 3873/4195/3937 3865/4187/3929
f 3867/4189/3931 3875/4197/3939 3817/4139/3881 3808/4130/3872
f 3868/4190/3932 3876/4198/3940 3875/4197/3939 3867/4189/3931
f 3869/4191/3933 3877/4199/3941 3876/4198/3940 3868/4190/3932
f 3870/4192/3934 3878/4200/3942 3877/4199/3941 3869/4191/3933
f 3871/4193/3935 3879/4201/3943 3878/4200/3942 3870/4192/3934
f 3872/4194/3936 3880/4202/3944 3879/4201/3943 3871/4193/3935
f 3873/4195/3937 3881/4203/3945 3880/4202/3944 3872/4194/3936
f 3874/4196/3938 3882/4204/3946 3881/4203/3945 3873/4195/3937
f 3875/4197/3939 3883/4205/3947 3826/4148/3890 3817/4139/3881
f 3876/4198/3940 3884/4206/3948 3883/4205/3947 3875/4197/3939
f 3877/4199/3941 3885/4207/3949 3884/4206/3948 3876/4198/3940
f 3878/4200/3942 3886/4208/3950 3885/4207/3949 3877/4199/3941
f 3879/4201/3943 3887/4209/3951 3886/4208/3950 3878/4200/3942
f 3880/4202/3944 3888/4210/3952 3887/4209/3951 3879/4201/3943
f 3881/4203/3945 3889/4211/3953 3888/4210/3952 3880/4202/3944
f 3882/4204/3946 3890/4212/3954 3889/4211/3953 3881/4203/3945
f 3891/4213/3955 3892/4214/3956 3692/4007/3749 3691/4006/3748
f 3892/4214/3956 3893/4215/3957 3693/4008/3750 3692/4007/3749
f 3893/4215/3957 3894/4216/3958 3694/4009/3751 3693/4008/3750
f 3894/4216/3958 3895/4217/3959 3695/4010/3752 3694/4009/3751
f 3895/4217/3959 3896/4218/3960 3696/4011/3753 3695/4010/3752
f 3896/4218/3960 3897/4219/3961 3697/4012/3754 3696/4011/3753
f 3897/4219/3961 3898/4220/3962 3698/4013/3755 3697/4012/3754
f 3898/4220/3962 3834/4156/3898 3634/3941/3683 3698/4013/3755
f 3899/4221/3963 3900/4222/3964 3892/4214/3956 3891/4213/3955
f 3900/4222/3964 3901/4223/3965 3893/4215/3957 3892/4214/3956
f 3901/4223/3965 3902/4224/3966 3894/4216/3958 3893/4215/3957
f 3902/4224/3966 3903/4225/3967 3895/4217/3959 3894/4216/3958
f 3903/4225/3967 3904/4226/3968 3896/4218/3960 3895/4217/3959
f 3904/4226/3968 3905/4227/3969 3897/4219/3961 3896/4218/3960
f 3905/4227/3969 3906/4228/3970 3898/4220/3962 3897/4219/3961
f 3906/4228/3970 3842/4164/3906 3834/4156/3898 3898/4220/3962
f 3907/4229/3971 3908/4230/3972 3900/4222/3964 3899/4221/3963
f 3908/4230/3972 3909/4231/3973 3901/4223/3965 3900/4222/3964
f 3909/4231/3973 3910/4232/3974 3902/4224/3966 3901/4223/3965
f 3910/4232/3974 3911/4233/3975 3903/4225/3967 3902/4224/3966
f 3911/4233/3975 3912/4234/3976 3904/4226/3968 3903/4225/3967
f 3912/4234/3976 3913/4235/3977 3905/4227/3969 3904/4226/3968
f 3913/4235/3977 3914/4236/3978 3906/4228/3970 3905/4227/3969
f 3914/4236/3978 3850/4172/3914 3842/4164/3906 3906/4228/3970
f 3915/4237/3979 3916/4238/3980 3908/4230/3972 3907/4229/3971
f 3916/4238/3980 3917/4239/3981 3909/4231/3973 3908/4230/3972
f 3917/4239/3981 3918/4240/3982 3910/4232/3974 3909/4231/3973
f 3918/4240/3982 3919/4241/3983 3911/4233/3975 3910/4232/3974
f 3919/4241/3983 3920/4242/3984 3912/4234/3976 3911/4233/3975
f 3920/4242/3984 3921/4243/3985 3913/4235/3977 3912/4234/3976
f 3921/4243/3985 3922/4244/3986 3914/4236/3978 3913/4235/3977
f 3922/4244/3986 3858/4180/3922 3850/4172/3914 3914/4236/3978
f 3923/4245/3987 3924/4246/3988 3916/4238/3980 3915/4237/3979
f 3924/4246/3988 3925/4247/3989 3917/4239/3981 3916/4238/3980
f 3925/4247/3989 3926/4248/3990 3918/4240/3982 3917/4239/3981
f 3926/4248/3990 3927/4249/3991 3919/4241/3983 3918/4240/3982
f 3927/4249/3991 3928/4250/3992 3920/4242/3984 3919/4241/3983
f 3928/4250/3992 3929/4251/3993 3921/4243/3985 3920/4242/3984
f 3929/4251/3993 3930/4252/3994 3922/4244/3986 3921/4243/3985
f 3930/4252/3994 3866/4188/3930 3858/4180/3922 3922/4244/3986
f 3931/4253/3995 3932/4254/3996 3924/4246/3988 3923/4245/3987
f 3932/4254/3996 3933/4255/3997 3925/4247/3989 3924/4246/3988
f 3933/4255/3997 3934/4256/3998 3926/4248/3990 3925/4247/3989
f 3934/4256/3998 3935/4257/3999 3927/4249/3991 3926/4248/3990
f 3935/4257/3999 3936/4258/4000 3928/4250/3992 3927/4249/3991
f 3936/4258/4000 3937/4259/4001 3929/4251/3993 3928/4250/3992
f 3937/4259/4001 3938/4260/4002 3930/4252/3994 3929/4251/3993
f 3938/4260/4002 3874/4196/3938 3866/4188/3930 3930/4252/3994
f 3939/4261/4003 3940/4262/4004 3932/4254/3996 3931/4253/3995
f 3940/4262/4004 3941/4263/4005 3933/4255/3997 3932/4254/3996
f 3941/4263/4005 3942/4264/4006 3934/4256/3998 3933/4255/3997
f 3942/4264/4006 3943/4265/4007 3935/4257/3999 3934/4256/3998
f 3943/4265/4007 3944/4266/4008 3936/4258/4000 3935/4257/3999
f 3944/4266/4008 3945/4267/4009 3937/4259/4001 3936/4258/4000
f 3945/4267/4009 3946/4268/4010 3938/4260/4002 3937/4259/4001
f 3946/4268/4010 3882/4204/3946 3874/4196/3938 3938/4260/4002
f 3947/4269/4011 3948/4270/4012 3940/4262/4004 3939/4261/4003
f 3948/4270/4012 3949/4271/4013 3941/4263/4005 3940/4262/4004
f 3949/4271/4013 3950/4272/4014 3942/4264/4006 3941/4263/4005
f 3950/4272/4014 3951/4273/4015 3943/4265/4007 3942/4264/4006
f 3951/4273/4015 3952/4274/4016 3944/4266/4008 3943/4265/4007
f 3952/4274/4016 3953/4275/4017 3945/4267/4009 3944/4266/4008
f 3953/4275/4017 3954/4276/4018 3946/4268/4010 3945/4267/4009
f 3954/4276/4018 3890/4212/3954 3882/4204/3946 3946/4268/4010
f 3755/4077/3819 3955/4277/4019 3748/4070/3812 3562/3861/3603
f 3955/4277/4019 3956/4278/4020 3749/4071/3813 3748/4070/3812
f 3956/4278/4020 3957/4279/4021 3750/4072/3814 3749/4071/3813
f 3957/4279/4021 3958/4280/4022 3751/4073/3815 3750/4072/3814
f 3958/4280/4022 3959/4281/4023 3752/4074/3816 3751/4073/3815
f 3959/4281/4023 3960/4282/4024 3753/4075/3817 3752/4074/3816
f 3960/4282/4024 3961/4283/4025 3754/4076/3818 3753/4075/3817
f 3961/4283/4025 3891/4213/3955 3691/4006/3748 3754/4076/3818
f 3764/4086/3828 3962/4284/4026 3955/4277/4019 3755/4077/3819
f 3962/4284/4026 3963/4285/4027 3956/4278/4020 3955/4277/4019
f 3963/4285/4027 3964/4286/4028 3957/4279/4021 3956/4278/4020
f 3964/4286/4028 3965/4287/4029 3958/4280/4022 3957/4279/4021
f 3965/4287/4029 3966/4288/4030 3959/4281/4023 3958/4280/4022
f 3966/4288/4030 3967/4289/4031 3960/4282/4024 3959/4281/4023
f 3967/4289/4031 3968/4290/4032 3961/4283/4025 3960/4282/4024
f 3968/4290/4032 3899/4221/3963 3891/4213/3955 3961/4283/4025
f 3773/4095/3837 3969/4291/4033 3962/4284/4026 3764/4086/3828
f 3969/4291/4033 3970/4292/4034 3963/4285/4027 3962/4284/4026
f 3970/4292/4034 3971/4293/4035 3964/4286/4028 3963/4285/4027
f 3971/4293/4035 3972/4294/4036 3965/4287/4029 3964/4286/4028
f 3972/4294/4036 3973/4295/4037 3966/4288/4030 3965/4287/4029
f 3973/4295/4037 3974/4296/4038 3967/4289/4031 3966/4288/4030
f 3974/4296/4038 3975/4297/4039 3968/4290/4032 3967/4289/4031
f 3975/4297/4039 3907/4229/3971 3899/4221/3963 3968/4290/4032
f 3782/4104/3846 3976/4298/4040 3969/4291/4033 3773/4095/3837
f 3976/4298/4040 3977/4299/4041 3970/4292/4034 3969/4291/4033
f 3977/4299/4041 3978/4300/4042 3971/4293/4035 3970/4292/4034
f 3978/4300/4042 3979/4301/4043 3972/4294/4036 3971/4293/4035
f 3979/4301/4043 3980/4302/4044 3973/4295/4037 3972/4294/4036
f 3980/4302/4044 3981/4303/4045 3974/4296/4038 3973/4295/4037
f 3981/4303/4045 3982/4304/4046 3975/4297/4039 3974/4296/4038
f 3982/4304/4046 3915/4237/3979 3907/4229/3971 3975/4297/4039
f 3791/4113/3855 3983/4305/4047 3976/4298/4040 3782/4104/3846
f 3983/4305/4047 3984/4306/4048 3977/4299/4041 3976/4298/4040
f 3984/4306/4048 3985/4307/4049 3978/4300/4042 3977/4299/4041
f 3985/4307/4049 3986/4308/4050 3979/4301/4043 3978/4300/4042
f 3986/4308/4050 3987/4309/4051 3980/4302/4044 3979/4301/4043
f 3987/4309/4051 3988/4310/4052 3981/4303/4045 3980/4302/4044
f 3988/4310/4052 3989/4311/4053 3982/4304/4046 3981/4303/4045
f 3989/4311/4053 3923/4245/3987 3915/4237/3979 3982/4304/4046
f 3800/4122/3864 3990/4312/4054 3983/4305/4047 3791/4113/3855
f 3990/4312/4054 3991/4313/4055 3984/4306/4048 3983/4305/4047
f 3991/4313/4055 3992/4314/4056 3985/4307/4049 3984/4306/4048
f 3992/4314/4056 3993/4315/4057 3986/4308/4050 3985/4307/4049
f 3993/4315/4057 3994/4316/4058 3987/4309/4051 3986/4308/4050
f 3994/4316/4058 3995/4317/4059 3988/4310/4052 3987/4309/4051
f 3995/4317/4059 3996/4318/4060 3989/4311/4053 3988/4310/4052
f 3996/4318/4060 3931/4253/3995 3923/4245/3987 3989/4311/4053
f 3809/4131/3873 3997/4319/4061 3990/4312/4054 3800/4122/3864
f 3997/4319/4061 3998/4320/4062 3991/4313/4055 3990/4312/4054
f 3998/4320/4062 3999/4321/4063 3992/4314/4056 3991/4313/4055
f 3999/4321/4063 4000/4322/4064 3993/4315/4057 3992/4314/4056
f 4000/4322/4064 4001/4323/4065 3994/4316/4058 3993/4315/4057
f 4001/4323/4065 4002/4324/4066 3995/4317/4059 3994/4316/4058
f 4002/4324/4066 4003/4325/4067 3996/4318/4060 3995/4317/4059
f 4003/4325/4067 3939/4261/4003 3931/4253/3995 3996/4318/4060
f 3818/4140/3882 4004/4326/4068 3997/4319/4061 3809/4131/3873
f 4004/4326/4068 4005/4327/4069 3998/4320/4062 3997/4319/4061
f 4005/4327/4069 4006/4328/4070 3999/4321/4063 3998/4320/4062
f 4006/4328/4070 4007/4329/4071 4000/4322/4064 3999/4321/4063
f 4007/4329/4071 4008/4330/4072 4001/4323/4065 4000/4322/4064
f 4008/4330/4072 4009/4331/4073 4002/4324/4066 4001/4323/4065
f 4009/4331/4073 4010/4332/4074 4003/4325/4067 4002/4324/4066
f 4010/4332/4074 3947/4269/4011 3939/4261/4003 4003/4325/4067
f 3819/4141/3883 4012/4334/4076 4011/4333/4075 3818/4140/3882
f 3820/4142/3884 4013/4335/4077 4012/4334/4076 3819/4141/3883
f 3821/4143/3885 4014/4336/4078 4013/4335/4077 3820/4142/3884
f 3822/4144/3886 4015/4337/4079 4014/4336/4078 3821/4143/3885
f 3823/4145/3887 4016/4338/4080 4015/4337/4079 3822/4144/3886
f 3824/4146/3888 4017/4339/4081 4016/4338/4080 3823/4145/3887
f 3825/4147/3889 4018/4340/4082 4017/4339/4081 3824/4146/3888
f 3826/4148/3890 4019/4341/4083 4018/4340/4082 3825/4147/3889
f 4012/4334/4076 4021/4343/4085 4020/4342/4084 4011/4333/4075
f 4013/4335/4077 4022/4344/4086 4021/4343/4085 4012/4334/4076
f 4014/4336/4078 4023/4345/4087 4022/4344/4086 4013/4335/4077
f 4015/4337/4079 4024/4346/4088 4023/4345/4087 4014/4336/4078
f 4016/4338/4080 4025/4347/4089 4024/4346/4088 4015/4337/4079
f 4017/4339/4081 4026/4348/4090 4025/4347/4089 4016/4338/4080
f 4018/4340/4082 4027/4349/4091 4026/4348/4090 4017/4339/4081
f 4019/4341/4083 4028/4350/4092 4027/4349/4091 4018/4340/4082
f 4021/4343/4085 4030/4352/4094 4029/4351/4093 4020/4342/4084
f 4022/4344/4086 4031/4353/4095 4030/4352/4094 4021/4343/4085
f 4023/4345/4087 4032/4354/4096 4031/4353/4095 4022/4344/4086
f 4024/4346/4088 4033/4355/4097 4032/4354/4096 4023/4345/4087
f 4025/4347/4089 4034/4356/4098 4033/4355/4097 4024/4346/4088
f 4026/4348/4090 4035/4357/4099 4034/4356/4098 4025/4347/4089
f 4027/4349/4091 4036/4358/4100 4035/4357/4099 4026/4348/4090
f 4028/4350/4092 4037/4359/4101 4036/4358/4100 4027/4349/4091
f 4030/4352/4094 4039/4361/4103 4038/4360/4102 4029/4351/4093
f 4031/4353/4095 4040/4362/4104 4039/4361/4103 4030/4352/4094
f 4032/4354/4096 4041/4363/4105 4040/4362/4104 4031/4353/4095
f 4033/4355/4097 4042/4364/4106 4041/4363/4105 4032/4354/4096
f 4034/4356/4098 4043/4365/4107 4042/4364/4106 4033/4355/4097
f 4035/4357/4099 4044/4366/4108 4043/4365/4107 4034/4356/4098
f 4036/4358/4100 4045/4367/4109 4044/4366/4108 4035/4357/4099
f 4037/4359/4101 4046/4368/4110 4045/4367/4109 4036/4358/4100
f 4039/4361/4103 4048/4370/4112 4047/4369/4111 4038/4360/4102
f 4040/4362/4104 4049/4371/4113 4048/4370/4112 4039/4361/4103
f 4041/4363/4105 4050/4372/4114 4049/4371/4113 4040/4362/4104
f 4042/4364/4106 4051/4373/4115 4050/4372/4114 4041/4363/4105
f 4043/4365/4107 4052/4374/4116 4051/4373/4115 4042/4364/4106
f 4044/4366/4108 4053/4375/4117 4052/4374/4116 4043/4365/4107
f 4045/4367/4109 4054/4376/4118 4053/4375/4117 4044/4366/4108
f 4046/4368/4110 4055/4377/4119 4054/4376/4118 4045/4367/4109
f 4048/4370/4112 4057/4379/4121 4056/4378/4120 4047/4369/4111
f 4049/4371/4113 4058/4380/4122 4057/4379/4121 4048/4370/4112
f 4050/4372/4114 4059/4381/4123 4058/4380/4122 4049/4371/4113
f 4051/4373/4115 4060/4382/4124 4059/4381/4123 4050/4372/4114
f 4052/4374/4116 4061/4383/4125 4060/4382/4124 4051/4373/4115
f 4053/4375/4117 4062/4384/4126 4061/4383/4125 4052/4374/4116
f 4054/4376/4118 4063/4385/4127 4062/4384/4126 4053/4375/4117
f 4055/4377/4119 4064/4386/4128 4063/4385/4127 4054/4376/4118
f 4057/4379/4121 4066/4388/4130 4065/4387/4129 4056/4378/4120
f 4058/4380/4122 4067/4389/4131 4066/4388/4130 4057/4379/4121
f 4059/4381/4123 4068/4390/4132 4067/4389/4131 4058/4380/4122
f 4060/4382/4124 4069/4391/4133 4068/4390/4132 4059/4381/4123
f 4061/4383/4125 4070/4392/4134 4069/4391/4133 4060/4382/4124
f 4062/4384/4126 4071/4393/4135 4070/4392/4134 4061/4383/4125
f 4063/4385/4127 4072/4394/4136 4071/4393/4135 4062/4384/4126
f 4064/4386/4128 4073/4395/4137 4072/4394/4136 4063/4385/4127
f 4066/4388/4130 4074/4396/4138 4065/4387/4129
f 4067/4389/4131 4074/4396/4138 4066/4388/4130
f 4068/4390/4132 4074/4396/4138 4067/4389/4131
f 4069/4391/4133 4074/4396/4138 4068/4390/4132
f 4070/4392/4134 4074/4396/4138 4069/4391/4133
f 4071/4393/4135 4074/4396/4138 4070/4392/4134
f 4072/4394/4136 4074/4396/4138 4071/4393/4135
f 4073/4395/4137 4074/4396/4138 4072/4394/4136
f 3883/4205/3947 4075/4397/4139 4019/4341/4083 3826/4148/3890
f 3884/4206/3948 4076/4398/4140 4075/4397/4139 3883/4205/3947
f 3885/4207/3949 4077/4399/4141 4076/4398/4140 3884/4206/3948
f 3886/4208/3950 4078/4400/4142 4077/4399/4141 3885/4207/3949
f 3887/4209/3951 4079/4401/4143 4078/4400/4142 3886/4208/3950
f 3888/4210/3952 4080/4402/4144 4079/4401/4143 3887/4209/3951
f 3889/4211/3953 4081/4403/4145 4080/4402/4144 3888/4210/3952
f 3890/4212/3954 4082/4404/4146 4081/4403/4145 3889/4211/3953
f 4075/4397/4139 4083/4405/4147 4028/4350/4092 4019/4341/4083
f 4076/4398/4140 4084/4406/4148 4083/4405/4147 4075/4397/4139
f 4077/4399/4141 4085/4407/4149 4084/4406/4148 4076/4398/4140
f 4078/4400/4142 4086/4408/4150 4085/4407/4149 4077/4399/4141
f 4079/4401/4143 4087/4409/4151 4086/4408/4150 4078/4400/4142
f 4080/4402/4144 4088/4410/4152 4087/4409/4151 4079/4401/4143
f 4081/4403/4145 4089/4411/4153 4088/4410/4152 4080/4402/4144
f 4082/4404/4146 4090/4412/4154 4089/4411/4153 4081/4403/4145
f 4083/4405/4147 4091/4413/4155 4037/4359/4101 4028/4350/4092
f 4084/4406/4148 4092/4414/4156 4091/4413/4155 4083/4405/4147
f 4085/4407/4149 4093/4415/4157 4092/4414/4156 4084/4406/4148
f 4086/4408/4150 4094/4416/4158 4093/4415/4157 4085/4407/4149
f 4087/4409/4151 4095/4417/4159 4094/4416/4158 4086/4408/4150
f 4088/4410/4152 4096/4418/4160 4095/4417/4159 4087/4409/4151
f 4089/4411/4153 4097/4419/4161 4096/4418/4160 4088/4410/4152
f 4090/4412/4154 4098/4420/4162 4097/4419/4161 4089/4411/4153
f 4091/4413/4155 4099/4421/4163 4046/4368/4110 4037/4359/4101
f 4092/4414/4156 4100/4422/4164 4099/4421/4163 4091/4413/4155
f 4093/4415/4157 4101/4423/4165 4100/4422/4164 4092/4414/4156
f 4094/4416/4158 4102/4424/4166 4101/4423/4165 4093/4415/4157
f 4095/4417/4159 4103/4425/4167 4102/4424/4166 4094/4416/4158
f 4096/4418/4160 4104/4426/4168 4103/4425/4167 4095/4417/4159
f 4097/4419/4161 4105/4427/4169 4104/4426/4168 4096/4418/4160
f 4098/4420/4162 4106/4428/4170 4105/4427/4169 4097/4419/4161
f 4099/4421/4163 4107/4429/4171 4055/4377/4119 4046/4368/4110
f 4100/4422/4164 4108/4430/4172 4107/4429/4171 4099/4421/4163
f 4101/4423/4165 4109/4431/4173 4108/4430/4172 4100/4422/4164
f 4102/4424/4166 4110/4432/4174 4109/4431/4173 4101/4423/4165
f 4103/4425/4167 4111/4433/4175 4110/4432/4174 4102/4424/4166
f 4104/4426/4168 4112/4434/4176 4111/4433/4175 4103/4425/4167
f 4105/4427/4169 4113/4435/4177 4112/4434/4176 4104/4426/4168
f 4106/4428/4170 4114/4436/4178 4113/4435/4177 4105/4427/4169
f 4107/4429/4171 4115/4437/4179 4064/4386/4128 4055/4377/4119
f 4108/4430/4172 4116/4438/4180 4115/4437/4179 4107/4429/4171
f 4109/4431/4173 4117/4439/4181 4116/4438/4180 4108/4430/4172
f 4110/4432/4174 4118/4440/4182 4117/4439/4181 4109/4431/4173
f 4111/4433/4175 4119/4441/4183 4118/4440/4182 4110/4432/4174
f 4112/4434/4176 4120/4442/4184 4119/4441/4183 4111/4433/4175
f 4113/4435/4177 4121/4443/4185 4120/4442/4184 4112/4434/4176
f 4114/4436/4178 4122/4444/4186 4121/4443/4185 4113/4435/4177
f 4115/4437/4179 4123/4445/4187 4073/4395/4137 4064/4386/4128
f 4116/4438/4180 4124/4446/4188 4123/4445/4187 4115/4437/4179
f 4117/4439/4181 4125/4447/4189 4124/4446/4188 4116/4438/4180
f 4118/4440/4182 4126/4448/4190 4125/4447/4189 4117/4439/4181
f 4119/4441/4183 4127/4449/4191 4126/4448/4190 4118/4440/4182
f 4120/4442/4184 4128/4450/4192 4127/4449/4191 4119/4441/4183
f 4121/4443/4185 4129/4451/4193 4128/4450/4192 4120/4442/4184
f 4122/4444/4186 4130/4452/4194 4129/4451/4193 4121/4443/4185
f 4123/4445/4187 4074/4396/4138 4073/4395/4137
f 4124/4446/4188 4074/4396/4138 4123/4445/4187
f 4125/4447/4189 4074/4396/4138 4124/4446/4188
f 4126/4448/4190 4074/4396/4138 4125/4447/4189
f 4127/4449/4191 4074/4396/4138 4126/4448/4190
f 4128/4450/4192 4074/4396/4138 4127/4449/4191
f 4129/4451/4193 4074/4396/4138 4128/4450/4192
f 4130/4452/4194 4074/4396/4138 4129/4451/4193
f 4131/4453/4195 4132/4454/4196 3948/4270/4012 3947/4269/4011
f 4132/4454/4196 4133/4455/4197 3949/4271/4013 3948/4270/4012
f 4133/4455/4197 4134/4456/4198 3950/4272/4014 3949/4271/4013
f 4134/4456/4198 4135/4457/4199 3951/4273/4015 3950/4272/4014
f 4135/4457/4199 4136/4458/4200 3952/4274/4016 3951/4273/4015
f 4136/4458/4200 4137/4459/4201 3953/4275/4017 3952/4274/4016
f 4137/4459/4201 4138/4460/4202 3954/4276/4018 3953/4275/4017
f 4138/4460/4202 4082/4404/4146 3890/4212/3954 3954/4276/4018
f 4139/4461/4203 4140/4462/4204 4132/4454/4196 4131/4453/4195
f 4140/4462/4204 4141/4463/4205 4133/4455/4197 4132/4454/4196
f 4141/4463/4205 4142/4464/4206 4134/4456/4198 4133/4455/4197
f 4142/4464/4206 4143/4465/4207 4135/4457/4199 4134/4456/4198
f 4143/4465/4207 4144/4466/4208 4136/4458/4200 4135/4457/4199
f 4144/4466/4208 4145/4467/4209 4137/4459/4201 4136/4458/4200
f 4145/4467/4209 4146/4468/4210 4138/4460/4202 4137/4459/4201
f 4146/4468/4210 4090/4412/4154 4082/4404/4146 4138/4460/4202
f 4147/4469/4211 4148/4470/4212 4140/4462/4204 4139/4461/4203
f 4148/4470/4212 4149/4471/4213 4141/4463/4205 4140/4462/4204
f 4149/4471/4213 4150/4472/4214 4142/4464/4206 4141/4463/4205
f 4150/4472/4214 4151/4473/4215 4143/4465/4207 4142/4464/4206
f 4151/4473/4215 4152/4474/4216 4144/4466/4208 4143/4465/4207
f 4152/4474/4216 4153/4475/4217 4145/4467/4209 4144/4466/4208
f 4153/4475/4217 4154/4476/4218 4146/4468/4210 4145/4467/4209
f 4154/4476/4218 4098/4420/4162 4090/4412/4154 4146/4468/4210
f 4155/4477/4219 4156/4478/4220 4148/4470/4212 4147/4469/4211
f 4156/4478/4220 4157/4479/4221 4149/4471/4213 4148/4470/4212
f 4157/4479/4221 4158/4480/4222 4150/4472/4214 4149/4471/4213
f 4158/4480/4222 4159/4481/4223 4151/4473/4215 4150/4472/4214
f 4159/4481/4223 4160/4482/4224 4152/4474/4216 4151/4473/4215
f 4160/4482/4224 4161/4483/4225 4153/4475/4217 4152/4474/4216
f 4161/4483/4225 4162/4484/4226 4154/4476/4218 4153/4475/4217
f 4162/4484/4226 4106/4428/4170 4098/4420/4162 4154/4476/4218
f 4163/4485/4227 4164/4486/4228 4156/4478/4220 4155/4477/4219
f 4164/4486/4228 4165/4487/4229 4157/4479/4221 4156/4478/4220
f 4165/4487/4229 4166/4488/4230 4158/4480/4222 4157/4479/4221
f 4166/4488/4230 4167/4489/4231 4159/4481/4223 4158/4480/4222
f 4167/4489/4231 4168/4490/4232 4160/4482/4224 4159/4481/4223
f 4168/4490/4232 4169/4491/4233 4161/4483/4225 4160/4482/4224
f 4169/4491/4233 4170/4492/4234 4162/4484/4226 4161/4483/4225
f 4170/4492/4234 4114/4436/4178 4106/4428/4170 4162/4484/4226
f 4171/4493/4235 4172/4494/4236 4164/4486/4228 4163/4485/4227
f 4172/4494/4236 4173/4495/4237 4165/4487/4229 4164/4486/4228
f 4173/4495/4237 4174/4496/4238 4166/4488/4230 4165/4487/4229
f 4174/4496/4238 4175/4497/4239 4167/4489/4231 4166/4488/4230
f 4175/4497/4239 4176/4498/4240 4168/4490/4232 4167/4489/4231
f 4176/4498/4240 4177/4499/4241 4169/4491/4233 4168/4490/4232
f 4177/4499/4241 4178/4500/4242 4170/4492/4234 4169/4491/4233
f 4178/4500/4242 4122/4444/4186 4114/4436/4178 4170/4492/4234
f 4179/4501/4243 4180/4502/4244 4172/4494/4236 4171/4493/4235
f 4180/4502/4244 4181/4503/4245 4173/4495/4237 4172/4494/4236
f 4181/4503/4245 4182/4504/4246 4174/4496/4238 4173/4495/4237
f 4182/4504/4246 4183/4505/4247 4175/4497/4239 4174/4496/4238
f 4183/4505/4247 4184/4506/4248 4176/4498/4240 4175/4497/4239
f 4184/4506/4248 4185/4507/4249 4177/4499/4241 4176/4498/4240
f 4185/4507/4249 4186/4508/4250 4178/4500/4242 4177/4499/4241
f 4186/4508/4250 4130/4452/4194 4122/4444/4186 4178/4500/4242
f 4179/4501/4243 4074/4396/4138 4180/4502/4244
f 4180/4502/4244 4074/4396/4138 4181/4503/4245
f 4181/4503/4245 4074/4396/4138 4182/4504/4246
f 4182/4504/4246 4074/4396/4138 4183/4505/4247
f 4183/4505/4247 4074/4396/4138 4184/4506/4248
f 4184/4506/4248 4074/4396/4138 4185/4507/4249
f 4185/4507/4249 4074/4396/4138 4186/4508/4250
f 4186/4508/4250 4074/4396/4138 4130/4452/4194
f 4011/4333/4075 4187/4509/4251 4004/4326/4068 3818/4140/3882
f 4187/4509/4251 4188/4510/4252 4005/4327/4069 4004/4326/4068
f 4188/4510/4252 4189/4511/4253 4006/4328/4070 4005/4327/4069
f 4189/4511/4253 4190/4512/4254 4007/4329/4071 4006/4328/4070
f 4190/4512/4254 4191/4513/4255 4008/4330/4072 4007/4329/4071
f 4191/4513/4255 4192/4514/4256 4009/4331/4073 4008/4330/4072
f 4192/4514/4256 4193/4515/4257 4010/4332/4074 4009/4331/4073
f 4193/4515/4257 4131/4453/4195 3947/4269/4011 4010/4332/4074
f 4020/4342/4084 4194/4516/4258 4187/4509/4251 4011/4333/4075
f 4194/4516/4258 4195/4517/4259 4188/4510/4252 4187/4509/4251
f 4195/4517/4259 4196/4518/4260 4189/4511/4253 4188/4510/4252
f 4196/4518/4260 4197/4519/4261 4190/4512/4254 4189/4511/4253
f 4197/4519/4261 4198/4520/4262 4191/4513/4255 4190/4512/4254
f 4198/4520/4262 4199/4521/4263 4192/4514/4256 4191/4513/4255
f 4199/4521/4263 4200/4522/4264 4193/4515/4257 4192/4514/4256
f 4200/4522/4264 4139/4461/4203 4131/4453/4195 4193/4515/4257
f 4029/4351/4093 4201/4523/4265 4194/4516/4258 4020/4342/4084
f 4201/4523/4265 4202/4524/4266 4195/4517/4259 4194/4516/4258
f 4202/4524/4266 4203/4525/4267 4196/4518/4260 4195/4517/4259
f 4203/4525/4267 4204/4526/4268 4197/4519/4261 4196/4518/4260
f 4204/4526/4268 4205/4527/4269 4198/4520/4262 4197/4519/4261
f 4205/4527/4269 4206/4528/4270 4199/4521/4263 4198/4520/4262
f 4206/4528/4270 4207/4529/4271 4200/4522/4264 4199/4521/4263
f 4207/4529/4271 4147/4469/4211 4139/4461/4203 4200/4522/4264
f 4038/4360/4102 4208/4530/4272 4201/4523/4265 4029/4351/4093
f 4208/4530/4272 4209/4531/4273 4202/4524/4266 4201/4523/4265
f 4209/4531/4273 4210/4532/4274 4203/4525/4267 4202/4524/4266
f 4210/4532/4274 4211/4533/4275 4204/4526/4268 4203/4525/4267
f 4211/4533/4275 4212/4534/4276 4205/4527/4269 4204/4526/4268
f 4212/4534/4276 4213/4535/4277 4206/4528/4270 4205/4527/4269
f 4213/4535/4277 4214/4536/4278 4207/4529/4271 4206/4528/4270
f 4214/4536/4278 4155/4477/4219 4147/4469/4211 4207/4529/4271
f 4047/4369/4111 4215/4537/4279 4208/4530/4272 4038/4360/4102
f 4215/4537/4279 4216/4538/4280 4209/4531/4273 4208/4530/4272
f 4216/4538/4280 4217/4539/4281 4210/4532/4274 4209/4531/4273
f 4217/4539/4281 4218/4540/4282 4211/4533/4275 4210/4532/4274
f 4218/4540/4282 4219/4541/4283 4212/4534/4276 4211/4533/4275
f 4219/4541/4283 4220/4542/4284 4213/4535/4277 4212/4534/4276
f 4220/4542/4284 4221/4543/4285 4214/4536/4278 4213/4535/4277
f 4221/4543/4285 4163/4485/4227 4155/4477/4219 4214/4536/4278
f 4056/4378/4120 4222/4544/4286 4215/4537/4279 4047/4369/4111
f 4222/4544/4286 4223/4545/4287 4216/4538/4280 4215/4537/4279
f 4223/4545/4287 4224/4546/4288 4217/4539/4281 4216/4538/4280
f 4224/4546/4288 4225/4547/4289 4218/4540/4282 4217/4539/4281
f 4225/4547/4289 4226/4548/4290 4219/4541/4283 4218/4540/4282
f 4226/4548/4290 4227/4549/4291 4220/4542/4284 4219/4541/4283
f 4227/4549/4291 4228/4550/4292 4221/4543/4285 4220/4542/4284
f 4228/4550/4292 4171/4493/4235 4163/4485/4227 4221/4543/4285
f 4065/4387/4129 4229/4551/4293 4222/4544/4286 4056/4378/4120
f 4229/4551/4293 4230/4552/4294 4223/4545/4287 4222/4544/4286
f 4230/4552/4294 4231/4553/4295 4224/4546/4288 4223/4545/4287
f 4231/4553/4295 4232/4554/4296 4225/4547/4289 4224/4546/4288
f 4232/4554/4296 4233/4555/4297 4226/4548/4290 4225/4547/4289
f 4233/4555/4297 4234/4556/4298 4227/4549/4291 4226/4548/4290
f 4234/4556/4298 4235/4557/4299 4228/4550/4292 4227/4549/4291
f 4235/4557/4299 4179/4501/4243 4171/4493/4235 4228/4550/4292
f 4065/4387/4129 4074/4396/4138 4229/4551/4293
f 4229/4551/4293 4074/4396/4138 4230/4552/4294
f 4230/4552/4294 4074/4396/4138 4231/4553/4295
f 4231/4553/4295 4074/4396/4138 4232/4554/4296
f 4232/4554/4296 4074/4396/4138 4233/4555/4297
f 4233/4555/4297 4074/4396/4138 4234/4556/4298
f 4234/4556/4298 4074/4396/4138 4235/4557/4299
f 4235/4557/4299 4074/4396/4138 4179/4501/4243
